utility,state,name,type,voltage_kv,in_service,lat,lng,approximate,requires_review,confidence,location_ref,source_file,source_url,source_page,raw_excerpt
Alabama Creek Solar,AL,"Alabama Creek Solar (Solar Photovoltaic, 80 MW)",generation,,2027-10,32.315548,-87.22312,False,False,1.0,"Alabama Creek Solar, Dallas County, AL",eia860m_august_generator2026.xlsx,https://www.eia.gov/electricity/data/eia860m/xls/august_generator2026.xlsx,2,"EIA-860M Planned sheet, row(s) 1091. Plant 68057 Alabama Creek Solar (Alabama Creek Solar, LLC), Dallas County, AL; balancing authority SOCO. Planned operation 2027-10.
Generator BAMA1: 80 MW Solar Photovoltaic; (T) Regulatory approvals received. Not under construction"
Crawfish Creek Energy Storage,AL,"Crawfish Creek Energy Storage (Batteries, 200 MW)",generation,,2029-06,34.83057,-85.66845,False,False,1.0,"Crawfish Creek Energy Storage, Jackson County, AL",eia860m_august_generator2026.xlsx,https://www.eia.gov/electricity/data/eia860m/xls/august_generator2026.xlsx,2,"EIA-860M Planned sheet, row(s) 1935. Plant 70138 Crawfish Creek Energy Storage (Crawfish Creek Energy Storage LLC), Jackson County, AL; balancing authority TVA. Planned operation 2029-06.
Generator CRAW1: 200 MW Batteries; (T) Regulatory approvals received. Not under construction"
Dega Bn,AL,"Dega Solar and Storage (Batteries, Solar Photovoltaic, 400 MW)",generation,,2029-12,33.537201,-86.0855,False,False,1.0,"Dega Solar and Storage, Talladega County, AL",eia860m_august_generator2026.xlsx,https://www.eia.gov/electricity/data/eia860m/xls/august_generator2026.xlsx,2,"EIA-860M Planned sheet, row(s) 2029, 2030. Plant 68332 Dega Solar and Storage (DEGA bn, LLC), Talladega County, AL; balancing authority SOCO. Planned operation 2029-12.
Generator DEGA1: 200 MW Solar Photovoltaic; (L) Regulatory approvals pending. Not under construction
Generator DEGA2: 200 MW Batteries; (L) Regulatory approvals pending. Not under construction"
Foley Solar,AL,"Foley Solar, LLC (Solar Photovoltaic, 80 MW)",generation,,2026-10,30.377488,-87.72751,False,False,1.0,"Foley Solar, LLC, Baldwin County, AL",eia860m_august_generator2026.xlsx,https://www.eia.gov/electricity/data/eia860m/xls/august_generator2026.xlsx,2,"EIA-860M Planned sheet, row(s) 217. Plant 68002 Foley Solar, LLC (Foley Solar, LLC), Baldwin County, AL; balancing authority SOCO. Planned operation 2026-10.
Generator FOLEY: 80 MW Solar Photovoltaic; (TS) Construction complete, but not yet in commercial operation"
Urban Grid Solar,AL,"Hillsboro Solar 3 (Solar Photovoltaic, 200 MW)",generation,,2027-05,34.669883,-87.2332,False,False,1.0,"Hillsboro Solar 3, Lawrence County, AL",eia860m_august_generator2026.xlsx,https://www.eia.gov/electricity/data/eia860m/xls/august_generator2026.xlsx,2,"EIA-860M Planned sheet, row(s) 811. Plant 66852 Hillsboro Solar 3 (Urban Grid Solar), Lawrence County, AL; balancing authority TVA. Planned operation 2027-05.
Generator HILL3: 200 MW Solar Photovoltaic; (L) Regulatory approvals pending. Not under construction"
TVA,AL,"Lawrence County Solar (Solar Photovoltaic, 193 MW)",generation,,2027-12,34.63928,-87.25098,False,False,1.0,"Lawrence County Solar, Lawrence County, AL",eia860m_august_generator2026.xlsx,https://www.eia.gov/electricity/data/eia860m/xls/august_generator2026.xlsx,2,"EIA-860M Planned sheet, row(s) 1273. Plant 67233 Lawrence County Solar (Tennessee Valley Authority), Lawrence County, AL; balancing authority TVA. Planned operation 2027-12.
Generator SOL1: 193 MW Solar Photovoltaic; (P) Planned for installation, but regulatory approvals not initiated"
PowerSouth,AL,"Lowman Energy Center (Natural Gas Fired Combustion Turbine, 438 MW)",generation,,2029-11,31.488019,-87.91075,False,False,1.0,"Lowman Energy Center, Washington County, AL",eia860m_august_generator2026.xlsx,https://www.eia.gov/electricity/data/eia860m/xls/august_generator2026.xlsx,2,"EIA-860M Planned sheet, row(s) 1991. Plant 56 Lowman Energy Center (PowerSouth Energy Cooperative), Washington County, AL; balancing authority SOCO. Planned operation 2029-11.
Generator LEC3: 438 MW Natural Gas Fired Combustion Turbine; (L) Regulatory approvals pending. Not under construction"
Sr Bear Creek,AL,"SR Bear Creek (Solar Photovoltaic, 4.5 MW)",generation,,2027-12,34.275559,-87.70564,False,False,1.0,"SR Bear Creek, Marion County, AL",eia860m_august_generator2026.xlsx,https://www.eia.gov/electricity/data/eia860m/xls/august_generator2026.xlsx,2,"EIA-860M Planned sheet, row(s) 1306. Plant 68243 SR Bear Creek (SR Bear Creek, LLC), Marion County, AL; balancing authority SOCO. Planned operation 2027-12.
Generator BEAR: 4.5 MW Solar Photovoltaic; (T) Regulatory approvals received. Not under construction"
Sr Hope Hull,AL,"SR Hope Hull (Solar Photovoltaic, 80 MW)",generation,,2027-12,32.2555,-86.3194,False,False,1.0,"SR Hope Hull, Montgomery County, AL",eia860m_august_generator2026.xlsx,https://www.eia.gov/electricity/data/eia860m/xls/august_generator2026.xlsx,2,"EIA-860M Planned sheet, row(s) 1299. Plant 68104 SR Hope Hull (SR Hope Hull, LLC), Montgomery County, AL; balancing authority SOCO. Planned operation 2027-12.
Generator HPHUL: 80 MW Solar Photovoltaic; (T) Regulatory approvals received. Not under construction"
Sr Lott,AL,"SR Lott (Solar Photovoltaic, 8.3 MW)",generation,,2027-12,30.940181,-88.29926,False,False,1.0,"SR Lott, Mobile County, AL",eia860m_august_generator2026.xlsx,https://www.eia.gov/electricity/data/eia860m/xls/august_generator2026.xlsx,2,"EIA-860M Planned sheet, row(s) 1327. Plant 68558 SR Lott (SR Lott, LLC), Mobile County, AL; balancing authority SOCO. Planned operation 2027-12.
Generator LOTT: 8.3 MW Solar Photovoltaic; (T) Regulatory approvals received. Not under construction"
Sr Marion Junction,AL,"SR Marion Junction (Solar Photovoltaic, 15 MW)",generation,,2027-12,32.418685,-87.36171,False,False,1.0,"SR Marion Junction, Dallas County, AL",eia860m_august_generator2026.xlsx,https://www.eia.gov/electricity/data/eia860m/xls/august_generator2026.xlsx,2,"EIA-860M Planned sheet, row(s) 1328. Plant 68560 SR Marion Junction (SR Marion Junction, LLC), Dallas County, AL; balancing authority TVA. Planned operation 2027-12.
Generator MARJT: 15 MW Solar Photovoltaic; (T) Regulatory approvals received. Not under construction"
Sr Sipsey,AL,"SR Sipsey (Solar Photovoltaic, 10 MW)",generation,,2027-12,33.694556,-87.81805,False,False,1.0,"SR Sipsey, Fayette County, AL",eia860m_august_generator2026.xlsx,https://www.eia.gov/electricity/data/eia860m/xls/august_generator2026.xlsx,2,"EIA-860M Planned sheet, row(s) 1332. Plant 68566 SR Sipsey (SR Sipsey, LLC), Fayette County, AL; balancing authority TVA. Planned operation 2027-12.
Generator SIPSY: 10 MW Solar Photovoltaic; (T) Regulatory approvals received. Not under construction"
Urban Grid Solar,AL,"Spring Valley Solar 2 (Solar Photovoltaic, 200 MW)",generation,,2028-02,34.674983,-87.66373,False,False,1.0,"Spring Valley Solar 2, Colbert County, AL",eia860m_august_generator2026.xlsx,https://www.eia.gov/electricity/data/eia860m/xls/august_generator2026.xlsx,2,"EIA-860M Planned sheet, row(s) 1441. Plant 66858 Spring Valley Solar 2 (Urban Grid Solar), Colbert County, AL; balancing authority TVA. Planned operation 2028-02.
Generator SPRV2: 200 MW Solar Photovoltaic; (L) Regulatory approvals pending. Not under construction"
Florida Power & Light,FL,"Ambersweet (Solar Photovoltaic, 74.5 MW)",generation,,2027-04,27.567468,-80.62782,False,False,1.0,"Ambersweet, Indian River County, FL",eia860m_august_generator2026.xlsx,https://www.eia.gov/electricity/data/eia860m/xls/august_generator2026.xlsx,2,"EIA-860M Planned sheet, row(s) 769. Plant 68829 Ambersweet (Florida Power & Light Co), Indian River County, FL; balancing authority FPL. Planned operation 2027-04.
Generator 1: 74.5 MW Solar Photovoltaic; (U) Under construction, less than or equal to 50 percent complete"
Duke Energy Florida,FL,"Bailey Mill Solar (Solar Photovoltaic, 74.9 MW)",generation,,2026-09,30.409127,-83.93336,False,False,1.0,"Bailey Mill Solar, Jefferson County, FL",eia860m_august_generator2026.xlsx,https://www.eia.gov/electricity/data/eia860m/xls/august_generator2026.xlsx,2,"EIA-860M Planned sheet, row(s) 65. Plant 68052 Bailey Mill Solar (Duke Energy Florida, LLC), Jefferson County, FL; balancing authority FPC. Planned operation 2026-09.
Generator PV1: 74.9 MW Solar Photovoltaic; (V) Under construction, more than 50 percent complete"
Tampa Electric,FL,"Brewster Solar (Solar Photovoltaic, 40 MW)",generation,,2026-12,27.74188,-81.96187,False,False,1.0,"Brewster Solar, Polk County, FL",eia860m_august_generator2026.xlsx,https://www.eia.gov/electricity/data/eia860m/xls/august_generator2026.xlsx,2,"EIA-860M Planned sheet, row(s) 541. Plant 69522 Brewster Solar (Tampa Electric Co), Polk County, FL; balancing authority TEC. Planned operation 2026-12.
Generator 1: 40 MW Solar Photovoltaic; (U) Under construction, less than or equal to 50 percent complete"
Florida Power & Light,FL,"Catfish (Solar Photovoltaic, 74.5 MW)",generation,,2027-07,27.277731,-80.78854,False,False,1.0,"Catfish, Okeechobee County, FL",eia860m_august_generator2026.xlsx,https://www.eia.gov/electricity/data/eia860m/xls/august_generator2026.xlsx,2,"EIA-860M Planned sheet, row(s) 934. Plant 68830 Catfish (Florida Power & Light Co), Okeechobee County, FL; balancing authority FPL. Planned operation 2027-07.
Generator 1: 74.5 MW Solar Photovoltaic; (U) Under construction, less than or equal to 50 percent complete"
CVSO,FL,"Caverns Solar (Solar Photovoltaic, 75 MW)",generation,,2029-12,30.871983,-85.29425,False,False,1.0,"Caverns Solar, Jackson County, FL",eia860m_august_generator2026.xlsx,https://www.eia.gov/electricity/data/eia860m/xls/august_generator2026.xlsx,2,"EIA-860M Planned sheet, row(s) 2028. Plant 68331 Caverns Solar (CVSO, LLC), Jackson County, FL; balancing authority FPL. Planned operation 2029-12.
Generator CVSO: 75 MW Solar Photovoltaic; (L) Regulatory approvals pending. Not under construction"
Florida Power & Light,FL,"Cocoplum (Solar Photovoltaic, 74.5 MW)",generation,,2027-07,26.762027,-81.1907,False,False,1.0,"Cocoplum, Hendry County, FL",eia860m_august_generator2026.xlsx,https://www.eia.gov/electricity/data/eia860m/xls/august_generator2026.xlsx,2,"EIA-860M Planned sheet, row(s) 935. Plant 68831 Cocoplum (Florida Power & Light Co), Hendry County, FL; balancing authority FPL. Planned operation 2027-07.
Generator 1: 74.5 MW Solar Photovoltaic; (U) Under construction, less than or equal to 50 percent complete"
Florida Power & Light,FL,"County Line (Solar Photovoltaic, 74.5 MW)",generation,,2027-04,27.110556,-81.80083,False,False,1.0,"County Line, DeSoto County, FL",eia860m_august_generator2026.xlsx,https://www.eia.gov/electricity/data/eia860m/xls/august_generator2026.xlsx,2,"EIA-860M Planned sheet, row(s) 770. Plant 68832 County Line (Florida Power & Light Co), DeSoto County, FL; balancing authority FPL. Planned operation 2027-04.
Generator 1: 74.5 MW Solar Photovoltaic; (U) Under construction, less than or equal to 50 percent complete"
Frp Forest Trail Solar,FL,"FRP Forest Trail Solar (Solar Photovoltaic, 50 MW)",generation,,2026-12,30.440764,-81.83423,False,False,1.0,"FRP Forest Trail Solar, Duval County, FL",eia860m_august_generator2026.xlsx,https://www.eia.gov/electricity/data/eia860m/xls/august_generator2026.xlsx,2,"EIA-860M Planned sheet, row(s) 546. Plant 69548 FRP Forest Trail Solar (FRP Forest Trail Solar LLC), Duval County, FL; balancing authority JEA. Planned operation 2026-12.
Generator SFE: 50 MW Solar Photovoltaic; (U) Under construction, less than or equal to 50 percent complete"
Frp Miller Solar,FL,"FRP Miller Solar (Batteries, Solar Photovoltaic, 124.5 MW)",generation,,2026-12,30.320634,-81.91274,False,False,1.0,"FRP Miller Solar, Duval County, FL",eia860m_august_generator2026.xlsx,https://www.eia.gov/electricity/data/eia860m/xls/august_generator2026.xlsx,2,"EIA-860M Planned sheet, row(s) 555, 556. Plant 69626 FRP Miller Solar (FRP Miller Solar LLC), Duval County, FL; balancing authority JEA. Planned operation 2026-12.
Generator BMF: 50 MW Batteries; (U) Under construction, less than or equal to 50 percent complete
Generator SMF: 74.5 MW Solar Photovoltaic; (U) Under construction, less than or equal to 50 percent complete"
Florida Power & Light,FL,"Hardwood Hammock (Solar Photovoltaic, 74.5 MW)",generation,,2027-07,27.282662,-81.77522,False,False,1.0,"Hardwood Hammock, Walton County, FL",eia860m_august_generator2026.xlsx,https://www.eia.gov/electricity/data/eia860m/xls/august_generator2026.xlsx,2,"EIA-860M Planned sheet, row(s) 936. Plant 68833 Hardwood Hammock (Florida Power & Light Co), Walton County, FL; balancing authority FPL. Planned operation 2027-07.
Generator 1: 74.5 MW Solar Photovoltaic; (U) Under construction, less than or equal to 50 percent complete"
Florida Power & Light,FL,"Hendry (Solar Photovoltaic, 74.5 MW)",generation,,2027-01,26.410345,-81.03189,False,False,1.0,"Hendry, Hendry County, FL",eia860m_august_generator2026.xlsx,https://www.eia.gov/electricity/data/eia860m/xls/august_generator2026.xlsx,2,"EIA-860M Planned sheet, row(s) 629. Plant 68834 Hendry (Florida Power & Light Co), Hendry County, FL; balancing authority FPL. Planned operation 2027-01.
Generator 1: 74.5 MW Solar Photovoltaic; (U) Under construction, less than or equal to 50 percent complete"
Placid Solar Ii,FL,"Highland Solar North (Solar Photovoltaic, 74.9 MW)",generation,,2027-05,27.2821,-81.4256,False,False,1.0,"Highland Solar North, Highlands County, FL",eia860m_august_generator2026.xlsx,https://www.eia.gov/electricity/data/eia860m/xls/august_generator2026.xlsx,2,"EIA-860M Planned sheet, row(s) 806. Plant 64345 Highland Solar North (Placid Solar II, LLC), Highlands County, FL; balancing authority FPC. Planned operation 2027-05.
Generator 1112: 74.9 MW Solar Photovoltaic; (L) Regulatory approvals pending. Not under construction"
Placid Solar,FL,"Highland Solar South (Solar Photovoltaic, 74.9 MW)",generation,,2026-09,27.2664,-81.4082,False,False,1.0,"Highland Solar South, Highlands County, FL",eia860m_august_generator2026.xlsx,https://www.eia.gov/electricity/data/eia860m/xls/august_generator2026.xlsx,2,"EIA-860M Planned sheet, row(s) 23. Plant 64346 Highland Solar South (Placid Solar, LLC), Highlands County, FL; balancing authority FPC. Planned operation 2026-09.
Generator 9999: 74.9 MW Solar Photovoltaic; (V) Under construction, more than 50 percent complete"
Florida Power & Light,FL,"Joshua Creek (Solar Photovoltaic, 74.5 MW)",generation,,2027-10,27.282662,-81.77522,False,False,1.0,"Joshua Creek, DeSoto County, FL",eia860m_august_generator2026.xlsx,https://www.eia.gov/electricity/data/eia860m/xls/august_generator2026.xlsx,2,"EIA-860M Planned sheet, row(s) 1100. Plant 68835 Joshua Creek (Florida Power & Light Co), DeSoto County, FL; balancing authority FPL. Planned operation 2027-10.
Generator 1: 74.5 MW Solar Photovoltaic; (U) Under construction, less than or equal to 50 percent complete"
Tampa Electric,FL,"Keene Branch Solar (Solar Photovoltaic, 74.5 MW)",generation,,2026-12,27.658706,-82.2657,False,False,1.0,"Keene Branch Solar, Hillsborough County, FL",eia860m_august_generator2026.xlsx,https://www.eia.gov/electricity/data/eia860m/xls/august_generator2026.xlsx,2,"EIA-860M Planned sheet, row(s) 533. Plant 69461 Keene Branch Solar (Tampa Electric Co), Hillsborough County, FL; balancing authority TEC. Planned operation 2026-12.
Generator 1: 74.5 MW Solar Photovoltaic; (V) Under construction, more than 50 percent complete"
Duke Energy Florida,FL,"Lonesome Camp Solar Plant (Solar Photovoltaic, 74.9 MW)",generation,,2027-04,28.079121,-81.24029,False,False,1.0,"Lonesome Camp Solar Plant, Osceola County, FL",eia860m_august_generator2026.xlsx,https://www.eia.gov/electricity/data/eia860m/xls/august_generator2026.xlsx,2,"EIA-860M Planned sheet, row(s) 788. Plant 70222 Lonesome Camp Solar Plant (Duke Energy Florida, LLC), Osceola County, FL; balancing authority FPC. Planned operation 2027-04.
Generator LCSP1: 74.9 MW Solar Photovoltaic; (V) Under construction, more than 50 percent complete"
Florida Power & Light,FL,"Maple Trail (Solar Photovoltaic, 74.5 MW)",generation,,2027-07,30.314392,-82.18501,False,False,1.0,"Maple Trail, Baker County, FL",eia860m_august_generator2026.xlsx,https://www.eia.gov/electricity/data/eia860m/xls/august_generator2026.xlsx,2,"EIA-860M Planned sheet, row(s) 937. Plant 68836 Maple Trail (Florida Power & Light Co), Baker County, FL; balancing authority FPL. Planned operation 2027-07.
Generator 1: 74.5 MW Solar Photovoltaic; (U) Under construction, less than or equal to 50 percent complete"
Tampa Electric,FL,"Mattaniah Solar (Solar Photovoltaic, 52 MW)",generation,,2026-12,27.893214,-82.04614,False,False,1.0,"Mattaniah Solar, Polk County, FL",eia860m_august_generator2026.xlsx,https://www.eia.gov/electricity/data/eia860m/xls/august_generator2026.xlsx,2,"EIA-860M Planned sheet, row(s) 542. Plant 69523 Mattaniah Solar (Tampa Electric Co), Polk County, FL; balancing authority TEC. Planned operation 2026-12.
Generator 1: 52 MW Solar Photovoltaic; (U) Under construction, less than or equal to 50 percent complete"
Florida Power & Light,FL,"Middle Lake (Solar Photovoltaic, 74.5 MW)",generation,,2027-04,30.380511,-83.34074,False,False,1.0,"Middle Lake, Madison County, FL",eia860m_august_generator2026.xlsx,https://www.eia.gov/electricity/data/eia860m/xls/august_generator2026.xlsx,2,"EIA-860M Planned sheet, row(s) 768. Plant 68824 Middle Lake (Florida Power & Light Co), Madison County, FL; balancing authority FPL. Planned operation 2027-04.
Generator 1: 74.5 MW Solar Photovoltaic; (U) Under construction, less than or equal to 50 percent complete"
Tampa Electric,FL,"Pace Road Battery Storage (Batteries, 20 MW)",generation,,2027-10,28.136235,-81.82978,False,False,1.0,"Pace Road Battery Storage, Polk County, FL",eia860m_august_generator2026.xlsx,https://www.eia.gov/electricity/data/eia860m/xls/august_generator2026.xlsx,2,"EIA-860M Planned sheet, row(s) 1114. Plant 70395 Pace Road Battery Storage (Tampa Electric Co), Polk County, FL; balancing authority TEC. Planned operation 2027-10.
Generator BESS1: 20 MW Batteries; (T) Regulatory approvals received. Not under construction"
Pasco County - (fl),FL,"Pasco Cnty Solid Waste Resource Recovery (Municipal Solid Waste, 17 MW)",generation,,2027-04,28.3681,-82.5583,False,False,1.0,"Pasco Cnty Solid Waste Resource Recovery, Pasco County, FL",eia860m_august_generator2026.xlsx,https://www.eia.gov/electricity/data/eia860m/xls/august_generator2026.xlsx,2,"EIA-860M Planned sheet, row(s) 749. Plant 50666 Pasco Cnty Solid Waste Resource Recovery (Pasco County - (FL)), Pasco County, FL; balancing authority FPC. Planned operation 2027-04.
Generator GEN2: 17 MW Municipal Solid Waste; (U) Under construction, less than or equal to 50 percent complete"
Florida Power & Light,FL,"Pinecone (Solar Photovoltaic, 74.5 MW)",generation,,2027-10,30.439415,-85.25499,False,False,1.0,"Pinecone, Calhoun County, FL",eia860m_august_generator2026.xlsx,https://www.eia.gov/electricity/data/eia860m/xls/august_generator2026.xlsx,2,"EIA-860M Planned sheet, row(s) 1097. Plant 68825 Pinecone (Florida Power & Light Co), Calhoun County, FL; balancing authority FPL. Planned operation 2027-10.
Generator 1: 74.5 MW Solar Photovoltaic; (U) Under construction, less than or equal to 50 percent complete"
Duke Energy Florida,FL,"Powerline Energy Storage (Batteries, 100 MW)",generation,,2027-03,28.96684,-82.61751,False,False,1.0,"Powerline Energy Storage, Citrus County, FL",eia860m_august_generator2026.xlsx,https://www.eia.gov/electricity/data/eia860m/xls/august_generator2026.xlsx,2,"EIA-860M Planned sheet, row(s) 722. Plant 69356 Powerline Energy Storage (Duke Energy Florida, LLC), Citrus County, FL; balancing authority FPC. Planned operation 2027-03.
Generator PWLNB: 100 MW Batteries; (U) Under construction, less than or equal to 50 percent complete"
Florida Power & Light,FL,"Saddle (Solar Photovoltaic, 74.5 MW)",generation,,2027-10,30.439415,-85.25499,False,False,1.0,"Saddle, Calhoun County, FL",eia860m_august_generator2026.xlsx,https://www.eia.gov/electricity/data/eia860m/xls/august_generator2026.xlsx,2,"EIA-860M Planned sheet, row(s) 1098. Plant 68826 Saddle (Florida Power & Light Co), Calhoun County, FL; balancing authority FPL. Planned operation 2027-10.
Generator 1: 74.5 MW Solar Photovoltaic; (U) Under construction, less than or equal to 50 percent complete"
Shady Hills Energy Center,FL,"Shady Hills Combined Cycle Facility (Natural Gas Fired Combined Cycle, 612 MW)",generation,,2026-11,28.366667,-82.55833,False,False,1.0,"Shady Hills Combined Cycle Facility, Pasco County, FL",eia860m_august_generator2026.xlsx,https://www.eia.gov/electricity/data/eia860m/xls/august_generator2026.xlsx,2,"EIA-860M Planned sheet, row(s) 334. Plant 63802 Shady Hills Combined Cycle Facility (Shady Hills Energy Center, LLC), Pasco County, FL; balancing authority FPC. Planned operation 2026-11.
Generator G001: 612 MW Natural Gas Fired Combined Cycle; (TS) Construction complete, but not yet in commercial operation"
Florida Power & Light,FL,"Spanish Moss (Solar Photovoltaic, 74.5 MW)",generation,,2027-10,27.509782,-80.56447,False,False,1.0,"Spanish Moss, St Lucie County, FL",eia860m_august_generator2026.xlsx,https://www.eia.gov/electricity/data/eia860m/xls/august_generator2026.xlsx,2,"EIA-860M Planned sheet, row(s) 1099. Plant 68827 Spanish Moss (Florida Power & Light Co), St Lucie County, FL; balancing authority FPL. Planned operation 2027-10.
Generator 1: 74.5 MW Solar Photovoltaic; (U) Under construction, less than or equal to 50 percent complete"
Florida Power & Light,FL,"Tangelo (Solar Photovoltaic, 74.5 MW)",generation,,2027-01,27.507993,-80.73651,False,False,1.0,"Tangelo, Okeechobee County, FL",eia860m_august_generator2026.xlsx,https://www.eia.gov/electricity/data/eia860m/xls/august_generator2026.xlsx,2,"EIA-860M Planned sheet, row(s) 628. Plant 68828 Tangelo (Florida Power & Light Co), Okeechobee County, FL; balancing authority FPL. Planned operation 2027-01.
Generator 1: 74.5 MW Solar Photovoltaic; (U) Under construction, less than or equal to 50 percent complete"
Duke Energy Florida,FL,"Turnpike Solar Plant (Solar Photovoltaic, 74.9 MW)",generation,,2027-02,28.063296,-81.22305,False,False,1.0,"Turnpike Solar Plant, Osceola County, FL",eia860m_august_generator2026.xlsx,https://www.eia.gov/electricity/data/eia860m/xls/august_generator2026.xlsx,2,"EIA-860M Planned sheet, row(s) 676. Plant 70223 Turnpike Solar Plant (Duke Energy Florida, LLC), Osceola County, FL; balancing authority FPC. Planned operation 2027-02.
Generator TPSP1: 74.9 MW Solar Photovoltaic; (V) Under construction, more than 50 percent complete"
Alligator Creek Solar,GA,"Alligator Creek Solar (Solar Photovoltaic, 80 MW)",generation,,2026-09,32.104,-82.844,False,False,1.0,"Alligator Creek Solar, Wheeler County, GA",eia860m_august_generator2026.xlsx,https://www.eia.gov/electricity/data/eia860m/xls/august_generator2026.xlsx,2,"EIA-860M Planned sheet, row(s) 160. Plant 70084 Alligator Creek Solar (Alligator Creek Solar, LLC), Wheeler County, GA; balancing authority SOCO. Planned operation 2026-09.
Generator AC: 80 MW Solar Photovoltaic; (V) Under construction, more than 50 percent complete"
Cabokenze Energy Storage,GA,"Cabokenze Energy Storage (Batteries, 76 MW)",generation,,2027-11,33.037636,-82.11924,False,False,1.0,"Cabokenze Energy Storage, Burke County, GA",eia860m_august_generator2026.xlsx,https://www.eia.gov/electricity/data/eia860m/xls/august_generator2026.xlsx,2,"EIA-860M Planned sheet, row(s) 1148. Plant 69823 Cabokenze Energy Storage (Cabokenze Energy Storage, LLC), Burke County, GA; balancing authority SOCO. Planned operation 2027-11.
Generator CABOK: 76 MW Batteries; (P) Planned for installation, but regulatory approvals not initiated"
Samsung C&t Renewables,GA,"Conez Solar, LLC (Solar Photovoltaic, 150 MW)",generation,,2027-06,32.458353,-82.39457,False,False,1.0,"Conez Solar, LLC, Emanuel County, GA",eia860m_august_generator2026.xlsx,https://www.eia.gov/electricity/data/eia860m/xls/august_generator2026.xlsx,2,"EIA-860M Planned sheet, row(s) 857. Plant 66671 Conez Solar, LLC (Samsung C&T Renewables, LLC), Emanuel County, GA; balancing authority SOCO. Planned operation 2027-06.
Generator CONEZ: 150 MW Solar Photovoltaic; (P) Planned for installation, but regulatory approvals not initiated"
Crossroads Bn,GA,"Crossroads Solar - GA (Solar Photovoltaic, 150 MW)",generation,,2029-07,31.71,-81.66,False,False,1.0,"Crossroads Solar - GA, Liberty County, GA",eia860m_august_generator2026.xlsx,https://www.eia.gov/electricity/data/eia860m/xls/august_generator2026.xlsx,2,"EIA-860M Planned sheet, row(s) 1944. Plant 68333 Crossroads Solar - GA (Crossroads bn, LLC), Liberty County, GA; balancing authority SOCO. Planned operation 2029-07.
Generator CROS: 150 MW Solar Photovoltaic; (L) Regulatory approvals pending. Not under construction"
Drawhorn Solar,GA,"Drawhorn Solar (Solar Photovoltaic, 80 MW)",generation,,2027-11,33.214449,-83.04206,False,False,1.0,"Drawhorn Solar, Hancock County, GA",eia860m_august_generator2026.xlsx,https://www.eia.gov/electricity/data/eia860m/xls/august_generator2026.xlsx,2,"EIA-860M Planned sheet, row(s) 1139. Plant 67989 Drawhorn Solar (Drawhorn Solar, LLC), Hancock County, GA; balancing authority SOCO. Planned operation 2027-11.
Generator PGR28: 80 MW Solar Photovoltaic; (L) Regulatory approvals pending. Not under construction"
Georgia Power,GA,"Hammond (Batteries, 57.5 MW)",generation,,2026-09,34.2528,-85.3456,False,False,1.0,"Hammond, Floyd County, GA",eia860m_august_generator2026.xlsx,https://www.eia.gov/electricity/data/eia860m/xls/august_generator2026.xlsx,2,"EIA-860M Planned sheet, row(s) 12. Plant 708 Hammond (Georgia Power Co), Floyd County, GA; balancing authority SOCO. Planned operation 2026-09.
Generator 5: 57.5 MW Batteries; (V) Under construction, more than 50 percent complete"
Laurens Solar I,GA,"Laurens Solar (Solar Photovoltaic, 150 MW)",generation,,2028-06,32.577504,-83.11216,False,False,1.0,"Laurens Solar, Laurens County, GA",eia860m_august_generator2026.xlsx,https://www.eia.gov/electricity/data/eia860m/xls/august_generator2026.xlsx,2,"EIA-860M Planned sheet, row(s) 1570. Plant 68480 Laurens Solar (Laurens Solar I, LLC), Laurens County, GA; balancing authority SOCO. Planned operation 2028-06.
Generator LS1: 150 MW Solar Photovoltaic; (L) Regulatory approvals pending. Not under construction"
Peach Woodsolar,GA,"Peach Wood Solar (Solar Photovoltaic, 261 MW)",generation,,2030-12,31.343419,-84.21269,False,False,1.0,"Peach Wood Solar, Mitchell County, GA",eia860m_august_generator2026.xlsx,https://www.eia.gov/electricity/data/eia860m/xls/august_generator2026.xlsx,2,"EIA-860M Planned sheet, row(s) 2119. Plant 69635 Peach Wood Solar (Peach WoodSolar LLC), Mitchell County, GA; balancing authority SOCO. Planned operation 2030-12.
Generator 74964: 261 MW Solar Photovoltaic; (P) Planned for installation, but regulatory approvals not initiated"
Brightnight Power,GA,"Pepper Hammock Solar and Storage (Batteries, Solar Photovoltaic, 2500 MW)",generation,,2029-09,31.331,-81.759,False,False,1.0,"Pepper Hammock Solar and Storage, Wayne County, GA",eia860m_august_generator2026.xlsx,https://www.eia.gov/electricity/data/eia860m/xls/august_generator2026.xlsx,2,"EIA-860M Planned sheet, row(s) 1972, 1973, 1974. Plant 68367 Pepper Hammock Solar and Storage (BrightNight Power), Wayne County, GA; balancing authority SOCO. Planned operation 2029-09.
Generator PEHA: 900 MW Solar Photovoltaic; (L) Regulatory approvals pending. Not under construction
Generator PEHA1: 1200 MW Solar Photovoltaic; (L) Regulatory approvals pending. Not under construction
Generator PEHA2: 400 MW Batteries; (L) Regulatory approvals pending. Not under construction"
Edf Renewables Development,GA,"Rock House Solar (Solar Photovoltaic, 250 MW)",generation,,2027-11,33.4481,-82.4039,False,False,1.0,"Rock House Solar, McDuffie County, GA",eia860m_august_generator2026.xlsx,https://www.eia.gov/electricity/data/eia860m/xls/august_generator2026.xlsx,2,"EIA-860M Planned sheet, row(s) 1135. Plant 67226 Rock House Solar (EDF Renewables Development, Inc.), McDuffie County, GA; balancing authority SOCO. Planned operation 2027-11.
Generator ROCKH: 250 MW Solar Photovoltaic; (P) Planned for installation, but regulatory approvals not initiated"
Sr Bacon,GA,"SR Bacon (Solar Photovoltaic, 85 MW)",generation,,2026-12,31.511392,-82.33683,False,False,1.0,"SR Bacon, Bacon County, GA",eia860m_august_generator2026.xlsx,https://www.eia.gov/electricity/data/eia860m/xls/august_generator2026.xlsx,2,"EIA-860M Planned sheet, row(s) 488. Plant 68226 SR Bacon (SR Bacon, LLC), Bacon County, GA; balancing authority SOCO. Planned operation 2026-12.
Generator BACON: 85 MW Solar Photovoltaic; (V) Under construction, more than 50 percent complete"
Sr Bacon Ii,GA,"SR Bacon II (Solar Photovoltaic, 115 MW)",generation,,2027-12,31.511392,-82.33683,False,False,1.0,"SR Bacon II, Bacon County, GA",eia860m_august_generator2026.xlsx,https://www.eia.gov/electricity/data/eia860m/xls/august_generator2026.xlsx,2,"EIA-860M Planned sheet, row(s) 1322. Plant 68553 SR Bacon II (SR Bacon II, LLC), Bacon County, GA; balancing authority SOCO. Planned operation 2027-12.
Generator BACN2: 115 MW Solar Photovoltaic; (T) Regulatory approvals received. Not under construction"
Sr Bacon Iii,GA,"SR Bacon III (Solar Photovoltaic, 100 MW)",generation,,2027-12,31.511392,-82.33683,False,False,1.0,"SR Bacon III, Bacon County, GA",eia860m_august_generator2026.xlsx,https://www.eia.gov/electricity/data/eia860m/xls/august_generator2026.xlsx,2,"EIA-860M Planned sheet, row(s) 1323. Plant 68554 SR Bacon III (SR Bacon III, LLC), Bacon County, GA; balancing authority SOCO. Planned operation 2027-12.
Generator BACN3: 100 MW Solar Photovoltaic; (T) Regulatory approvals received. Not under construction"
Sr Norwood,GA,"SR Norwood (Solar Photovoltaic, 107 MW)",generation,,2027-12,33.435993,-82.76361,False,False,1.0,"SR Norwood, Warren County, GA",eia860m_august_generator2026.xlsx,https://www.eia.gov/electricity/data/eia860m/xls/august_generator2026.xlsx,2,"EIA-860M Planned sheet, row(s) 1330. Plant 68563 SR Norwood (SR Norwood, LLC), Warren County, GA; balancing authority TVA. Planned operation 2027-12.
Generator NORWD: 107 MW Solar Photovoltaic; (T) Regulatory approvals received. Not under construction"
Sr Rochelle I,GA,"SR Rochelle I (Solar Photovoltaic, 90 MW)",generation,,2026-12,31.923234,-83.45427,False,False,1.0,"SR Rochelle I, Wilcox County, GA",eia860m_august_generator2026.xlsx,https://www.eia.gov/electricity/data/eia860m/xls/august_generator2026.xlsx,2,"EIA-860M Planned sheet, row(s) 493. Plant 68253 SR Rochelle I (SR Rochelle I, LLC), Wilcox County, GA; balancing authority SOCO. Planned operation 2026-12.
Generator ROCH1: 90 MW Solar Photovoltaic; (V) Under construction, more than 50 percent complete"
Sr Rochelle Ii,GA,"SR Rochelle II (Solar Photovoltaic, 50 MW)",generation,,2027-12,32.030665,-83.506,False,False,1.0,"SR Rochelle II, Wilcox County, GA",eia860m_august_generator2026.xlsx,https://www.eia.gov/electricity/data/eia860m/xls/august_generator2026.xlsx,2,"EIA-860M Planned sheet, row(s) 1331. Plant 68565 SR Rochelle II (SR Rochelle II, LLC), Wilcox County, GA; balancing authority TVA. Planned operation 2027-12.
Generator ROCH2: 50 MW Solar Photovoltaic; (T) Regulatory approvals received. Not under construction"
Sandersville Solar,GA,"Sandersville Solar (Solar Photovoltaic, 50 MW)",generation,,2027-10,32.987105,-82.75254,False,False,1.0,"Sandersville Solar, Washington County, GA",eia860m_august_generator2026.xlsx,https://www.eia.gov/electricity/data/eia860m/xls/august_generator2026.xlsx,2,"EIA-860M Planned sheet, row(s) 1088. Plant 67988 Sandersville Solar (Sandersville Solar, LLC), Washington County, GA; balancing authority SOCO. Planned operation 2027-10.
Generator PGR28: 50 MW Solar Photovoltaic; (L) Regulatory approvals pending. Not under construction"
Oglethorpe Power,GA,"Smarr Combined Cycle Energy Facility (Natural Gas Fired Combined Cycle, 804 MW)",generation,,2029-06,32.975936,-83.84369,False,False,1.0,"Smarr Combined Cycle Energy Facility, Monroe County, GA",eia860m_august_generator2026.xlsx,https://www.eia.gov/electricity/data/eia860m/xls/august_generator2026.xlsx,2,"EIA-860M Planned sheet, row(s) 1916, 1917. Plant 68546 Smarr Combined Cycle Energy Facility (Oglethorpe Power Corporation), Monroe County, GA; balancing authority SOCO. Planned operation 2029-06.
Generator 1: 459 MW Natural Gas Fired Combined Cycle; (P) Planned for installation, but regulatory approvals not initiated
Generator 2: 345 MW Natural Gas Fired Combined Cycle; (P) Planned for installation, but regulatory approvals not initiated"
Cobb Electric Membership,GA,"Solar BESS Hybrid (Natural Gas Fired Combustion Turbine, 6 MW)",generation,,2027-05,33.979348,-84.55613,False,False,1.0,"Solar BESS Hybrid, Cobb County, GA",eia860m_august_generator2026.xlsx,https://www.eia.gov/electricity/data/eia860m/xls/august_generator2026.xlsx,2,"EIA-860M Planned sheet, row(s) 802, 803, 804. Plant 63535 Solar BESS Hybrid (Cobb Electric Membership Corporation), Cobb County, GA; balancing authority SOCO. Planned operation 2027-05.
Generator GEN02: 2 MW Natural Gas Fired Combustion Turbine; (V) Under construction, more than 50 percent complete
Generator GEN03: 2 MW Natural Gas Fired Combustion Turbine; (V) Under construction, more than 50 percent complete
Generator GEN04: 2 MW Natural Gas Fired Combustion Turbine; (V) Under construction, more than 50 percent complete"
Oglethorpe Power,GA,"Talbot County Energy (Natural Gas Fired Combustion Turbine, 262 MW)",generation,,2029-01,32.5892,-84.6917,False,False,1.0,"Talbot County Energy, Talbot County, GA",eia860m_august_generator2026.xlsx,https://www.eia.gov/electricity/data/eia860m/xls/august_generator2026.xlsx,2,"EIA-860M Planned sheet, row(s) 1839. Plant 7916 Talbot County Energy (Oglethorpe Power Corporation), Talbot County, GA; balancing authority SOCO. Planned operation 2029-01.
Generator 7: 262 MW Natural Gas Fired Combustion Turbine; (P) Planned for installation, but regulatory approvals not initiated"
Georgia Power,GA,"Yates (Natural Gas Fired Combustion Turbine, 482.8 MW)",generation,,2027-02,33.4622,-84.8986,False,False,1.0,"Yates, Coweta County, GA",eia860m_august_generator2026.xlsx,https://www.eia.gov/electricity/data/eia860m/xls/august_generator2026.xlsx,2,"EIA-860M Planned sheet, row(s) 648. Plant 728 Yates (Georgia Power Co), Coweta County, GA; balancing authority SOCO. Planned operation 2027-02.
Generator 8: 482.8 MW Natural Gas Fired Combustion Turbine; (V) Under construction, more than 50 percent complete"
Georgia Power,GA,"Yates (Natural Gas Fired Combustion Turbine, 965.6 MW)",generation,,2027-12,33.4622,-84.8986,False,False,1.0,"Yates, Coweta County, GA",eia860m_august_generator2026.xlsx,https://www.eia.gov/electricity/data/eia860m/xls/august_generator2026.xlsx,2,"EIA-860M Planned sheet, row(s) 1166, 1167. Plant 728 Yates (Georgia Power Co), Coweta County, GA; balancing authority SOCO. Planned operation 2027-12.
Generator 10: 482.8 MW Natural Gas Fired Combustion Turbine; (P) Planned for installation, but regulatory approvals not initiated
Generator 9: 482.8 MW Natural Gas Fired Combustion Turbine; (P) Planned for installation, but regulatory approvals not initiated"
Acciona Energy Usa Global,KY,"AEUG Fleming Solar, LLC (Solar Photovoltaic, 188.5 MW)",generation,,2027-06,38.429925,-83.77156,False,False,1.0,"AEUG Fleming Solar, LLC, Fleming County, KY",eia860m_august_generator2026.xlsx,https://www.eia.gov/electricity/data/eia860m/xls/august_generator2026.xlsx,2,"EIA-860M Planned sheet, row(s) 848. Plant 64658 AEUG Fleming Solar, LLC (Acciona Energy USA Global, LLC), Fleming County, KY; balancing authority PJM. Planned operation 2027-06.
Generator AFS: 188.5 MW Solar Photovoltaic; (U) Under construction, less than or equal to 50 percent complete"
Acciona Energy Usa Global,KY,"AEUG Madison Solar, LLC (Solar Photovoltaic, 100 MW)",generation,,2028-09,37.822029,-84.30052,False,False,1.0,"AEUG Madison Solar, LLC, Madison County, KY",eia860m_august_generator2026.xlsx,https://www.eia.gov/electricity/data/eia860m/xls/august_generator2026.xlsx,2,"EIA-860M Planned sheet, row(s) 1661. Plant 64659 AEUG Madison Solar, LLC (Acciona Energy USA Global, LLC), Madison County, KY; balancing authority PJM. Planned operation 2028-09.
Generator AMS: 100 MW Solar Photovoltaic; (U) Under construction, less than or equal to 50 percent complete"
Blue Moon Energy,KY,"Blue Moon (Solar Photovoltaic, 70 MW)",generation,,2026-09,38.37118,-84.2578,False,False,1.0,"Blue Moon, Harrison County, KY",eia860m_august_generator2026.xlsx,https://www.eia.gov/electricity/data/eia860m/xls/august_generator2026.xlsx,2,"EIA-860M Planned sheet, row(s) 63. Plant 68000 Blue Moon (Blue Moon Energy LLC), Harrison County, KY; balancing authority PJM. Planned operation 2026-09.
Generator BLUMN: 70 MW Solar Photovoltaic; (V) Under construction, more than 50 percent complete"
Avangrid Power,KY,"Bright Mountain Solar (Solar Photovoltaic, 80 MW)",generation,,2027-12,37.29003,-83.28286,False,False,1.0,"Bright Mountain Solar, Perry County, KY",eia860m_august_generator2026.xlsx,https://www.eia.gov/electricity/data/eia860m/xls/august_generator2026.xlsx,2,"EIA-860M Planned sheet, row(s) 1289. Plant 67990 Bright Mountain Solar (Avangrid Power LLC), Perry County, KY; balancing authority PJM. Planned operation 2027-12.
Generator BM1: 80 MW Solar Photovoltaic; (P) Planned for installation, but regulatory approvals not initiated"
East Kentucky Power Coop,KY,"Cooperative Solar Three-Marion (Solar Photovoltaic, 96 MW)",generation,,2027-08,37.605113,-85.24824,False,False,1.0,"Cooperative Solar Three-Marion, Marion County, KY",eia860m_august_generator2026.xlsx,https://www.eia.gov/electricity/data/eia860m/xls/august_generator2026.xlsx,2,"EIA-860M Planned sheet, row(s) 982. Plant 69742 Cooperative Solar Three-Marion (East Kentucky Power Coop, Inc), Marion County, KY; balancing authority PJM. Planned operation 2027-08.
Generator PV3: 96 MW Solar Photovoltaic; (T) Regulatory approvals received. Not under construction"
East Kentucky Power Coop,KY,"Cooperative Solar Two-Fayette (Solar Photovoltaic, 40 MW)",generation,,2027-11,38.035403,-84.31579,False,False,1.0,"Cooperative Solar Two-Fayette, Fayette County, KY",eia860m_august_generator2026.xlsx,https://www.eia.gov/electricity/data/eia860m/xls/august_generator2026.xlsx,2,"EIA-860M Planned sheet, row(s) 1147. Plant 69741 Cooperative Solar Two-Fayette (East Kentucky Power Coop, Inc), Fayette County, KY; balancing authority PJM. Planned operation 2027-11.
Generator PV2: 40 MW Solar Photovoltaic; (U) Under construction, less than or equal to 50 percent complete"
DYSP,KY,"Dyers Spring Solar (Solar Photovoltaic, 200 MW)",generation,,2029-12,37.688411,-86.26927,False,False,1.0,"Dyers Spring Solar, Breckinridge County, KY",eia860m_august_generator2026.xlsx,https://www.eia.gov/electricity/data/eia860m/xls/august_generator2026.xlsx,2,"EIA-860M Planned sheet, row(s) 2027. Plant 68290 Dyers Spring Solar (DYSP, LLC), Breckinridge County, KY; balancing authority LGEE. Planned operation 2029-12.
Generator DYSP: 200 MW Solar Photovoltaic; (L) Regulatory approvals pending. Not under construction"
LG&E and KU,KY,"E W Brown (Batteries, 125 MW)",generation,,2027-05,37.78831,-84.71257,False,False,1.0,"E W Brown, Mercer County, KY",eia860m_august_generator2026.xlsx,https://www.eia.gov/electricity/data/eia860m/xls/august_generator2026.xlsx,2,"EIA-860M Planned sheet, row(s) 794. Plant 1355 E W Brown (Kentucky Utilities Co), Mercer County, KY; balancing authority LGEE. Planned operation 2027-05.
Generator BESS: 125 MW Batteries; (V) Under construction, more than 50 percent complete"
Lock 13 Hydro Partners,KY,"Evelyn Hydroelectric Project (Conventional Hydroelectric, 2.8 MW)",generation,,2029-12,37.601982,-83.83297,False,False,1.0,"Evelyn Hydroelectric Project, Lee County, KY",eia860m_august_generator2026.xlsx,https://www.eia.gov/electricity/data/eia860m/xls/august_generator2026.xlsx,2,"EIA-860M Planned sheet, row(s) 2002, 2003, 2004, 2005, 2006, 2007. Plant 62748 Evelyn Hydroelectric Project (Lock 13 Hydro Partners), Lee County, KY; balancing authority PJM. Planned operation 2029-12.
Generator 1: 0.6 MW Conventional Hydroelectric; (T) Regulatory approvals received. Not under construction
Generator 2: 0.6 MW Conventional Hydroelectric; (T) Regulatory approvals received. Not under construction
Generator 3: 0.2 MW Conventional Hydroelectric; (T) Regulatory approvals received. Not under construction
Generator 4: 0.2 MW Conventional Hydroelectric; (T) Regulatory approvals received. Not under construction
Generator 5: 0.6 MW Conventional Hydroelectric; (T) Regulatory approvals received. Not under construction
Generator 6: 0.6 MW Conventional Hydroelectric; (T) Regulatory approvals received. Not under construction"
Fron Bn,KY,"Frontier Solar (Solar Photovoltaic, 120 MW)",generation,,2027-10,37.605063,-85.24822,False,False,1.0,"Frontier Solar, Washington County, KY",eia860m_august_generator2026.xlsx,https://www.eia.gov/electricity/data/eia860m/xls/august_generator2026.xlsx,2,"EIA-860M Planned sheet, row(s) 1093. Plant 68293 Frontier Solar (FRON bn, LLC), Washington County, KY; balancing authority LGEE. Planned operation 2027-10.
Generator FRON: 120 MW Solar Photovoltaic; (T) Regulatory approvals received. Not under construction"
GGSO,KY,"Gage Solar (Solar Photovoltaic, 200 MW)",generation,,2029-06,37.0967,-88.7791,False,False,1.0,"Gage Solar, McCracken County, KY",eia860m_august_generator2026.xlsx,https://www.eia.gov/electricity/data/eia860m/xls/august_generator2026.xlsx,2,"EIA-860M Planned sheet, row(s) 1913. Plant 68292 Gage Solar (GGSO, LLC), McCracken County, KY; balancing authority LGEE. Planned operation 2029-06.
Generator GGSO: 200 MW Solar Photovoltaic; (L) Regulatory approvals pending. Not under construction"
Lock 14 Hydro Partners,KY,"Heidelberg Hydroelectric Project (Conventional Hydroelectric, 2.8 MW)",generation,,2026-09,37.552399,-83.77001,False,False,1.0,"Heidelberg Hydroelectric Project, Lee County, KY",eia860m_august_generator2026.xlsx,https://www.eia.gov/electricity/data/eia860m/xls/august_generator2026.xlsx,2,"EIA-860M Planned sheet, row(s) 17, 18, 19, 20, 21, 22. Plant 62749 Heidelberg Hydroelectric Project (Lock 14 Hydro Partners, LLC), Lee County, KY; balancing authority PJM. Planned operation 2026-09.
Generator 1: 0.6 MW Conventional Hydroelectric; (TS) Construction complete, but not yet in commercial operation
Generator 2: 0.6 MW Conventional Hydroelectric; (TS) Construction complete, but not yet in commercial operation
Generator 3: 0.2 MW Conventional Hydroelectric; (TS) Construction complete, but not yet in commercial operation
Generator 4: 0.2 MW Conventional Hydroelectric; (TS) Construction complete, but not yet in commercial operation
Generator 5: 0.6 MW Conventional Hydroelectric; (TS) Construction complete, but not yet in commercial operation
Generator 6: 0.6 MW Conventional Hydroelectric; (TS) Construction complete, but not yet in commercial operation"
Stellar Renewable Power,KY,"Henderson County Solar (Solar Photovoltaic, 51.1 MW)",generation,,2027-09,37.799412,-87.62325,False,False,1.0,"Henderson County Solar, Henderson County, KY",eia860m_august_generator2026.xlsx,https://www.eia.gov/electricity/data/eia860m/xls/august_generator2026.xlsx,2,"EIA-860M Planned sheet, row(s) 1038. Plant 69793 Henderson County Solar (Stellar Renewable Power), Henderson County, KY; balancing authority MISO. Planned operation 2027-09.
Generator HEPV1: 51.1 MW Solar Photovoltaic; (U) Under construction, less than or equal to 50 percent complete"
Lock 11 Hydro Partners,KY,"KY No. 11 L&D Hydroelectric Project (Conventional Hydroelectric, 2.8 MW)",generation,,2027-11,37.78401,-84.10329,False,False,1.0,"KY No. 11 L&D Hydroelectric Project, Estill County, KY",eia860m_august_generator2026.xlsx,https://www.eia.gov/electricity/data/eia860m/xls/august_generator2026.xlsx,2,"EIA-860M Planned sheet, row(s) 1122, 1123, 1124, 1125, 1126, 1127. Plant 62390 KY No. 11 L&D Hydroelectric Project (Lock 11 Hydro Partners, LLC), Estill County, KY; balancing authority PJM. Planned operation 2027-11.
Generator 6: 0.6 MW Conventional Hydroelectric; (T) Regulatory approvals received. Not under construction
Generator NA1: 0.6 MW Conventional Hydroelectric; (T) Regulatory approvals received. Not under construction
Generator NA2: 0.6 MW Conventional Hydroelectric; (T) Regulatory approvals received. Not under construction
Generator NA3: 0.2 MW Conventional Hydroelectric; (T) Regulatory approvals received. Not under construction
Generator NA4: 0.2 MW Conventional Hydroelectric; (T) Regulatory approvals received. Not under construction
Generator NA5: 0.6 MW Conventional Hydroelectric; (T) Regulatory approvals received. Not under construction"
Kentucky Municipal Energy Agency,KY,"KYMEA Energy Center I (Natural Gas Internal Combustion Engine, 75.2 MW)",generation,,2027-06,37.319733,-87.55111,False,False,1.0,"KYMEA Energy Center I, Hopkins County, KY",eia860m_august_generator2026.xlsx,https://www.eia.gov/electricity/data/eia860m/xls/august_generator2026.xlsx,2,"EIA-860M Planned sheet, row(s) 870, 871, 872, 873. Plant 68453 KYMEA Energy Center I (Kentucky Municipal Energy Agency), Hopkins County, KY; balancing authority LGEE. Planned operation 2027-06.
Generator 1: 18.8 MW Natural Gas Internal Combustion Engine; (U) Under construction, less than or equal to 50 percent complete
Generator 2: 18.8 MW Natural Gas Internal Combustion Engine; (U) Under construction, less than or equal to 50 percent complete
Generator 3: 18.8 MW Natural Gas Internal Combustion Engine; (U) Under construction, less than or equal to 50 percent complete
Generator 4: 18.8 MW Natural Gas Internal Combustion Engine; (U) Under construction, less than or equal to 50 percent complete"
East Kentucky Power Coop,KY,"Liberty Station (Natural Gas Internal Combustion Engine, 217.2 MW)",generation,,2028-12,37.369331,-84.95767,False,False,1.0,"Liberty Station, Casey County, KY",eia860m_august_generator2026.xlsx,https://www.eia.gov/electricity/data/eia860m/xls/august_generator2026.xlsx,2,"EIA-860M Planned sheet, row(s) 1815, 1816, 1817, 1818, 1819, 1820, 1821, 1822, 1823, 1824, 1825, 1826. Plant 69726 Liberty Station (East Kentucky Power Coop, Inc), Casey County, KY; balancing authority PJM. Planned operation 2028-12.
Generator L1: 18.1 MW Natural Gas Internal Combustion Engine; (P) Planned for installation, but regulatory approvals not initiated
Generator L10: 18.1 MW Natural Gas Internal Combustion Engine; (P) Planned for installation, but regulatory approvals not initiated
Generator L11: 18.1 MW Natural Gas Internal Combustion Engine; (P) Planned for installation, but regulatory approvals not initiated
Generator L12: 18.1 MW Natural Gas Internal Combustion Engine; (P) Planned for installation, but regulatory approvals not initiated
Generator L2: 18.1 MW Natural Gas Internal Combustion Engine; (P) Planned for installation, but regulatory approvals not initiated
Generator L3: 18.1 MW Natural Gas Internal Combustion Engine; (P) Planned for installation, but regulatory approvals not initiated
Generator L4: 18.1 MW Natural Gas Internal Combustion Engine; (P) Planned for installation, but regulatory approvals not initiated
Generator L5: 18.1 MW Natural Gas Internal Combustion Engine; (P) Planned for installation, but regulatory approvals not initiated
Generator L6: 18.1 MW Natural Gas Internal Combustion Engine; (P) Planned for installation, but regulatory approvals not initiated
Generator L7: 18.1 MW Natural Gas Internal Combustion Engine; (P) Planned for installation, but regulatory approvals not initiated
Generator L8: 18.1 MW Natural Gas Internal Combustion Engine; (P) Planned for installation, but regulatory approvals not initiated
Generator L9: 18.1 MW Natural Gas Internal Combustion Engine; (P) Planned for installation, but regulatory approvals not initiated"
Brightnight Power,KY,"Mayfield Solar and Storage (Solar Photovoltaic, 200 MW)",generation,,2029-10,36.8864,-88.659,False,False,1.0,"Mayfield Solar and Storage, McCracken County, KY",eia860m_august_generator2026.xlsx,https://www.eia.gov/electricity/data/eia860m/xls/august_generator2026.xlsx,2,"EIA-860M Planned sheet, row(s) 1988. Plant 68368 Mayfield Solar and Storage (BrightNight Power), McCracken County, KY; balancing authority MISO. Planned operation 2029-10.
Generator MYSO: 200 MW Solar Photovoltaic; (L) Regulatory approvals pending. Not under construction"
LG&E and KU,KY,"Mill Creek (KY) (Natural Gas Fired Combined Cycle, 740 MW)",generation,,2027-06,38.0525,-85.9103,False,False,1.0,"Mill Creek (KY), Jefferson County, KY",eia860m_august_generator2026.xlsx,https://www.eia.gov/electricity/data/eia860m/xls/august_generator2026.xlsx,2,"EIA-860M Planned sheet, row(s) 843. Plant 1364 Mill Creek (KY) (Louisville Gas & Electric Co), Jefferson County, KY; balancing authority LGEE. Planned operation 2027-06.
Generator 5: 740 MW Natural Gas Fired Combined Cycle; (V) Under construction, more than 50 percent complete"
Clover Creek Solar Project D / B / A New Frontiers Solar Park,KY,"New Frontiers Solar (Solar Photovoltaic, 100 MW)",generation,,2027-06,37.79502,-86.5068,False,False,1.0,"New Frontiers Solar, Breckinridge County, KY",eia860m_august_generator2026.xlsx,https://www.eia.gov/electricity/data/eia860m/xls/august_generator2026.xlsx,2,"EIA-860M Planned sheet, row(s) 877. Plant 68897 New Frontiers Solar (Clover Creek Solar Project LLC d/b/a New Frontiers Solar Park), Breckinridge County, KY; balancing authority MISO. Planned operation 2027-06.
Generator PVSI: 100 MW Solar Photovoltaic; (L) Regulatory approvals pending. Not under construction"
Sr Horus,KY,"SR Horus (Solar Photovoltaic, 79.7 MW)",generation,,2027-09,36.661,-86.534,False,False,1.0,"SR Horus, Simpson County, KY",eia860m_august_generator2026.xlsx,https://www.eia.gov/electricity/data/eia860m/xls/august_generator2026.xlsx,2,"EIA-860M Planned sheet, row(s) 1016. Plant 68249 SR Horus (SR Horus, LLC), Simpson County, KY; balancing authority TVA. Planned operation 2027-09.
Generator METTR: 79.7 MW Solar Photovoltaic; (U) Under construction, less than or equal to 50 percent complete"
Brightnight Power,KY,"Starfire Mountain Solar (Solar Photovoltaic, 410 MW)",generation,,2029-09,37.4119,-83.1206,False,False,1.0,"Starfire Mountain Solar, Perry County, KY",eia860m_august_generator2026.xlsx,https://www.eia.gov/electricity/data/eia860m/xls/august_generator2026.xlsx,2,"EIA-860M Planned sheet, row(s) 1975. Plant 68369 Starfire Mountain Solar (BrightNight Power), Perry County, KY; balancing authority PJM. Planned operation 2029-09.
Generator STMO: 410 MW Solar Photovoltaic; (L) Regulatory approvals pending. Not under construction"
Weirs Creek Solar,KY,"Weirs Creek (Solar Photovoltaic, 150 MW)",generation,,2027-05,37.423648,-87.69048,False,False,1.0,"Weirs Creek, Hopkins County, KY",eia860m_august_generator2026.xlsx,https://www.eia.gov/electricity/data/eia860m/xls/august_generator2026.xlsx,2,"EIA-860M Planned sheet, row(s) 833. Plant 69929 Weirs Creek (Weirs Creek Solar LLC), Hopkins County, KY; balancing authority MISO. Planned operation 2027-05.
Generator WC001: 150 MW Solar Photovoltaic; (U) Under construction, less than or equal to 50 percent complete"
Rye Development,MS,"Arkabutla Lake Hydroelectric Project (Conventional Hydroelectric, 2.5 MW)",generation,,2028-06,34.757926,-90.12569,False,False,1.0,"Arkabutla Lake Hydroelectric Project, DeSoto County, MS",eia860m_august_generator2026.xlsx,https://www.eia.gov/electricity/data/eia860m/xls/august_generator2026.xlsx,2,"EIA-860M Planned sheet, row(s) 1538. Plant 62402 Arkabutla Lake Hydroelectric Project (Rye Development), DeSoto County, MS; balancing authority TVA. Planned operation 2028-06.
Generator NA1: 2.5 MW Conventional Hydroelectric; (P) Planned for installation, but regulatory approvals not initiated"
Rye Development,MS,"Arkabutla Lake Hydroelectric Project (Conventional Hydroelectric, 2.5 MW)",generation,,2028-07,34.757926,-90.12569,False,False,1.0,"Arkabutla Lake Hydroelectric Project, DeSoto County, MS",eia860m_august_generator2026.xlsx,https://www.eia.gov/electricity/data/eia860m/xls/august_generator2026.xlsx,2,"EIA-860M Planned sheet, row(s) 1586. Plant 62402 Arkabutla Lake Hydroelectric Project (Rye Development), DeSoto County, MS; balancing authority TVA. Planned operation 2028-07.
Generator NA2: 2.5 MW Conventional Hydroelectric; (P) Planned for installation, but regulatory approvals not initiated"
Origis Energy Usa,MS,"Covington (MS) (Solar Photovoltaic, 96 MW)",generation,,2028-03,31.4395,-89.4846,False,False,1.0,"Covington (MS), Covington County, MS",eia860m_august_generator2026.xlsx,https://www.eia.gov/electricity/data/eia860m/xls/august_generator2026.xlsx,2,"EIA-860M Planned sheet, row(s) 1456. Plant 65293 Covington (MS) (Origis Energy USA, Inc), Covington County, MS; balancing authority MISO. Planned operation 2028-03.
Generator OEMS4: 96 MW Solar Photovoltaic; (T) Regulatory approvals received. Not under construction"
Entergy Mississippi,MS,"Delta Blues Advanced Power Station (Natural Gas Fired Combined Cycle, 818.7 MW)",generation,,2028-05,33.330476,-91.13058,False,False,1.0,"Delta Blues Advanced Power Station, Washington County, MS",eia860m_august_generator2026.xlsx,https://www.eia.gov/electricity/data/eia860m/xls/august_generator2026.xlsx,2,"EIA-860M Planned sheet, row(s) 1523, 1524. Plant 67914 Delta Blues Advanced Power Station (Entergy Mississippi LLC), Washington County, MS; balancing authority MISO. Planned operation 2028-05.
Generator 1A: 477 MW Natural Gas Fired Combined Cycle; (L) Regulatory approvals pending. Not under construction
Generator 1C: 341.7 MW Natural Gas Fired Combined Cycle; (L) Regulatory approvals pending. Not under construction"
Rye Development,MS,"Enid Lake Hydroelectric Project (Conventional Hydroelectric, 2.5 MW)",generation,,2028-10,34.158065,-89.90553,False,False,1.0,"Enid Lake Hydroelectric Project, Panola County, MS",eia860m_august_generator2026.xlsx,https://www.eia.gov/electricity/data/eia860m/xls/august_generator2026.xlsx,2,"EIA-860M Planned sheet, row(s) 1681. Plant 62432 Enid Lake Hydroelectric Project (Rye Development), Panola County, MS; balancing authority TVA. Planned operation 2028-10.
Generator NA1: 2.5 MW Conventional Hydroelectric; (P) Planned for installation, but regulatory approvals not initiated"
Rye Development,MS,"Enid Lake Hydroelectric Project (Conventional Hydroelectric, 2.5 MW)",generation,,2028-11,34.158065,-89.90553,False,False,1.0,"Enid Lake Hydroelectric Project, Panola County, MS",eia860m_august_generator2026.xlsx,https://www.eia.gov/electricity/data/eia860m/xls/august_generator2026.xlsx,2,"EIA-860M Planned sheet, row(s) 1717. Plant 62432 Enid Lake Hydroelectric Project (Rye Development), Panola County, MS; balancing authority TVA. Planned operation 2028-11.
Generator NA2: 2.5 MW Conventional Hydroelectric; (P) Planned for installation, but regulatory approvals not initiated"
Ergon Refining,MS,"Ergon Refining Vicksburg (Natural Gas Fired Combustion Turbine, 15.8 MW)",generation,,2027-09,32.388271,-90.90834,False,False,1.0,"Ergon Refining Vicksburg, Warren County, MS",eia860m_august_generator2026.xlsx,https://www.eia.gov/electricity/data/eia860m/xls/august_generator2026.xlsx,2,"EIA-860M Planned sheet, row(s) 997, 998. Plant 54918 Ergon Refining Vicksburg (Ergon Refining Inc), Warren County, MS; balancing authority MISO. Planned operation 2027-09.
Generator TM02: 7.9 MW Natural Gas Fired Combustion Turbine; (U) Under construction, less than or equal to 50 percent complete
Generator TM03: 7.9 MW Natural Gas Fired Combustion Turbine; (U) Under construction, less than or equal to 50 percent complete"
Girasol Solar Farm,MS,"Girasol Solar Farm (Solar Photovoltaic, 100 MW)",generation,,2028-12,33.676092,-90.64287,False,False,1.0,"Girasol Solar Farm, Sunflower County, MS",eia860m_august_generator2026.xlsx,https://www.eia.gov/electricity/data/eia860m/xls/august_generator2026.xlsx,2,"EIA-860M Planned sheet, row(s) 1790. Plant 68352 Girasol Solar Farm (Girasol Solar Farm LLC), Sunflower County, MS; balancing authority MISO. Planned operation 2028-12.
Generator GIPV1: 100 MW Solar Photovoltaic; (P) Planned for installation, but regulatory approvals not initiated"
Greer Solar,MS,"Greer Solar Plant (Solar Photovoltaic, 200 MW)",generation,,2026-12,33.115544,-90.83077,False,False,1.0,"Greer Solar Plant, Washington County, MS",eia860m_august_generator2026.xlsx,https://www.eia.gov/electricity/data/eia860m/xls/august_generator2026.xlsx,2,"EIA-860M Planned sheet, row(s) 504. Plant 68515 Greer Solar Plant (Greer Solar, LLC), Washington County, MS; balancing authority MISO. Planned operation 2026-12.
Generator GREER: 200 MW Solar Photovoltaic; (U) Under construction, less than or equal to 50 percent complete"
Rye Development,MS,"Grenada Lake Hydroelectric Project (Conventional Hydroelectric, 5 MW)",generation,,2028-04,33.808842,-89.77246,False,False,1.0,"Grenada Lake Hydroelectric Project, Grenada County, MS",eia860m_august_generator2026.xlsx,https://www.eia.gov/electricity/data/eia860m/xls/august_generator2026.xlsx,2,"EIA-860M Planned sheet, row(s) 1493. Plant 62430 Grenada Lake Hydroelectric Project (Rye Development), Grenada County, MS; balancing authority TVA. Planned operation 2028-04.
Generator NA1: 5 MW Conventional Hydroelectric; (P) Planned for installation, but regulatory approvals not initiated"
Rye Development,MS,"Grenada Lake Hydroelectric Project (Conventional Hydroelectric, 5 MW)",generation,,2028-05,33.808842,-89.77246,False,False,1.0,"Grenada Lake Hydroelectric Project, Grenada County, MS",eia860m_august_generator2026.xlsx,https://www.eia.gov/electricity/data/eia860m/xls/august_generator2026.xlsx,2,"EIA-860M Planned sheet, row(s) 1514. Plant 62430 Grenada Lake Hydroelectric Project (Rye Development), Grenada County, MS; balancing authority TVA. Planned operation 2028-05.
Generator NA2: 5 MW Conventional Hydroelectric; (P) Planned for installation, but regulatory approvals not initiated"
Hinds Solar,MS,"Hinds Solar, LLC (Solar Photovoltaic, 150 MW)",generation,,2027-07,32.416186,-90.38886,False,False,1.0,"Hinds Solar, LLC, Hinds County, MS",eia860m_august_generator2026.xlsx,https://www.eia.gov/electricity/data/eia860m/xls/august_generator2026.xlsx,2,"EIA-860M Planned sheet, row(s) 927. Plant 67231 Hinds Solar, LLC (Hinds Solar, LLC), Hinds County, MS; balancing authority MISO. Planned operation 2027-07.
Generator HS: 150 MW Solar Photovoltaic; (U) Under construction, less than or equal to 50 percent complete"
Landshark Energy Generation Facility,MS,"Landshark Energy Generation Facility (Solar Photovoltaic, 160 MW)",generation,,2030-12,33.898797,-89.14577,False,False,1.0,"Landshark Energy Generation Facility, Calhoun County, MS",eia860m_august_generator2026.xlsx,https://www.eia.gov/electricity/data/eia860m/xls/august_generator2026.xlsx,2,"EIA-860M Planned sheet, row(s) 2121. Plant 69638 Landshark Energy Generation Facility (Landshark Energy Generation Facility LLC), Calhoun County, MS; balancing authority MISO. Planned operation 2030-12.
Generator 11767: 160 MW Solar Photovoltaic; (P) Planned for installation, but regulatory approvals not initiated"
TVA,MS,"New Caledonia (Natural Gas Fired Combustion Turbine, 504 MW)",generation,,2028-12,33.649272,-88.3146,False,False,1.0,"New Caledonia, Lowndes County, MS",eia860m_august_generator2026.xlsx,https://www.eia.gov/electricity/data/eia860m/xls/august_generator2026.xlsx,2,"EIA-860M Planned sheet, row(s) 1800, 1801, 1802, 1803, 1804, 1805. Plant 69147 New Caledonia (Tennessee Valley Authority), Lowndes County, MS; balancing authority TVA. Planned operation 2028-12.
Generator G1: 84 MW Natural Gas Fired Combustion Turbine; (P) Planned for installation, but regulatory approvals not initiated
Generator G2: 84 MW Natural Gas Fired Combustion Turbine; (P) Planned for installation, but regulatory approvals not initiated
Generator G3: 84 MW Natural Gas Fired Combustion Turbine; (P) Planned for installation, but regulatory approvals not initiated
Generator G4: 84 MW Natural Gas Fired Combustion Turbine; (P) Planned for installation, but regulatory approvals not initiated
Generator G5: 84 MW Natural Gas Fired Combustion Turbine; (P) Planned for installation, but regulatory approvals not initiated
Generator G6: 84 MW Natural Gas Fired Combustion Turbine; (P) Planned for installation, but regulatory approvals not initiated"
Okolona Solar,MS,"Okolona Solar (Solar Photovoltaic, 145 MW)",generation,,2027-12,37.693,-87.549,False,False,1.0,"Okolona Solar, Henderson County, MS",eia860m_august_generator2026.xlsx,https://www.eia.gov/electricity/data/eia860m/xls/august_generator2026.xlsx,2,"EIA-860M Planned sheet, row(s) 1343. Plant 68876 Okolona Solar (Okolona Solar, LLC), Henderson County, MS; balancing authority MISO. Planned operation 2027-12.
Generator 6339: 145 MW Solar Photovoltaic; (L) Regulatory approvals pending. Not under construction"
Okolona Solar,MS,"Okolona Solar (Batteries, 145 MW)",generation,,2028-08,37.693,-87.549,False,False,1.0,"Okolona Solar, Henderson County, MS",eia860m_august_generator2026.xlsx,https://www.eia.gov/electricity/data/eia860m/xls/august_generator2026.xlsx,2,"EIA-860M Planned sheet, row(s) 1640. Plant 68876 Okolona Solar (Okolona Solar, LLC), Henderson County, MS; balancing authority MISO. Planned operation 2028-08.
Generator 6340: 145 MW Batteries; (T) Regulatory approvals received. Not under construction"
Entergy Mississippi,MS,"Penton Solar Plant (Solar Photovoltaic, 190 MW)",generation,,2028-03,34.861567,-90.263,False,False,1.0,"Penton Solar Plant, DeSoto County, MS",eia860m_august_generator2026.xlsx,https://www.eia.gov/electricity/data/eia860m/xls/august_generator2026.xlsx,2,"EIA-860M Planned sheet, row(s) 1469. Plant 68029 Penton Solar Plant (Entergy Mississippi LLC), DeSoto County, MS; balancing authority MISO. Planned operation 2028-03.
Generator PSP: 190 MW Solar Photovoltaic; (P) Planned for installation, but regulatory approvals not initiated"
Sr Jasper,MS,"SR Jasper (Solar Photovoltaic, 150 MW)",generation,,2029-12,32.048427,-88.94419,False,False,1.0,"SR Jasper, Jasper County, MS",eia860m_august_generator2026.xlsx,https://www.eia.gov/electricity/data/eia860m/xls/august_generator2026.xlsx,2,"EIA-860M Planned sheet, row(s) 2025. Plant 68105 SR Jasper (SR Jasper, LLC), Jasper County, MS; balancing authority SOCO. Planned operation 2029-12.
Generator JASP: 150 MW Solar Photovoltaic; (T) Regulatory approvals received. Not under construction"
Sr Magnolia,MS,"SR Magnolia (Solar Photovoltaic, 160 MW)",generation,,2027-06,33.856467,-88.67488,False,False,1.0,"SR Magnolia, Monroe County, MS",eia860m_august_generator2026.xlsx,https://www.eia.gov/electricity/data/eia860m/xls/august_generator2026.xlsx,2,"EIA-860M Planned sheet, row(s) 874. Plant 68559 SR Magnolia (SR Magnolia, LLC), Monroe County, MS; balancing authority TVA. Planned operation 2027-06.
Generator MAGNA: 160 MW Solar Photovoltaic; (V) Under construction, more than 50 percent complete"
Sr Marshall,MS,"SR Marshall, LLC (Solar Photovoltaic, 4.8 MW)",generation,,2026-12,34.959526,-89.58856,False,False,1.0,"SR Marshall, LLC, Marshall County, MS",eia860m_august_generator2026.xlsx,https://www.eia.gov/electricity/data/eia860m/xls/august_generator2026.xlsx,2,"EIA-860M Planned sheet, row(s) 471. Plant 67134 SR Marshall, LLC (SR Marshall, LLC), Marshall County, MS; balancing authority TVA. Planned operation 2026-12.
Generator MARSH: 4.8 MW Solar Photovoltaic; (TS) Construction complete, but not yet in commercial operation"
Sr Mount Pleasant,MS,"SR Mount Pleasant (Solar Photovoltaic, 50 MW)",generation,,2027-12,34.951675,-89.58282,False,False,1.0,"SR Mount Pleasant, Marshall County, MS",eia860m_august_generator2026.xlsx,https://www.eia.gov/electricity/data/eia860m/xls/august_generator2026.xlsx,2,"EIA-860M Planned sheet, row(s) 1329. Plant 68562 SR Mount Pleasant (SR Mount Pleasant, LLC), Marshall County, MS; balancing authority TVA. Planned operation 2027-12.
Generator MTPLT: 50 MW Solar Photovoltaic; (T) Regulatory approvals received. Not under construction"
Rye Development,MS,"Sardis Lake Hydroelectric Project (Conventional Hydroelectric, 7.5 MW)",generation,,2028-10,34.399125,-89.77246,False,False,1.0,"Sardis Lake Hydroelectric Project, Panola County, MS",eia860m_august_generator2026.xlsx,https://www.eia.gov/electricity/data/eia860m/xls/august_generator2026.xlsx,2,"EIA-860M Planned sheet, row(s) 1680. Plant 62425 Sardis Lake Hydroelectric Project (Rye Development), Panola County, MS; balancing authority TVA. Planned operation 2028-10.
Generator NA1: 7.5 MW Conventional Hydroelectric; (P) Planned for installation, but regulatory approvals not initiated"
Rye Development,MS,"Sardis Lake Hydroelectric Project (Conventional Hydroelectric, 7.5 MW)",generation,,2028-11,34.399125,-89.77246,False,False,1.0,"Sardis Lake Hydroelectric Project, Panola County, MS",eia860m_august_generator2026.xlsx,https://www.eia.gov/electricity/data/eia860m/xls/august_generator2026.xlsx,2,"EIA-860M Planned sheet, row(s) 1716. Plant 62425 Sardis Lake Hydroelectric Project (Rye Development), Panola County, MS; balancing authority TVA. Planned operation 2028-11.
Generator NA2: 7.5 MW Conventional Hydroelectric; (P) Planned for installation, but regulatory approvals not initiated"
Entergy Mississippi,MS,"Traceview Advanced Power Station (Natural Gas Fired Combined Cycle, 819.4 MW)",generation,,2028-08,32.405646,-90.22114,False,False,1.0,"Traceview Advanced Power Station, Madison County, MS",eia860m_august_generator2026.xlsx,https://www.eia.gov/electricity/data/eia860m/xls/august_generator2026.xlsx,2,"EIA-860M Planned sheet, row(s) 1651, 1652. Plant 70187 Traceview Advanced Power Station (Entergy Mississippi LLC), Madison County, MS; balancing authority MISO. Planned operation 2028-08.
Generator CT1: 477.7 MW Natural Gas Fired Combined Cycle; (U) Under construction, less than or equal to 50 percent complete
Generator ST1: 341.7 MW Natural Gas Fired Combined Cycle; (U) Under construction, less than or equal to 50 percent complete"
Entergy Mississippi,MS,"Vicksburg Advanced Power Station (Natural Gas Fired Combined Cycle, 819.4 MW)",generation,,2028-08,32.28526,-90.92568,False,False,1.0,"Vicksburg Advanced Power Station, Warren County, MS",eia860m_august_generator2026.xlsx,https://www.eia.gov/electricity/data/eia860m/xls/august_generator2026.xlsx,2,"EIA-860M Planned sheet, row(s) 1641, 1642. Plant 69223 Vicksburg Advanced Power Station (Entergy Mississippi LLC), Warren County, MS; balancing authority MISO. Planned operation 2028-08.
Generator GT1: 477.7 MW Natural Gas Fired Combined Cycle; (U) Under construction, less than or equal to 50 percent complete
Generator ST1: 341.7 MW Natural Gas Fired Combined Cycle; (U) Under construction, less than or equal to 50 percent complete"
Duke Energy Carolinas,NC,"Allen 2 BESS (Batteries, 167 MW)",generation,,2027-07,35.192096,-81.01013,False,False,1.0,"Allen 2 BESS, Gaston County, NC",eia860m_august_generator2026.xlsx,https://www.eia.gov/electricity/data/eia860m/xls/august_generator2026.xlsx,2,"EIA-860M Planned sheet, row(s) 941. Plant 69148 Allen 2 BESS (Duke Energy Carolinas, LLC), Gaston County, NC; balancing authority DUK. Planned operation 2027-07.
Generator BESS1: 167 MW Batteries; (P) Planned for installation, but regulatory approvals not initiated"
Duke Energy Progress,NC,"Asheville BESS (Batteries, 17.3 MW)",generation,,2026-09,35.472139,-82.54163,False,False,1.0,"Asheville BESS, Buncombe County, NC",eia860m_august_generator2026.xlsx,https://www.eia.gov/electricity/data/eia860m/xls/august_generator2026.xlsx,2,"EIA-860M Planned sheet, row(s) 123. Plant 69429 Asheville BESS (Duke Energy Progress - (NC)), Buncombe County, NC; balancing authority CPLW. Planned operation 2026-09.
Generator AVLB1: 17.3 MW Batteries; (U) Under construction, less than or equal to 50 percent complete"
Duke Energy Progress,NC,"Asheville Solar (Solar Photovoltaic, 9.5 MW)",generation,,2026-12,35.470591,-82.54223,False,False,1.0,"Asheville Solar, Buncombe County, NC",eia860m_august_generator2026.xlsx,https://www.eia.gov/electricity/data/eia860m/xls/august_generator2026.xlsx,2,"EIA-860M Planned sheet, row(s) 532. Plant 69357 Asheville Solar (Duke Energy Progress - (NC)), Buncombe County, NC; balancing authority CPLW. Planned operation 2026-12.
Generator PV1: 9.5 MW Solar Photovoltaic; (V) Under construction, more than 50 percent complete"
Duke Energy Carolinas,NC,"Baxter Creek Solar (Solar Photovoltaic, 30 MW)",generation,,2026-09,35.865502,-80.55309,False,False,1.0,"Baxter Creek Solar, Davie County, NC",eia860m_august_generator2026.xlsx,https://www.eia.gov/electricity/data/eia860m/xls/august_generator2026.xlsx,2,"EIA-860M Planned sheet, row(s) 16. Plant 60434 Baxter Creek Solar (Duke Energy Carolinas, LLC), Davie County, NC; balancing authority DUK. Planned operation 2026-09.
Generator PV1: 30 MW Solar Photovoltaic; (V) Under construction, more than 50 percent complete"
Duke Energy Carolinas,NC,"Baxter Creek Solar (Solar Photovoltaic, 30 MW)",generation,,2026-09,35.865502,-80.55309,False,False,1.0,"Baxter Creek Solar, Davie County, NC",eia860m_august_generator2026.xlsx,https://www.eia.gov/electricity/data/eia860m/xls/august_generator2026.xlsx,2,"EIA-860M Planned sheet, row(s) 106. Plant 69144 Baxter Creek Solar (Duke Energy Carolinas, LLC), Davie County, NC; balancing authority CPLE. Planned operation 2026-09.
Generator PV1: 30 MW Solar Photovoltaic; (V) Under construction, more than 50 percent complete"
Bear Branch Solar,NC,"Bear Branch Solar (Solar Photovoltaic, 34.5 MW)",generation,,2027-01,36.340427,-80.12974,False,False,1.0,"Bear Branch Solar, Stokes County, NC",eia860m_august_generator2026.xlsx,https://www.eia.gov/electricity/data/eia860m/xls/august_generator2026.xlsx,2,"EIA-860M Planned sheet, row(s) 611. Plant 64168 Bear Branch Solar (Bear Branch Solar LLC), Stokes County, NC; balancing authority DUK. Planned operation 2027-01.
Generator GEN: 34.5 MW Solar Photovoltaic; (TS) Construction complete, but not yet in commercial operation"
Cypress Creek Renewables,NC,"Black Walnut Solar, LLC (Solar Photovoltaic, 80 MW)",generation,,2027-11,35.050032,-77.15218,False,False,1.0,"Black Walnut Solar, LLC, Jones County, NC",eia860m_august_generator2026.xlsx,https://www.eia.gov/electricity/data/eia860m/xls/august_generator2026.xlsx,2,"EIA-860M Planned sheet, row(s) 1133. Plant 66363 Black Walnut Solar, LLC (Cypress Creek Renewables), Jones County, NC; balancing authority DUK. Planned operation 2027-11.
Generator GEN1: 80 MW Solar Photovoltaic; (L) Regulatory approvals pending. Not under construction"
Cypress Creek Renewables,NC,"Black Walnut Solar, LLC (Batteries, 32 MW)",generation,,2028-12,35.050032,-77.15218,False,False,1.0,"Black Walnut Solar, LLC, Jones County, NC",eia860m_august_generator2026.xlsx,https://www.eia.gov/electricity/data/eia860m/xls/august_generator2026.xlsx,2,"EIA-860M Planned sheet, row(s) 1759. Plant 66363 Black Walnut Solar, LLC (Cypress Creek Renewables), Jones County, NC; balancing authority DUK. Planned operation 2028-12.
Generator GEN1B: 32 MW Batteries; (P) Planned for installation, but regulatory approvals not initiated"
Duke Energy Carolinas,NC,"Clark Creek Solar Plant (Batteries, Solar Photovoltaic, 54 MW)",generation,,2028-02,35.532689,-81.24866,False,False,1.0,"Clark Creek Solar Plant, Lincoln County, NC",eia860m_august_generator2026.xlsx,https://www.eia.gov/electricity/data/eia860m/xls/august_generator2026.xlsx,2,"EIA-860M Planned sheet, row(s) 1443, 1444. Plant 69771 Clark Creek Solar Plant (Duke Energy Carolinas, LLC), Lincoln County, NC; balancing authority CPLW. Planned operation 2028-02.
Generator CCBS1: 14 MW Batteries; (L) Regulatory approvals pending. Not under construction
Generator CCSP1: 40 MW Solar Photovoltaic; (L) Regulatory approvals pending. Not under construction"
Duke Energy Carolinas,NC,"Craggy Energy Storage (Batteries, 30.5 MW)",generation,,2026-09,35.641793,-82.60868,False,False,1.0,"Craggy Energy Storage, Buncombe County, NC",eia860m_august_generator2026.xlsx,https://www.eia.gov/electricity/data/eia860m/xls/august_generator2026.xlsx,2,"EIA-860M Planned sheet, row(s) 120. Plant 69404 Craggy Energy Storage (Duke Energy Carolinas, LLC), Buncombe County, NC; balancing authority CPLW. Planned operation 2026-09.
Generator CRAGB: 30.5 MW Batteries; (V) Under construction, more than 50 percent complete"
Dill Holdings,NC,"Dill Holdings LLC (Solar Photovoltaic, 10 MW)",generation,,2027-06,35.966645,-80.71882,False,False,1.0,"Dill Holdings LLC, Iredell County, NC",eia860m_august_generator2026.xlsx,https://www.eia.gov/electricity/data/eia860m/xls/august_generator2026.xlsx,2,"EIA-860M Planned sheet, row(s) 866. Plant 67858 Dill Holdings LLC (Dill Holdings LLC), Iredell County, NC; balancing authority DUK. Planned operation 2027-06.
Generator DILL1: 10 MW Solar Photovoltaic; (U) Under construction, less than or equal to 50 percent complete"
Invenergy Services,NC,"Edgecombe Solar LLC (Solar Photovoltaic, 75 MW)",generation,,2027-09,35.949381,-77.65926,False,False,1.0,"Edgecombe Solar LLC, Edgecombe County, NC",eia860m_august_generator2026.xlsx,https://www.eia.gov/electricity/data/eia860m/xls/august_generator2026.xlsx,2,"EIA-860M Planned sheet, row(s) 1060. Plant 70023 Edgecombe Solar LLC (Invenergy Services LLC), Edgecombe County, NC; balancing authority PJM. Planned operation 2027-09.
Generator EDGCM: 75 MW Solar Photovoltaic; (U) Under construction, less than or equal to 50 percent complete"
Duke Energy Progress,NC,"Elm City BESS (Batteries, 20 MW)",generation,,2026-09,35.789717,-77.85501,False,False,1.0,"Elm City BESS, Wilson County, NC",eia860m_august_generator2026.xlsx,https://www.eia.gov/electricity/data/eia860m/xls/august_generator2026.xlsx,2,"EIA-860M Planned sheet, row(s) 124. Plant 69444 Elm City BESS (Duke Energy Progress - (NC)), Wilson County, NC; balancing authority CPLE. Planned operation 2026-09.
Generator ECB1: 20 MW Batteries; (V) Under construction, more than 50 percent complete"
Headwater Energy,NC,"Gum Swamp Solar, LLC (Solar Photovoltaic, 80 MW)",generation,,2027-05,34.867,-79.599,False,False,1.0,"Gum Swamp Solar, LLC, Scotland County, NC",eia860m_august_generator2026.xlsx,https://www.eia.gov/electricity/data/eia860m/xls/august_generator2026.xlsx,2,"EIA-860M Planned sheet, row(s) 837. Plant 70302 Gum Swamp Solar, LLC (Headwater Energy, LLC), Scotland County, NC; balancing authority CPLE. Planned operation 2027-05.
Generator 22: 80 MW Solar Photovoltaic; (U) Under construction, less than or equal to 50 percent complete"
Aes Clean Energy,NC,"Halifax County Solar (Solar Photovoltaic, 80 MW)",generation,,2026-09,36.2537,-77.6884,False,False,1.0,"Halifax County Solar, Halifax County, NC",eia860m_august_generator2026.xlsx,https://www.eia.gov/electricity/data/eia860m/xls/august_generator2026.xlsx,2,"EIA-860M Planned sheet, row(s) 110. Plant 69197 Halifax County Solar (AES Clean Energy), Halifax County, NC; balancing authority PJM. Planned operation 2026-09.
Generator HALIF: 80 MW Solar Photovoltaic; (U) Under construction, less than or equal to 50 percent complete"
Cypress Creek Renewables,NC,"Healing Springs Solar, LLC (Solar Photovoltaic, 55 MW)",generation,,2027-12,35.623627,-80.15972,False,False,1.0,"Healing Springs Solar, LLC, Davidson County, NC",eia860m_august_generator2026.xlsx,https://www.eia.gov/electricity/data/eia860m/xls/august_generator2026.xlsx,2,"EIA-860M Planned sheet, row(s) 1249. Plant 66382 Healing Springs Solar, LLC (Cypress Creek Renewables), Davidson County, NC; balancing authority DUK. Planned operation 2027-12.
Generator GEN1: 55 MW Solar Photovoltaic; (L) Regulatory approvals pending. Not under construction"
Hornet Solar,NC,"Hornet Solar (Solar Photovoltaic, 73 MW)",generation,,2026-12,35.387,-81.029,False,False,1.0,"Hornet Solar, Gaston County, NC",eia860m_august_generator2026.xlsx,https://www.eia.gov/electricity/data/eia860m/xls/august_generator2026.xlsx,2,"EIA-860M Planned sheet, row(s) 448. Plant 64167 Hornet Solar (Hornet Solar LLC), Gaston County, NC; balancing authority DUK. Planned operation 2026-12.
Generator GEN: 73 MW Solar Photovoltaic; (TS) Construction complete, but not yet in commercial operation"
Cypress Creek Renewables,NC,"Hyco Solar LLC (Solar Photovoltaic, 80 MW)",generation,,2027-11,36.484574,-79.13311,False,False,1.0,"Hyco Solar LLC, Person County, NC",eia860m_august_generator2026.xlsx,https://www.eia.gov/electricity/data/eia860m/xls/august_generator2026.xlsx,2,"EIA-860M Planned sheet, row(s) 1134. Plant 66383 Hyco Solar LLC (Cypress Creek Renewables), Person County, NC; balancing authority DUK. Planned operation 2027-11.
Generator GEN1: 80 MW Solar Photovoltaic; (L) Regulatory approvals pending. Not under construction"
Duke Energy Carolinas,NC,"Maiden Creek Battery (Batteries, 50 MW)",generation,,2027-07,35.613673,-81.18707,False,False,1.0,"Maiden Creek Battery, Catawba County, NC",eia860m_august_generator2026.xlsx,https://www.eia.gov/electricity/data/eia860m/xls/august_generator2026.xlsx,2,"EIA-860M Planned sheet, row(s) 942. Plant 69194 Maiden Creek Battery (Duke Energy Carolinas, LLC), Catawba County, NC; balancing authority DUK. Planned operation 2027-07.
Generator MCBA: 50 MW Batteries; (U) Under construction, less than or equal to 50 percent complete"
Capital Power,NC,"Maple Leaf Solar (Solar Photovoltaic, 73 MW)",generation,,2027-04,35.595,-78.317,False,False,1.0,"Maple Leaf Solar, Johnston County, NC",eia860m_august_generator2026.xlsx,https://www.eia.gov/electricity/data/eia860m/xls/august_generator2026.xlsx,2,"EIA-860M Planned sheet, row(s) 754. Plant 67195 Maple Leaf Solar (Capital Power Corporation), Johnston County, NC; balancing authority DUK. Planned operation 2027-04.
Generator GEN: 73 MW Solar Photovoltaic; (T) Regulatory approvals received. Not under construction"
Mcdowell Creek Solar,NC,"McDowell Creek Solar LLC (Solar Photovoltaic, 2 MW)",generation,,2026-10,35.394168,-80.94389,False,False,1.0,"McDowell Creek Solar LLC, Mecklenburg County, NC",eia860m_august_generator2026.xlsx,https://www.eia.gov/electricity/data/eia860m/xls/august_generator2026.xlsx,2,"EIA-860M Planned sheet, row(s) 214. Plant 67857 McDowell Creek Solar LLC (McDowell Creek Solar LLC), Mecklenburg County, NC; balancing authority DUK. Planned operation 2026-10.
Generator MCDOW: 2 MW Solar Photovoltaic; (V) Under construction, more than 50 percent complete"
Headwater Energy,NC,"Midfield Solar, LLC (Solar Photovoltaic, 25 MW)",generation,,2026-12,34.394,-78.771,False,False,1.0,"Midfield Solar, LLC, Columbus County, NC",eia860m_august_generator2026.xlsx,https://www.eia.gov/electricity/data/eia860m/xls/august_generator2026.xlsx,2,"EIA-860M Planned sheet, row(s) 593. Plant 70303 Midfield Solar, LLC (Headwater Energy, LLC), Columbus County, NC; balancing authority CPLE. Planned operation 2026-12.
Generator 20: 25 MW Solar Photovoltaic; (U) Under construction, less than or equal to 50 percent complete"
Duke Energy Carolinas,NC,"Nebo Energy Storage (Batteries, 2.7 MW)",generation,,2026-10,35.791718,-81.85104,False,False,1.0,"Nebo Energy Storage, Burke County, NC",eia860m_august_generator2026.xlsx,https://www.eia.gov/electricity/data/eia860m/xls/august_generator2026.xlsx,2,"EIA-860M Planned sheet, row(s) 253. Plant 69196 Nebo Energy Storage (Duke Energy Carolinas, LLC), Burke County, NC; balancing authority DUK. Planned operation 2026-10.
Generator NEBOB: 2.7 MW Batteries; (U) Under construction, less than or equal to 50 percent complete"
Duke Energy Progress,NC,"New Hill 1 Battery (Batteries, 56 MW)",generation,,2027-09,35.659692,-78.94412,False,False,1.0,"New Hill 1 Battery, Wake County, NC",eia860m_august_generator2026.xlsx,https://www.eia.gov/electricity/data/eia860m/xls/august_generator2026.xlsx,2,"EIA-860M Planned sheet, row(s) 1024. Plant 69119 New Hill 1 Battery (Duke Energy Progress - (NC)), Wake County, NC; balancing authority CPLE. Planned operation 2027-09.
Generator NHBA1: 56 MW Batteries; (U) Under construction, less than or equal to 50 percent complete"
Cypress Creek Renewables,NC,"Panther Branch Solar, LLC (Solar Photovoltaic, 80 MW)",generation,,2028-08,35.145344,-78.15963,False,False,1.0,"Panther Branch Solar, LLC, Duplin County, NC",eia860m_august_generator2026.xlsx,https://www.eia.gov/electricity/data/eia860m/xls/august_generator2026.xlsx,2,"EIA-860M Planned sheet, row(s) 1632. Plant 66385 Panther Branch Solar, LLC (Cypress Creek Renewables), Duplin County, NC; balancing authority DUK. Planned operation 2028-08.
Generator GEN1: 80 MW Solar Photovoltaic; (L) Regulatory approvals pending. Not under construction"
Cypress Creek Renewables,NC,"Panther Branch Solar, LLC (Batteries, 32 MW)",generation,,2029-12,35.145344,-78.15963,False,False,1.0,"Panther Branch Solar, LLC, Duplin County, NC",eia860m_august_generator2026.xlsx,https://www.eia.gov/electricity/data/eia860m/xls/august_generator2026.xlsx,2,"EIA-860M Planned sheet, row(s) 2014. Plant 66385 Panther Branch Solar, LLC (Cypress Creek Renewables), Duplin County, NC; balancing authority DUK. Planned operation 2029-12.
Generator GEN1B: 32 MW Batteries; (P) Planned for installation, but regulatory approvals not initiated"
North Carolina El Member,NC,"Parkwood BESS (Batteries, 11.6 MW)",generation,,2026-12,34.891701,-80.63255,False,False,1.0,"Parkwood BESS, Union County, NC",eia860m_august_generator2026.xlsx,https://www.eia.gov/electricity/data/eia860m/xls/august_generator2026.xlsx,2,"EIA-860M Planned sheet, row(s) 561. Plant 69870 Parkwood BESS (North Carolina El Member Corp), Union County, NC; balancing authority DUK. Planned operation 2026-12.
Generator BAT1: 11.6 MW Batteries; (V) Under construction, more than 50 percent complete"
Quaker Creek Farm Solar,NC,"Quaker Creek Farm Solar (Solar Photovoltaic, 34.9 MW)",generation,,2027-01,36.156688,-79.32292,False,False,1.0,"Quaker Creek Farm Solar, Alamance County, NC",eia860m_august_generator2026.xlsx,https://www.eia.gov/electricity/data/eia860m/xls/august_generator2026.xlsx,2,"EIA-860M Planned sheet, row(s) 616. Plant 67977 Quaker Creek Farm Solar (Quaker Creek Farm Solar, LLC), Alamance County, NC; balancing authority DUK. Planned operation 2027-01.
Generator QUACR: 34.9 MW Solar Photovoltaic; (U) Under construction, less than or equal to 50 percent complete"
Aes Clean Energy,NC,"Robeson Solar I (Batteries, Solar Photovoltaic, 108 MW)",generation,,2028-12,34.614574,-78.93468,False,False,1.0,"Robeson Solar I, Robeson County, NC",eia860m_august_generator2026.xlsx,https://www.eia.gov/electricity/data/eia860m/xls/august_generator2026.xlsx,2,"EIA-860M Planned sheet, row(s) 1775, 1776. Plant 68043 Robeson Solar I (AES Clean Energy), Robeson County, NC; balancing authority CPLE. Planned operation 2028-12.
Generator ROBES: 80 MW Solar Photovoltaic; (P) Planned for installation, but regulatory approvals not initiated
Generator ROBSS: 28 MW Batteries; (P) Planned for installation, but regulatory approvals not initiated"
Cypress Creek Renewables,NC,"Scotch Grove Solar (Solar Photovoltaic, 80 MW)",generation,,2027-09,34.84957,-79.44656,False,False,1.0,"Scotch Grove Solar, Scotland County, NC",eia860m_august_generator2026.xlsx,https://www.eia.gov/electricity/data/eia860m/xls/august_generator2026.xlsx,2,"EIA-860M Planned sheet, row(s) 1011. Plant 67663 Scotch Grove Solar (Cypress Creek Renewables), Scotland County, NC; balancing authority CPLE. Planned operation 2027-09.
Generator SGROV: 80 MW Solar Photovoltaic; (L) Regulatory approvals pending. Not under construction"
Headwater Energy,NC,"Sleepy Creek Solar, LLC (Solar Photovoltaic, 80 MW)",generation,,2027-10,34.592,-78.326,False,False,1.0,"Sleepy Creek Solar, LLC, Bladen County, NC",eia860m_august_generator2026.xlsx,https://www.eia.gov/electricity/data/eia860m/xls/august_generator2026.xlsx,2,"EIA-860M Planned sheet, row(s) 1113. Plant 70304 Sleepy Creek Solar, LLC (Headwater Energy, LLC), Bladen County, NC; balancing authority CPLE. Planned operation 2027-10.
Generator 24: 80 MW Solar Photovoltaic; (U) Under construction, less than or equal to 50 percent complete"
Cypress Creek Renewables,NC,"South Davidson (Solar Photovoltaic, 80 MW)",generation,,2027-10,35.618203,-80.10797,False,False,1.0,"South Davidson, Davidson County, NC",eia860m_august_generator2026.xlsx,https://www.eia.gov/electricity/data/eia860m/xls/august_generator2026.xlsx,2,"EIA-860M Planned sheet, row(s) 1084. Plant 67665 South Davidson (Cypress Creek Renewables), Davidson County, NC; balancing authority DUK. Planned operation 2027-10.
Generator SDAVI: 80 MW Solar Photovoltaic; (L) Regulatory approvals pending. Not under construction"
Cypress Creek Renewables,NC,"Stevens Mill Solar (Solar Photovoltaic, 80 MW)",generation,,2027-05,35.35546,-78.1192,False,False,1.0,"Stevens Mill Solar, Wayne County, NC",eia860m_august_generator2026.xlsx,https://www.eia.gov/electricity/data/eia860m/xls/august_generator2026.xlsx,2,"EIA-860M Planned sheet, row(s) 823. Plant 68812 Stevens Mill Solar (Cypress Creek Renewables), Wayne County, NC; balancing authority CPLE. Planned operation 2027-05.
Generator STVML: 80 MW Solar Photovoltaic; (L) Regulatory approvals pending. Not under construction"
Cleanchoice Energy,NC,"Sweetleaf Solar LLC (Solar Photovoltaic, 93 MW)",generation,,2027-12,36.220711,-77.68863,False,False,1.0,"Sweetleaf Solar LLC, Halifax County, NC",eia860m_august_generator2026.xlsx,https://www.eia.gov/electricity/data/eia860m/xls/august_generator2026.xlsx,2,"EIA-860M Planned sheet, row(s) 1308. Plant 68271 Sweetleaf Solar LLC (CleanChoice Energy), Halifax County, NC; balancing authority PJM. Planned operation 2027-12.
Generator SWLS1: 93 MW Solar Photovoltaic; (T) Regulatory approvals received. Not under construction"
North Carolina El Member,NC,"Tanglewood BESS (Batteries, 3.9 MW)",generation,,2026-12,36.272111,-76.30127,False,False,1.0,"Tanglewood BESS, Pasquotank County, NC",eia860m_august_generator2026.xlsx,https://www.eia.gov/electricity/data/eia860m/xls/august_generator2026.xlsx,2,"EIA-860M Planned sheet, row(s) 562. Plant 69871 Tanglewood BESS (North Carolina El Member Corp), Pasquotank County, NC; balancing authority PJM. Planned operation 2026-12.
Generator BAT1: 3.9 MW Batteries; (V) Under construction, more than 50 percent complete"
Headwater Energy,NC,"Tanglewood Solar, LLC (Solar Photovoltaic, 8.4 MW)",generation,,2026-12,36.25,-76.3,False,False,1.0,"Tanglewood Solar, LLC, Pasquotank County, NC",eia860m_august_generator2026.xlsx,https://www.eia.gov/electricity/data/eia860m/xls/august_generator2026.xlsx,2,"EIA-860M Planned sheet, row(s) 594. Plant 70305 Tanglewood Solar, LLC (Headwater Energy, LLC), Pasquotank County, NC; balancing authority CPLE. Planned operation 2026-12.
Generator 23: 8.4 MW Solar Photovoltaic; (U) Under construction, less than or equal to 50 percent complete"
Cypress Creek Renewables,NC,"Timber Mill Solar (Batteries, Solar Photovoltaic, 112 MW)",generation,,2028-12,34.96634,-77.21299,False,False,1.0,"Timber Mill Solar, Jones County, NC",eia860m_august_generator2026.xlsx,https://www.eia.gov/electricity/data/eia860m/xls/august_generator2026.xlsx,2,"EIA-860M Planned sheet, row(s) 1796, 1797. Plant 68871 Timber Mill Solar (Cypress Creek Renewables), Jones County, NC; balancing authority CPLE. Planned operation 2028-12.
Generator TIMIB: 32 MW Batteries; (P) Planned for installation, but regulatory approvals not initiated
Generator TIMIL: 80 MW Solar Photovoltaic; (P) Planned for installation, but regulatory approvals not initiated"
Duke Energy Progress,NC,"Warsaw 2 Energy Storage (Batteries, 11 MW)",generation,,2026-09,35.003702,-78.1165,False,False,1.0,"Warsaw 2 Energy Storage, Duplin County, NC",eia860m_august_generator2026.xlsx,https://www.eia.gov/electricity/data/eia860m/xls/august_generator2026.xlsx,2,"EIA-860M Planned sheet, row(s) 153. Plant 69988 Warsaw 2 Energy Storage (Duke Energy Progress - (NC)), Duplin County, NC; balancing authority CPLE. Planned operation 2026-09.
Generator WBA2: 11 MW Batteries; (V) Under construction, more than 50 percent complete"
West River Solar,NC,"West River Solar, LLC (Solar Photovoltaic, 40 MW)",generation,,2027-10,36.043671,-79.64174,False,False,1.0,"West River Solar, LLC, Guilford County, NC",eia860m_august_generator2026.xlsx,https://www.eia.gov/electricity/data/eia860m/xls/august_generator2026.xlsx,2,"EIA-860M Planned sheet, row(s) 1073. Plant 63806 West River Solar, LLC (West River Solar, LLC), Guilford County, NC; balancing authority DUK. Planned operation 2027-10.
Generator PGR28: 40 MW Solar Photovoltaic; (U) Under construction, less than or equal to 50 percent complete"
Headwater Energy,NC,"Westfield Solar, LLC (Solar Photovoltaic, 40 MW)",generation,,2026-12,34.943,-79.242,False,False,1.0,"Westfield Solar, LLC, Hoke County, NC",eia860m_august_generator2026.xlsx,https://www.eia.gov/electricity/data/eia860m/xls/august_generator2026.xlsx,2,"EIA-860M Planned sheet, row(s) 595. Plant 70306 Westfield Solar, LLC (Headwater Energy, LLC), Hoke County, NC; balancing authority CPLE. Planned operation 2026-12.
Generator 21: 40 MW Solar Photovoltaic; (U) Under construction, less than or equal to 50 percent complete"
Ecoplexus,NC,"Westminister NC (Solar Photovoltaic, 60 MW)",generation,,2028-12,35.452,-81.919,False,False,1.0,"Westminister NC, Rutherford County, NC",eia860m_august_generator2026.xlsx,https://www.eia.gov/electricity/data/eia860m/xls/august_generator2026.xlsx,2,"EIA-860M Planned sheet, row(s) 1743. Plant 63567 Westminister NC (Ecoplexus, Inc), Rutherford County, NC; balancing authority DUK. Planned operation 2028-12.
Generator WSMTR: 60 MW Solar Photovoltaic; (T) Regulatory approvals received. Not under construction"
North Carolina El Member,NC,"Windsor BESS (Batteries, 3.9 MW)",generation,,2026-12,36.025838,-76.98179,False,False,1.0,"Windsor BESS, Bertie County, NC",eia860m_august_generator2026.xlsx,https://www.eia.gov/electricity/data/eia860m/xls/august_generator2026.xlsx,2,"EIA-860M Planned sheet, row(s) 563. Plant 69872 Windsor BESS (North Carolina El Member Corp), Bertie County, NC; balancing authority PJM. Planned operation 2026-12.
Generator BAT1: 3.9 MW Batteries; (V) Under construction, more than 50 percent complete"
B & K Solar,SC,"B & K Solar (Solar Photovoltaic, 74.9 MW)",generation,,2026-11,34.423425,-80.06213,False,False,1.0,"B & K Solar, Darlington County, SC",eia860m_august_generator2026.xlsx,https://www.eia.gov/electricity/data/eia860m/xls/august_generator2026.xlsx,2,"EIA-860M Planned sheet, row(s) 331. Plant 62181 B & K Solar (B & K Solar), Darlington County, SC; balancing authority CPLE. Planned operation 2026-11.
Generator 23: 74.9 MW Solar Photovoltaic; (V) Under construction, more than 50 percent complete"
Big Fork Solar,SC,"Big Fork Solar (Batteries, 74.9 MW)",generation,,2027-03,33.135275,-81.23911,False,False,1.0,"Big Fork Solar, Barnwell County, SC",eia860m_august_generator2026.xlsx,https://www.eia.gov/electricity/data/eia860m/xls/august_generator2026.xlsx,2,"EIA-860M Planned sheet, row(s) 684. Plant 62184 Big Fork Solar (Big Fork Solar), Barnwell County, SC; balancing authority SCEG. Planned operation 2027-03.
Generator 27: 74.9 MW Batteries; (T) Regulatory approvals received. Not under construction"
Big Fork Solar,SC,"Big Fork Solar (Solar Photovoltaic, 74.9 MW)",generation,,2028-11,33.135275,-81.23911,False,False,1.0,"Big Fork Solar, Barnwell County, SC",eia860m_august_generator2026.xlsx,https://www.eia.gov/electricity/data/eia860m/xls/august_generator2026.xlsx,2,"EIA-860M Planned sheet, row(s) 1704. Plant 62184 Big Fork Solar (Big Fork Solar), Barnwell County, SC; balancing authority SCEG. Planned operation 2028-11.
Generator 26: 74.9 MW Solar Photovoltaic; (T) Regulatory approvals received. Not under construction"
Duke Energy Carolinas,SC,"Bush River Solar Plant (Solar Photovoltaic, 45 MW)",generation,,2028-01,34.3861,-81.7944,False,False,1.0,"Bush River Solar Plant, Laurens County, SC",eia860m_august_generator2026.xlsx,https://www.eia.gov/electricity/data/eia860m/xls/august_generator2026.xlsx,2,"EIA-860M Planned sheet, row(s) 1429. Plant 69772 Bush River Solar Plant (Duke Energy Carolinas, LLC), Laurens County, SC; balancing authority CPLW. Planned operation 2028-01.
Generator BRSP1: 45 MW Solar Photovoltaic; (L) Regulatory approvals pending. Not under construction"
Colleton Solar,SC,"Colleton Solar (Solar Photovoltaic, 74.9 MW)",generation,,2028-11,33.123794,-80.84248,False,False,1.0,"Colleton Solar, Colleton County, SC",eia860m_august_generator2026.xlsx,https://www.eia.gov/electricity/data/eia860m/xls/august_generator2026.xlsx,2,"EIA-860M Planned sheet, row(s) 1705. Plant 62188 Colleton Solar (Colleton Solar), Colleton County, SC; balancing authority SCEG. Planned operation 2028-11.
Generator 30: 74.9 MW Solar Photovoltaic; (T) Regulatory approvals received. Not under construction"
Cotton Solar,SC,"Cotton Solar (Solar Photovoltaic, 16 MW)",generation,,2027-06,34.455,-79.41028,False,False,1.0,"Cotton Solar, Dillon County, SC",eia860m_august_generator2026.xlsx,https://www.eia.gov/electricity/data/eia860m/xls/august_generator2026.xlsx,2,"EIA-860M Planned sheet, row(s) 844. Plant 59572 Cotton Solar (Cotton Solar, LLC), Dillon County, SC; balancing authority CPLE. Planned operation 2027-06.
Generator PV1: 16 MW Solar Photovoltaic; (T) Regulatory approvals received. Not under construction"
Crossroads Solar,SC,"Crossroads Solar (Solar Photovoltaic, 50 MW)",generation,,2028-11,33.368886,-81.36497,False,False,1.0,"Crossroads Solar, Barnwell County, SC",eia860m_august_generator2026.xlsx,https://www.eia.gov/electricity/data/eia860m/xls/august_generator2026.xlsx,2,"EIA-860M Planned sheet, row(s) 1706. Plant 62190 Crossroads Solar (Crossroads Solar), Barnwell County, SC; balancing authority SCEG. Planned operation 2028-11.
Generator 32: 50 MW Solar Photovoltaic; (T) Regulatory approvals received. Not under construction"
Culpepper Solar,SC,"Culpepper Solar (Solar Photovoltaic, 74.9 MW)",generation,,2027-11,34.465864,-79.96044,False,False,1.0,"Culpepper Solar, Darlington County, SC",eia860m_august_generator2026.xlsx,https://www.eia.gov/electricity/data/eia860m/xls/august_generator2026.xlsx,2,"EIA-860M Planned sheet, row(s) 1118. Plant 62221 Culpepper Solar (Culpepper Solar), Darlington County, SC; balancing authority CPLE. Planned operation 2027-11.
Generator 33: 74.9 MW Solar Photovoltaic; (T) Regulatory approvals received. Not under construction"
Geb Solar,SC,"GEB Solar (Solar Photovoltaic, 50 MW)",generation,,2028-11,34.412367,-80.04192,False,False,1.0,"GEB Solar, Darlington County, SC",eia860m_august_generator2026.xlsx,https://www.eia.gov/electricity/data/eia860m/xls/august_generator2026.xlsx,2,"EIA-860M Planned sheet, row(s) 1707. Plant 62217 GEB Solar (GEB Solar), Darlington County, SC; balancing authority CPLE. Planned operation 2028-11.
Generator 40: 50 MW Solar Photovoltaic; (T) Regulatory approvals received. Not under construction"
Holliday Solar I,SC,"Holliday Solar I (Solar Photovoltaic, 74 MW)",generation,,2028-11,34.054128,-79.20663,False,False,1.0,"Holliday Solar I, Horry County, SC",eia860m_august_generator2026.xlsx,https://www.eia.gov/electricity/data/eia860m/xls/august_generator2026.xlsx,2,"EIA-860M Planned sheet, row(s) 1708. Plant 62229 Holliday Solar I (Holliday Solar I), Horry County, SC; balancing authority SC. Planned operation 2028-11.
Generator 43: 74 MW Solar Photovoltaic; (T) Regulatory approvals received. Not under construction"
Duke Energy Carolinas,SC,"Hudson Place Solar Plant (Solar Photovoltaic, 70.7 MW)",generation,,2028-01,34.2391,-81.6922,False,False,1.0,"Hudson Place Solar Plant, Newberry County, SC",eia860m_august_generator2026.xlsx,https://www.eia.gov/electricity/data/eia860m/xls/august_generator2026.xlsx,2,"EIA-860M Planned sheet, row(s) 1432. Plant 70221 Hudson Place Solar Plant (Duke Energy Carolinas, LLC), Newberry County, SC; balancing authority DUK. Planned operation 2028-01.
Generator HPSP1: 70.7 MW Solar Photovoltaic; (L) Regulatory approvals pending. Not under construction"
Juniper Solar,SC,"Juniper Solar (Solar Photovoltaic, 74.9 MW)",generation,,2027-03,34.638189,-79.86121,False,False,1.0,"Juniper Solar, Chesterfield County, SC",eia860m_august_generator2026.xlsx,https://www.eia.gov/electricity/data/eia860m/xls/august_generator2026.xlsx,2,"EIA-860M Planned sheet, row(s) 685. Plant 62234 Juniper Solar (Juniper Solar), Chesterfield County, SC; balancing authority CPLE. Planned operation 2027-03.
Generator 48: 74.9 MW Solar Photovoltaic; (T) Regulatory approvals received. Not under construction"
Kingstree East 230,SC,"Kingstree East 230 Solar Project (Solar Photovoltaic, 249 MW)",generation,,2029-12,33.563633,-79.46326,False,False,1.0,"Kingstree East 230 Solar Project, Georgetown County, SC",eia860m_august_generator2026.xlsx,https://www.eia.gov/electricity/data/eia860m/xls/august_generator2026.xlsx,2,"EIA-860M Planned sheet, row(s) 2021. Plant 67862 Kingstree East 230 Solar Project (Kingstree East 230 LLC), Georgetown County, SC; balancing authority SC. Planned operation 2029-12.
Generator SOLAR: 249 MW Solar Photovoltaic; (T) Regulatory approvals received. Not under construction"
Kingstree West 115,SC,"Kingstree West 115 (Solar Photovoltaic, 74.9 MW)",generation,,2026-10,33.693976,-79.95404,False,False,1.0,"Kingstree West 115, Williamsburg County, SC",eia860m_august_generator2026.xlsx,https://www.eia.gov/electricity/data/eia860m/xls/august_generator2026.xlsx,2,"EIA-860M Planned sheet, row(s) 213. Plant 67723 Kingstree West 115 (Kingstree West 115 LLC), Williamsburg County, SC; balancing authority CPLE. Planned operation 2026-10.
Generator SOLAR: 74.9 MW Solar Photovoltaic; (TS) Construction complete, but not yet in commercial operation"
Duke Energy Carolinas,SC,"Longtown Energy Storage (Batteries, 4.5 MW)",generation,,2026-09,34.416433,-80.86814,False,False,1.0,"Longtown Energy Storage, Fairfield County, SC",eia860m_august_generator2026.xlsx,https://www.eia.gov/electricity/data/eia860m/xls/august_generator2026.xlsx,2,"EIA-860M Planned sheet, row(s) 109. Plant 69195 Longtown Energy Storage (Duke Energy Carolinas, LLC), Fairfield County, SC; balancing authority DUK. Planned operation 2026-09.
Generator LONTB: 4.5 MW Batteries; (V) Under construction, more than 50 percent complete"
Lotus Solar,SC,"Lotus Solar (Solar Photovoltaic, 75 MW)",generation,,2027-10,34.447832,-80.10356,False,False,1.0,"Lotus Solar, Darlington County, SC",eia860m_august_generator2026.xlsx,https://www.eia.gov/electricity/data/eia860m/xls/august_generator2026.xlsx,2,"EIA-860M Planned sheet, row(s) 1094. Plant 68337 Lotus Solar (Lotus Solar LLC), Darlington County, SC; balancing authority CPLE. Planned operation 2027-10.
Generator LOTUS: 75 MW Solar Photovoltaic; (T) Regulatory approvals received. Not under construction"
Melsam Solar,SC,"Melsam Solar (Solar Photovoltaic, 65 MW)",generation,,2028-11,34.344878,-79.37456,False,False,1.0,"Melsam Solar, Dillon County, SC",eia860m_august_generator2026.xlsx,https://www.eia.gov/electricity/data/eia860m/xls/august_generator2026.xlsx,2,"EIA-860M Planned sheet, row(s) 1709. Plant 62280 Melsam Solar (Melsam Solar), Dillon County, SC; balancing authority CPLE. Planned operation 2028-11.
Generator 58: 65 MW Solar Photovoltaic; (T) Regulatory approvals received. Not under construction"
Pinopolis Bess,SC,"Pinopolis BESS (Batteries, 300 MW)",generation,,2027-09,33.246764,-79.98517,False,False,1.0,"Pinopolis BESS, Berkeley County, SC",eia860m_august_generator2026.xlsx,https://www.eia.gov/electricity/data/eia860m/xls/august_generator2026.xlsx,2,"EIA-860M Planned sheet, row(s) 1059. Plant 70020 Pinopolis BESS (Pinopolis BESS LLC), Berkeley County, SC; balancing authority SC. Planned operation 2027-09.
Generator 1: 300 MW Batteries; (P) Planned for installation, but regulatory approvals not initiated"
Quest Solar,SC,"Quest Solar (Solar Photovoltaic, 50 MW)",generation,,2028-11,32.976531,-81.22681,False,False,1.0,"Quest Solar, Allendale County, SC",eia860m_august_generator2026.xlsx,https://www.eia.gov/electricity/data/eia860m/xls/august_generator2026.xlsx,2,"EIA-860M Planned sheet, row(s) 1710. Plant 62299 Quest Solar (Quest Solar), Allendale County, SC; balancing authority SCEG. Planned operation 2028-11.
Generator 66: 50 MW Solar Photovoltaic; (T) Regulatory approvals received. Not under construction"
Solriver Capital,SC,"Rhubarb One SC (Solar Photovoltaic, 9.6 MW)",generation,,2027-06,34.151111,-79.41,False,False,1.0,"Rhubarb One SC, Marion County, SC",eia860m_august_generator2026.xlsx,https://www.eia.gov/electricity/data/eia860m/xls/august_generator2026.xlsx,2,"EIA-860M Planned sheet, row(s) 845. Plant 59596 Rhubarb One SC (SolRiver Capital LLC), Marion County, SC; balancing authority CPLE. Planned operation 2027-06.
Generator PV1: 9.6 MW Solar Photovoltaic; (L) Regulatory approvals pending. Not under construction"
Duke Energy Carolinas,SC,"Robinson Solar Plant (Solar Photovoltaic, 76 MW)",generation,,2027-12,34.4168,-80.1918,False,False,1.0,"Robinson Solar Plant, Chesterfield County, SC",eia860m_august_generator2026.xlsx,https://www.eia.gov/electricity/data/eia860m/xls/august_generator2026.xlsx,2,"EIA-860M Planned sheet, row(s) 1406. Plant 70220 Robinson Solar Plant (Duke Energy Carolinas, LLC), Chesterfield County, SC; balancing authority CPLE. Planned operation 2027-12.
Generator RSP1: 76 MW Solar Photovoltaic; (L) Regulatory approvals pending. Not under construction"
Rollins Solar,SC,"Rollins Solar (Solar Photovoltaic, 74.9 MW)",generation,,2027-11,34.353572,-80.01618,False,False,1.0,"Rollins Solar, Darlington County, SC",eia860m_august_generator2026.xlsx,https://www.eia.gov/electricity/data/eia860m/xls/august_generator2026.xlsx,2,"EIA-860M Planned sheet, row(s) 1119. Plant 62295 Rollins Solar (Rollins Solar), Darlington County, SC; balancing authority CPLE. Planned operation 2027-11.
Generator 67: 74.9 MW Solar Photovoltaic; (T) Regulatory approvals received. Not under construction"
Ross Solar,SC,"Ross Solar (Solar Photovoltaic, 74.9 MW)",generation,,2027-11,34.444756,-79.85173,False,False,1.0,"Ross Solar, Darlington County, SC",eia860m_august_generator2026.xlsx,https://www.eia.gov/electricity/data/eia860m/xls/august_generator2026.xlsx,2,"EIA-860M Planned sheet, row(s) 1120. Plant 62296 Ross Solar (Ross Solar), Darlington County, SC; balancing authority CPLE. Planned operation 2027-11.
Generator 68: 74.9 MW Solar Photovoltaic; (T) Regulatory approvals received. Not under construction"
Sr Cordova,SC,"SR Cordova (Solar Photovoltaic, 100 MW)",generation,,2027-12,33.45963,-80.88897,False,False,1.0,"SR Cordova, Orangeburg County, SC",eia860m_august_generator2026.xlsx,https://www.eia.gov/electricity/data/eia860m/xls/august_generator2026.xlsx,2,"EIA-860M Planned sheet, row(s) 1324. Plant 68555 SR Cordova (SR Cordova, LLC), Orangeburg County, SC; balancing authority SCEG. Planned operation 2027-12.
Generator CORDV: 100 MW Solar Photovoltaic; (T) Regulatory approvals received. Not under construction"
Sr Georgetown,SC,"SR Georgetown (Solar Photovoltaic, 50 MW)",generation,,2026-12,33.333354,-79.51325,False,False,1.0,"SR Georgetown, Georgetown County, SC",eia860m_august_generator2026.xlsx,https://www.eia.gov/electricity/data/eia860m/xls/august_generator2026.xlsx,2,"EIA-860M Planned sheet, row(s) 491. Plant 68247 SR Georgetown (SR Georgetown. LLC), Georgetown County, SC; balancing authority DUK. Planned operation 2026-12.
Generator GRGTN: 50 MW Solar Photovoltaic; (V) Under construction, more than 50 percent complete"
Shining Sun Solar,SC,"Shining Sun Solar (Solar Photovoltaic, 74 MW)",generation,,2028-11,33.5425,-80.57219,False,False,1.0,"Shining Sun Solar, Orangeburg County, SC",eia860m_august_generator2026.xlsx,https://www.eia.gov/electricity/data/eia860m/xls/august_generator2026.xlsx,2,"EIA-860M Planned sheet, row(s) 1711. Plant 62309 Shining Sun Solar (Shining Sun Solar), Orangeburg County, SC; balancing authority SC. Planned operation 2028-11.
Generator 73: 74 MW Solar Photovoltaic; (T) Regulatory approvals received. Not under construction"
Shorthorn Solar,SC,"Shorthorn Solar (Solar Photovoltaic, 60 MW)",generation,,2027-11,34.246975,-80.15782,False,False,1.0,"Shorthorn Solar, Lee County, SC",eia860m_august_generator2026.xlsx,https://www.eia.gov/electricity/data/eia860m/xls/august_generator2026.xlsx,2,"EIA-860M Planned sheet, row(s) 1121. Plant 62310 Shorthorn Solar (Shorthorn Solar), Lee County, SC; balancing authority CPLE. Planned operation 2027-11.
Generator 74: 60 MW Solar Photovoltaic; (T) Regulatory approvals received. Not under construction"
South Carolina Public Service Authority,SC,"Winyah (Petroleum Liquids, 114 MW)",generation,,2027-12,33.33184,-79.35724,False,False,1.0,"Winyah, Georgetown County, SC",eia860m_august_generator2026.xlsx,https://www.eia.gov/electricity/data/eia860m/xls/august_generator2026.xlsx,2,"EIA-860M Planned sheet, row(s) 1193, 1194. Plant 6249 Winyah (South Carolina Public Service Authority), Georgetown County, SC; balancing authority SC. Planned operation 2027-12.
Generator 5: 57 MW Petroleum Liquids; (P) Planned for installation, but regulatory approvals not initiated
Generator 6: 57 MW Petroleum Liquids; (P) Planned for installation, but regulatory approvals not initiated"
TVA,TN,"Cumberland (TN) (Natural Gas Fired Combined Cycle, 777.8 MW)",generation,,2029-01,36.3903,-87.6539,False,False,1.0,"Cumberland (TN), Stewart County, TN",eia860m_august_generator2026.xlsx,https://www.eia.gov/electricity/data/eia860m/xls/august_generator2026.xlsx,2,"EIA-860M Planned sheet, row(s) 1837, 1838. Plant 3399 Cumberland (TN) (Tennessee Valley Authority), Stewart County, TN; balancing authority TVA. Planned operation 2029-01.
Generator CTG2: 454.8 MW Natural Gas Fired Combined Cycle; (P) Planned for installation, but regulatory approvals not initiated
Generator STG2: 323 MW Natural Gas Fired Combined Cycle; (P) Planned for installation, but regulatory approvals not initiated"
TVA,TN,"Cumberland (TN) (Natural Gas Fired Combined Cycle, 777.8 MW)",generation,,2034-12,36.3903,-87.6539,False,False,1.0,"Cumberland (TN), Stewart County, TN",eia860m_august_generator2026.xlsx,https://www.eia.gov/electricity/data/eia860m/xls/august_generator2026.xlsx,2,"EIA-860M Planned sheet, row(s) 2311, 2312. Plant 3399 Cumberland (TN) (Tennessee Valley Authority), Stewart County, TN; balancing authority TVA. Planned operation 2034-12.
Generator CTG1: 454.8 MW Natural Gas Fired Combined Cycle; (U) Under construction, less than or equal to 50 percent complete
Generator STG1: 323 MW Natural Gas Fired Combined Cycle; (U) Under construction, less than or equal to 50 percent complete"
TVA,TN,"Kingston (Natural Gas Fired Combined Cycle, Natural Gas Fired Combustion Turbine, 1830.6 MW)",generation,,2027-12,35.8992,-84.5194,False,False,1.0,"Kingston, Roane County, TN",eia860m_august_generator2026.xlsx,https://www.eia.gov/electricity/data/eia860m/xls/august_generator2026.xlsx,2,"EIA-860M Planned sheet, row(s) 1169, 1170, 1171, 1172, 1173, 1174, 1175, 1176, 1177, 1178, 1179, 1180, 1181, 1182, 1183, 1184, 1185, 1186. Plant 3407 Kingston (Tennessee Valley Authority), Roane County, TN; balancing authority TVA. Planned operation 2027-12.
Generator CTG1: 454.8 MW Natural Gas Fired Combined Cycle; (P) Planned for installation, but regulatory approvals not initiated
Generator G1: 65.8 MW Natural Gas Fired Combustion Turbine; (P) Planned for installation, but regulatory approvals not initiated
Generator G10: 65.8 MW Natural Gas Fired Combustion Turbine; (P) Planned for installation, but regulatory approvals not initiated
Generator G11: 65.8 MW Natural Gas Fired Combustion Turbine; (P) Planned for installation, but regulatory approvals not initiated
Generator G12: 65.8 MW Natural Gas Fired Combustion Turbine; (P) Planned for installation, but regulatory approvals not initiated
Generator G13: 65.8 MW Natural Gas Fired Combustion Turbine; (P) Planned for installation, but regulatory approvals not initiated
Generator G14: 65.8 MW Natural Gas Fired Combustion Turbine; (P) Planned for installation, but regulatory approvals not initiated
Generator G15: 65.8 MW Natural Gas Fired Combustion Turbine; (P) Planned for installation, but regulatory approvals not initiated
Generator G16: 65.8 MW Natural Gas Fired Combustion Turbine; (P) Planned for installation, but regulatory approvals not initiated
Generator G2: 65.8 MW Natural Gas Fired Combustion Turbine; (P) Planned for installation, but regulatory approvals not initiated
Generator G3: 65.8 MW Natural Gas Fired Combustion Turbine; (P) Planned for installation, but regulatory approvals not initiated
Generator G4: 65.8 MW Natural Gas Fired Combustion Turbine; (P) Planned for installation, but regulatory approvals not initiated
Generator G5: 65.8 MW Natural Gas Fired Combustion Turbine; (P) Planned for installation, but regulatory approvals not initiated
Generator G6: 65.8 MW Natural Gas Fired Combustion Turbine"
Leeward Asset Management,TN,"Ridgely Energy Farm (Batteries, 50 MW)",generation,,2029-12,36.306319,-89.46202,False,False,1.0,"Ridgely Energy Farm, Lake County, TN",eia860m_august_generator2026.xlsx,https://www.eia.gov/electricity/data/eia860m/xls/august_generator2026.xlsx,2,"EIA-860M Planned sheet, row(s) 2011. Plant 65445 Ridgely Energy Farm (Leeward Asset Management, LLC), Lake County, TN; balancing authority TVA. Planned operation 2029-12.
Generator RBESS: 50 MW Batteries; (P) Planned for installation, but regulatory approvals not initiated"
Sr Copeland,TN,"SR Copeland (Solar Photovoltaic, 110 MW)",generation,,2027-12,36.035453,-85.10991,False,False,1.0,"SR Copeland, Cumberland County, TN",eia860m_august_generator2026.xlsx,https://www.eia.gov/electricity/data/eia860m/xls/august_generator2026.xlsx,2,"EIA-860M Planned sheet, row(s) 1298. Plant 68099 SR Copeland (SR Copeland, LLC), Cumberland County, TN; balancing authority TVA. Planned operation 2027-12.
Generator COPE: 110 MW Solar Photovoltaic; (T) Regulatory approvals received. Not under construction"
Sr Denmark,TN,"SR Denmark (Solar Photovoltaic, 42 MW)",generation,,2026-12,35.563633,-88.93254,False,False,1.0,"SR Denmark, Madison County, TN",eia860m_august_generator2026.xlsx,https://www.eia.gov/electricity/data/eia860m/xls/august_generator2026.xlsx,2,"EIA-860M Planned sheet, row(s) 489. Plant 68229 SR Denmark (SR Denmark, LLC), Madison County, TN; balancing authority TVA. Planned operation 2026-12.
Generator DEMRK: 42 MW Solar Photovoltaic; (V) Under construction, more than 50 percent complete"
Sr Durhamville,TN,"SR Durhamville (Solar Photovoltaic, 66 MW)",generation,,2027-12,35.626611,-89.46162,False,False,1.0,"SR Durhamville, Haywood County, TN",eia860m_august_generator2026.xlsx,https://www.eia.gov/electricity/data/eia860m/xls/august_generator2026.xlsx,2,"EIA-860M Planned sheet, row(s) 1325. Plant 68556 SR Durhamville (SR Durhamville, LLC), Haywood County, TN; balancing authority TVA. Planned operation 2027-12.
Generator DURHM: 66 MW Solar Photovoltaic; (T) Regulatory approvals received. Not under construction"
Sr Middleton,TN,"SR Middleton (Solar Photovoltaic, 55 MW)",generation,,2027-07,35.176939,-88.87867,False,False,1.0,"SR Middleton, Hardeman County, TN",eia860m_august_generator2026.xlsx,https://www.eia.gov/electricity/data/eia860m/xls/august_generator2026.xlsx,2,"EIA-860M Planned sheet, row(s) 933. Plant 68561 SR Middleton (SR Middleton, LLC), Hardeman County, TN; balancing authority TVA. Planned operation 2027-07.
Generator MIDDN: 55 MW Solar Photovoltaic; (V) Under construction, more than 50 percent complete"
Sr Milan,TN,"SR Milan (Solar Photovoltaic, 2.8 MW)",generation,,2028-07,35.945285,-88.75989,False,False,1.0,"SR Milan, Gibson County, TN",eia860m_august_generator2026.xlsx,https://www.eia.gov/electricity/data/eia860m/xls/august_generator2026.xlsx,2,"EIA-860M Planned sheet, row(s) 1606. Plant 68110 SR Milan (SR Milan, LLC), Gibson County, TN; balancing authority TVA. Planned operation 2028-07.
Generator MILAN: 2.8 MW Solar Photovoltaic; (T) Regulatory approvals received. Not under construction"
Sr Puryear,TN,"SR Puryear (Solar Photovoltaic, 50 MW)",generation,,2027-08,36.449856,-88.30107,False,False,1.0,"SR Puryear, Henry County, TN",eia860m_august_generator2026.xlsx,https://www.eia.gov/electricity/data/eia860m/xls/august_generator2026.xlsx,2,"EIA-860M Planned sheet, row(s) 976. Plant 68564 SR Puryear (SR Puryear, LLC), Henry County, TN; balancing authority TVA. Planned operation 2027-08.
Generator PURYR: 50 MW Solar Photovoltaic; (U) Under construction, less than or equal to 50 percent complete"
Sr Shelby,TN,"SR Shelby (Solar Photovoltaic, 9.8 MW)",generation,,2027-12,35.353292,-89.81498,False,False,1.0,"SR Shelby, Shelby County, TN",eia860m_august_generator2026.xlsx,https://www.eia.gov/electricity/data/eia860m/xls/august_generator2026.xlsx,2,"EIA-860M Planned sheet, row(s) 1307. Plant 68255 SR Shelby (SR Shelby, LLC), Shelby County, TN; balancing authority TVA. Planned operation 2027-12.
Generator SHELB: 9.8 MW Solar Photovoltaic; (T) Regulatory approvals received. Not under construction"
Sr Shelby Ii,TN,"SR Shelby II, LLC (Solar Photovoltaic, 6 MW)",generation,,2028-02,35.353646,-89.8109,False,False,1.0,"SR Shelby II, LLC, Shelby County, TN",eia860m_august_generator2026.xlsx,https://www.eia.gov/electricity/data/eia860m/xls/august_generator2026.xlsx,2,"EIA-860M Planned sheet, row(s) 1445. Plant 69867 SR Shelby II, LLC (SR Shelby II, LLC), Shelby County, TN; balancing authority TVA. Planned operation 2028-02.
Generator SHEII: 6 MW Solar Photovoltaic; (T) Regulatory approvals received. Not under construction"
Sr Tullahoma,TN,"SR Tullahoma (Solar Photovoltaic, 200 MW)",generation,,2027-04,35.360002,-86.27532,False,False,1.0,"SR Tullahoma, Moore County, TN",eia860m_august_generator2026.xlsx,https://www.eia.gov/electricity/data/eia860m/xls/august_generator2026.xlsx,2,"EIA-860M Planned sheet, row(s) 765. Plant 68568 SR Tullahoma (SR Tullahoma, LLC), Moore County, TN; balancing authority TVA. Planned operation 2027-04.
Generator TULLA: 200 MW Solar Photovoltaic; (V) Under construction, more than 50 percent complete"
TVA,TN,"Vonore Battery Energy Storage System (Batteries, 20 MW)",generation,,2026-12,35.61543,-84.27489,False,False,1.0,"Vonore Battery Energy Storage System, Monroe County, TN",eia860m_august_generator2026.xlsx,https://www.eia.gov/electricity/data/eia860m/xls/august_generator2026.xlsx,2,"EIA-860M Planned sheet, row(s) 453. Plant 64255 Vonore Battery Energy Storage System (Tennessee Valley Authority), Monroe County, TN; balancing authority TVA. Planned operation 2026-12.
Generator VBESS: 20 MW Batteries; (U) Under construction, less than or equal to 50 percent complete"
