state,name,power,operator,lat,lng
AL,"""Y"" Substation",substation,PowerSouth Energy Cooperative,32.463,-85.564
AL,10th Street Substation,substation,Huntsville Utilities,34.714,-86.613
AL,115 KV Switching Substation,substation,Dothan Utilities,31.259,-85.401
AL,3M Substation,substation,3M,34.642,-87.043
AL,Acipco Substation,substation,Alabama Power,33.546,-86.83
AL,Adamsville Substation,substation,Alabama Power,33.602,-86.956
AL,Addison Substation,substation,,34.202,-87.177
AL,Airport Lane Substation,substation,,33.36,-86.986
AL,Airport Substation,substation,Alabama Power,33.225,-87.621
AL,Akron Substation,substation,Alabama Power,32.88,-87.708
AL,AL Solar A,plant,Clenera; Alabama Power,32.873,-85.39
AL,Alabama Pine and River Pulp Cogen,plant,Alabama River Cellulose LLC,31.583,-87.489
AL,Alabama River Newsprint Substation,substation,PowerSouth Energy Cooperative,31.586,-87.498
AL,Alabaster Switching Station,substation,Alabama Power,33.211,-86.796
AL,Alberta City Substation,substation,Alabama Power,33.208,-87.504
AL,Albertville Emergency Generation,plant,Albertville Municipal Utilities Board,34.359,-86.224
AL,Albertville North Substation,substation,Albertville Munipicial Utilities Board,34.294,-86.239
AL,Albertville Substation,substation,Tennessee Valley Authority,34.236,-86.185
AL,Albertville Substation,substation,Marshall-DeKalb Electric Cooperative,34.268,-86.2
AL,Alder Springs Substation,substation,Guntersville Electric Board,34.362,-86.238
AL,Aldrich Substation,substation,Alabama Power,33.116,-86.889
AL,Alexander City Substation,substation,,32.948,-85.976
AL,Aliceville Substation,substation,Alabama Power,33.107,-88.125
AL,Aliceville Substation,substation,Alabama Power,33.129,-88.164
AL,Altoona Substation,substation,Alabama Power,34.019,-86.33
AL,AMEA Peaking Gas Power Plant,plant,Alabama Municipal Electric Authority,33.166,-86.282
AL,ANAD Solar Array,plant,Alabama Power Co,33.626,-85.941
AL,ANAD Solar Array,plant,Alabama Power,33.684,-85.973
AL,Andalusia Bypass Substation,substation,PowerSouth Energy Cooperative,31.31,-86.499
AL,Andalusia Industrial Substation,substation,PowerSouth Energy Cooperative,31.33,-86.463
AL,Andrews Substation,substation,PowerSouth Energy Cooperative,32.706,-85.311
AL,Anniston Substation,substation,,33.65,-85.858
AL,Antioch Substation,substation,PowerSouth Energy Cooperative,31.321,-86.461
AL,Arab Substation,substation,Tennessee Valley Authority,34.388,-86.507
AL,Ardmore Substation,substation,,34.947,-86.871
AL,Argo Substation,substation,Alabama Power,33.679,-86.535
AL,Ariton Substation,substation,PowerSouth Energy Cooperative,31.587,-85.725
AL,Arkema Substation,substation,Arkema Inc.,30.981,-88.027
AL,Ashford Substation,substation,Alabama Power,31.188,-85.236
AL,Ashford Substation,substation,Wiregrass Electric Cooperative,31.197,-85.261
AL,Ashland Substation,substation,Alabama Power,33.275,-85.838
AL,Ashland Substation,substation,Alabama Power,33.286,-85.898
AL,Ashridge Substation,substation,Alabama Power,34.228,-87.46
AL,Athens Substation,substation,,34.821,-86.952
AL,Atmore Switching Station,substation,PowerSouth Energy Cooperative,31.0,-87.542
AL,Auburn,substation,,32.664,-85.559
AL,Autaugaville 230kV Substation,substation,,32.383,-86.575
AL,Autaugaville Substation,substation,Alabama Power,32.378,-86.584
AL,Baker Hill Substation,substation,PowerSouth Energy Cooperative,31.753,-85.315
AL,Bankhead Dam,substation,,33.459,-87.358
AL,Banks Substation,substation,PowerSouth Energy Cooperative,31.786,-85.821
AL,Bankston Substation,substation,Alabama Power,33.668,-87.674
AL,Barnwell Substation,substation,PowerSouth Energy Cooperative,30.422,-87.87
AL,Barry Electric Generating Plant,plant,Alabama Power,30.998,-88.005
AL,Barry Substation,substation,,31.005,-88.01
AL,Bartletts Ferry Dam,plant,Georgia Power,32.662,-85.092
AL,Bartletts Ferry Dam Substation,substation,,32.661,-85.092
AL,Basin Substation,substation,PowerSouth Energy Cooperative,31.354,-86.121
AL,Bay Springs Substation,substation,PowerSouth Energy Cooperative,31.192,-85.526
AL,Bayou La Batre Substation,substation,Alabama Power,30.421,-88.245
AL,Beach Express Substation,substation,PowerSouth Energy Cooperative,30.363,-87.654
AL,Bear Creek Substation,substation,Alabama Power,34.283,-87.697
AL,Beda Substation,substation,PowerSouth Energy Cooperative,31.05,-86.582
AL,Belgreen Substation,substation,Franklin Electric Cooperative,34.483,-87.908
AL,Belk Substation,substation,Alabama Power,33.652,-87.931
AL,Bellefonte Substation,substation,,34.71,-85.929
AL,Belleville Substation,substation,PowerSouth Energy Cooperative,31.422,-87.108
AL,Berlin Substation,substation,Cullman Electric Cooperative,34.178,-86.743
AL,Berry Substation,substation,Alabama Power,33.673,-87.597
AL,Bessemer Substation,substation,Alabama Power,33.422,-86.963
AL,Big Creek Substation,substation,Alabama Power,30.695,-88.294
AL,Big Sandy Substation,substation,Alabama Power,33.063,-87.576
AL,Billingsley Substation,substation,Alabama Power,32.651,-86.733
AL,Black Bear Solar 1,plant,"Lightsource Renewable Energy Asset Management, LLC",32.194,-86.332
AL,Blackburn Substation,substation,Florence Utilities,34.939,-87.669
AL,Blocton Substation,substation,Alabama Power,33.124,-87.109
AL,Blountsville Substation,substation,Alabama Power,34.086,-86.571
AL,Blountsville Substation,substation,Alabama Power,34.091,-86.584
AL,Blue Mountain Substation,substation,Alabama Power,33.692,-85.839
AL,Bluff Park Substation,substation,Alabama Power,33.419,-86.848
AL,Boaz South Substation,substation,Marshall-DeKalb Electric Cooperative,34.191,-86.156
AL,Boise Cascade Substation,substation,Boise Cascade,32.901,-86.703
AL,Bonny Brook Substation,substation,Alabama Power,33.779,-85.757
AL,Bottom's Mill Substation,substation,PowerSouth Energy Cooperative,31.505,-85.647
AL,Boyles Substation,substation,Alabama Power,33.566,-86.804
AL,Bradley Road Substation,substation,Alabama Power,33.128,-87.484
AL,Braggs Substation,substation,,32.051,-86.793
AL,Brannon Stand Substation,substation,PowerSouth Energy Cooperative,31.208,-85.487
AL,Bremen Substation,substation,Cullman Electric Cooperative,33.997,-86.966
AL,Brewton Substation,substation,PowerSouth Energy Cooperative,31.302,-86.475
AL,Brewton Switching Station,substation,PowerSouth Energy Cooperative,31.087,-87.102
AL,Bridges Creek Substation,substation,PowerSouth Energy Cooperative,31.31,-85.93
AL,Brooksville Substation,substation,Alabama Power,34.16,-86.475
AL,Browns Ferry Nuclear Power Plant,plant,Tennessee Valley Authority,34.709,-87.116
AL,Browns Ferry Substation,substation,Tennessee Valley Authority,34.705,-87.117
AL,Browns Substation,substation,Alabama Power,32.438,-87.366
AL,Brundidge City Substation,substation,PowerSouth Energy Cooperative,31.737,-85.821
AL,Brundidge Substation,substation,PowerSouth Energy Cooperative,31.719,-85.834
AL,Brundidge Substation,substation,PowerSouth Energy Cooperative,31.728,-85.826
AL,Buchnan Lumber Substation,substation,Buchnan Lumber Company,33.121,-88.166
AL,Buhl Substation,substation,Alabama Power,33.26,-87.751
AL,Bunge Substation,substation,,34.604,-86.966
AL,Burrows Crossing Road Substation,substation,Alabama Power,33.935,-87.159
AL,Calera Quarry Substation,substation,Vulcan Materials,33.136,-86.765
AL,Calera Substation,substation,Alabama Power,33.107,-86.748
AL,Calera Substation,substation,Alabama Power,33.127,-86.755
AL,Calhoun Energy Center,plant,Calhoun Power Co LLC,33.588,-85.972
AL,Calvert Substation,substation,,31.102,-88.049
AL,Camp Silbert Substation,substation,Alabama Power,33.992,-86.117
AL,Capps Substation,substation,PowerSouth Energy Cooperative,31.493,-85.301
AL,Capps Switching Station,substation,PowerSouth Energy Cooperative,31.492,-85.285
AL,Carbo Ceramics Substation,substation,"Carbo Ceramics, Inc.",31.878,-85.161
AL,Carbon Hill Mine Substation,substation,"Z & J Operating, LLC",33.874,-87.526
AL,Carbon Hill Substation,substation,Alabama Power,33.897,-87.537
AL,Carlton Substation,substation,PowerSouth Energy Cooperative,31.327,-87.83
AL,Castleberry Substation,substation,PowerSouth Energy Cooperative,31.333,-87.027
AL,Cedar Bend Substation,substation,Alabama Power,33.9,-86.043
AL,Center Star Substation,substation,Florence Utilities,34.862,-87.457
AL,Central Alabama Generating Station,plant,Alabama Power,32.649,-86.738
AL,Centre Substation,substation,Cherokee Electric Cooperative,34.162,-85.658
AL,Centreville Substation,substation,Alabama Power,32.944,-87.143
AL,Charles R. Lowman Power Plant,plant,PowerSouth Energy Cooperative,31.487,-87.913
AL,Chastain Hill Switching Substation,substation,PowerSouth Energy Cooperative,31.478,-87.837
AL,Chatom Substation,substation,PowerSouth Energy Cooperative,31.497,-88.236
AL,Chelsea Substation,substation,Alabama Power,33.337,-86.635
AL,Chelsea Substation,substation,Huntsville Utilities,34.688,-86.61
AL,Chembond Substation,substation,Arclin Performance Applied,31.342,-86.526
AL,Cherokee Substation,substation,City of Sheffield,34.744,-87.972
AL,Chickasaw Substation,substation,,30.763,-88.06
AL,Childersburg Substation,substation,PowerSouth Energy Cooperative,33.228,-86.406
AL,Choctaw Substation,substation,Dothan Utilities,31.238,-85.432
AL,Chunchula Substation,substation,Alabama Power,30.917,-88.2
AL,Church Street Substation,substation,Fairhope Public Utilities,30.52,-87.905
AL,Clarkdale Substation,substation,Huntsville Utilities,34.806,-86.78
AL,Clay Substation,substation,Alabama Power,33.709,-86.585
AL,Clay Substation,substation,Alabama Power,33.74,-86.558
AL,Clayhatchee Subatation,substation,PowerSouth Energy Cooperative,31.234,-85.741
AL,Clayton Highway Substation,substation,Alabama Power,31.889,-85.49
AL,Clayton Substation,substation,Alabama Power,31.883,-85.453
AL,Cleveland Substation,substation,Alabama Power,33.989,-86.579
AL,Clio Switching Station,substation,PowerSouth Energy Cooperative,31.705,-85.593
AL,Cloverdale Substation,substation,Florence Utilities,34.945,-87.776
AL,Coden Substation,substation,Alabama Power,30.383,-88.23
AL,Coffee Springs Substation,substation,PowerSouth Energy Cooperative,31.021,-86.014
AL,Colbert Power Plant,plant,Tennessee Valley Authority,34.739,-87.845
AL,Colbert Substation,substation,Tennessee Valley Authority,34.743,-87.851
AL,Coldwater Substation,substation,Alabama Power,33.6,-85.928
AL,Collinsville Substation,substation,Marshall-DeKalb Electric Cooperative,34.266,-85.858
AL,Collinsville Substation,substation,Tennessee Valley Authority,34.28,-85.846
AL,Colonial Substation,substation,Alabama Power,32.977,-87.656
AL,Columbia Substation,substation,Alabama Power,31.293,-85.124
AL,Comer Substation,substation,Alabama Power,32.022,-85.392
AL,Coosa Pines Substation,substation,Alabama Power,33.339,-86.36
AL,Coosa Pines Substation,substation,Alabama Power,33.345,-86.352
AL,Cottondale Substation,substation,Alabama Power,33.18,-87.466
AL,Cottonwood Substation,substation,Alabama Power,31.1,-85.263
AL,Courtland Substation,substation,City of Sheffield,34.663,-87.309
AL,Cowarts Substation,substation,Alabama Power,31.188,-85.304
AL,CPC Pelham Substation,substation,Colonial Pipeline Company,33.282,-86.803
AL,CPC St. Ives Substation,substation,Colonial Pipeline Company,33.421,-86.286
AL,CPL Moundville Substation,substation,Colonial Pipeline Company,32.978,-87.655
AL,Crescent Ridge D.S.,substation,,33.213,-87.487
AL,Cropwell Substation,substation,Alabama Power,33.557,-86.273
AL,Crumptonia Substation,substation,PowerSouth Energy Cooperative,32.256,-87.294
AL,Cullman Substation,substation,,34.208,-86.861
AL,Cumberland Solar Farm,plant,"Cumberland Land Holdings, LLC",34.95,-86.868
AL,Curry Substation,substation,Alabama Power,33.953,-87.213
AL,Dadeville Substation,substation,Alabama Power,32.848,-85.769
AL,Dale County Switching Station,substation,PowerSouth Energy Cooperative,31.306,-85.594
AL,Daleville Substation,substation,,31.306,-85.716
AL,Danville Substation,substation,,34.413,-87.092
AL,Davis Gap Substation,substation,Fort Payne Improvement Authority,34.414,-85.746
AL,Decatur Energy Center,plant,Decatur Energy Center LLC,34.629,-87.02
AL,Decatur Substation,substation,,34.598,-86.959
AL,Demopolis Substation,substation,Alabama Power,32.515,-87.794
AL,Deposit Substation,substation,Huntsville Utilities,34.845,-86.455
AL,Dixons Mill Substation,substation,Alabama Power,32.067,-87.771
AL,Dothan Distribution Substation,substation,Alabama Power,31.248,-85.437
AL,Dothan Substation,substation,Alabama Power,31.26,-85.401
AL,Double Springs Substation,substation,Alabama Power,34.14,-87.41
AL,Dublin Switching Station,substation,PowerSouth Energy Cooperative,32.025,-86.12
AL,Duncanville Substation,substation,Alabama Power,33.044,-87.447
AL,Dutton Substation,substation,Sand Mountain Electric Cooperative,34.62,-85.916
AL,E B Harris Electric Generating Plant,plant,Southern Power,32.381,-86.574
AL,Earnest C Gaston Steam Plant,plant,Alabama Power,33.242,-86.46
AL,East Birmingham Substation,substation,Alabama Power,33.538,-86.78
AL,East Burdeshaw Substation,substation,Dothan Utilities,31.227,-85.361
AL,East Chelsea Substation,substation,Alabama Power,33.351,-86.652
AL,East Cullman Substation,substation,,34.194,-86.748
AL,East Dothan Substation,substation,Dothan Utilities,31.235,-85.363
AL,East Eufala Substation,substation,Alabama Power,31.892,-85.14
AL,East Florence Substation,substation,Florence Utilities,34.811,-87.645
AL,East Geneva Substation,substation,Alabama Power,31.044,-85.892
AL,East Haven Substation,substation,Dothan Utilities,31.209,-85.367
AL,East Jacksonville Substation,substation,Alabama Power,33.817,-85.751
AL,East Montevallo Substation,substation,Alabama Power,33.103,-86.842
AL,East Pelham Substation,substation,Alabama Power,33.28,-86.695
AL,East Pell City Substation,substation,Alabama Power,33.589,-86.277
AL,East Thomas Substation,substation,Alabama Power,33.521,-86.855
AL,East Trussville Substation,substation,Alabama Power,33.639,-86.58
AL,Eastwood Substation,substation,Florence Utilities,34.822,-87.627
AL,Echo Substation,substation,PowerSouth Energy Cooperative,31.456,-85.481
AL,Elba,plant,,31.363,-86.094
AL,Elba Substation,substation,PowerSouth Energy Cooperative,31.417,-86.079
AL,Elba Switching Station,substation,PowerSouth Energy Cooperative,31.413,-86.081
AL,Elgin Substation,substation,Florence Utilities,34.846,-87.391
AL,Elgin Substation,substation,Tennessee Valley Authority/Florence Utilities,34.87,-87.384
AL,Elkmont Substation,substation,,34.935,-86.963
AL,Ellicott Substation,substation,,30.996,-88.032
AL,Elm Street Substation,substation,,31.808,-85.956
AL,Elsanor Substation,substation,PowerSouth Energy Cooperative,30.527,-87.557
AL,Elsanor Substation,substation,PowerSouth Energy Cooperative,30.56,-87.581
AL,Englewood Substation,substation,Alabama Power,33.102,-87.555
AL,Eufaula Central Substation,substation,Alabama Power,31.89,-85.149
AL,Eufaula Substation,substation,Alabama Power,31.873,-85.157
AL,Eureka Substation,substation,PowerSouth Energy Cooperative,33.545,-86.173
AL,Eutaw Substation,substation,Alabama Power,32.84,-87.872
AL,Eutaw Substation,substation,Alabama Power,32.895,-87.869
AL,Evergreen Substation,substation,PowerSouth Energy Cooperative,31.424,-86.936
AL,Exxon Substation,substation,PowerSouth Energy Cooperative,31.071,-87.359
AL,Fairhope Avenue Substation,substation,Fairhope Public Utilities,30.524,-87.875
AL,Fairmount Substation,substation,,34.797,-86.88
AL,Fairview Substation,substation,Tennessee Valley Authority,34.265,-86.696
AL,Falkville Substation,substation,Joe Wheeler EMC,34.374,-86.913
AL,Farley Substation,substation,,31.224,-85.116
AL,Farmstead Substation,substation,Alabama Power,33.887,-87.287
AL,Faunsdale Substation,substation,Alabama Power,32.476,-87.594
AL,Fayette Substation,substation,Alabama Power,33.667,-87.841
AL,Findley Hill Substation,substation,PowerSouth Energy Cooperative,31.702,-86.249
AL,Fish River Regulating Station,substation,Alabama Power,30.501,-87.822
AL,Fish River Substation,substation,PowerSouth Energy Cooperative,30.477,-87.819
AL,Five Points Substation,substation,PowerSouth Energy Cooperative,32.249,-87.232
AL,Flash Substation,substation,Meta,34.838,-86.63
AL,Flatwoods Switching Station,substation,Alabama Power,33.245,-87.63
AL,Flomaton Substation,substation,,31.011,-87.288
AL,Florence Electricity Substation,substation,Florence Utilities,34.828,-87.682
AL,Florence Substation,substation,Florence Utilities,34.827,-87.624
AL,Florence Utilities Substation,substation,Florence Utilities,34.799,-87.679
AL,Florida Avenue Substation,substation,PowerSouth Energy Cooperative,30.291,-87.578
AL,Flynn Substation,substation,Dothan Utilities,31.272,-85.43
AL,Ford City Substation,substation,City of Sheffield,34.779,-87.53
AL,Forestdale Substation,substation,Alabama Power,33.574,-86.887
AL,Fort Benning Solar,plant,Georgia Power,32.304,-84.99
AL,Fort Deposit Substation,substation,,31.987,-86.56
AL,Fort Deposit TS Substation,substation,,31.925,-86.577
AL,Fort Payne Substation,substation,Tennessee Valley Authority,34.478,-85.689
AL,Fort Rucker Solar Array,plant,Alabama Power,31.332,-85.73
AL,Fort Rucker Substation,substation,,31.323,-85.708
AL,Four Point Substation,substation,PowerSouth Energy Cooperative,31.302,-88.362
AL,Franklin Substation,substation,PowerSouth Energy Cooperative,31.728,-87.412
AL,Freemanville Substation,substation,PowerSouth Energy Cooperative,31.07,-87.517
AL,Friendship Substation,substation,Alabama Power,33.586,-85.786
AL,Frisco City Substation,substation,PowerSouth Energy Cooperative,31.432,-87.399
AL,Fullers Substation,substation,PowerSouth Energy Cooperative,31.815,-86.311
AL,Fulton Springs Substation,substation,Alabama Power,33.617,-86.809
AL,Fultondale Substation,substation,Tennessee Valley Authority,33.622,-86.801
AL,Gadsden Substation,substation,Alabama Power,34.014,-85.973
AL,Gantt Power Plant,plant,PowerSouth Energy Cooperative,31.403,-86.48
AL,Gantt Substation,substation,PowerSouth Energy Cooperative,31.399,-86.477
AL,Gantt Substation,substation,PowerSouth Energy Cooperative,31.401,-86.477
AL,Garner Substation,substation,PowerSouth Energy Cooperative,31.112,-86.108
AL,Gaston Substation,substation,Alabama Power,33.245,-86.459
AL,General Electric Plastic,plant,Alabama Power,32.31,-86.525
AL,Geneva East Substation,substation,,31.034,-85.863
AL,Geneva Substation,substation,Alabama Power,31.047,-85.901
AL,George Dam Substation,substation,,31.623,-85.065
AL,Georgia Mountain Substation,substation,Tennessee Valley Authority,34.367,-86.387
AL,Georgia Pacific Substation,substation,Georgia Pacific,31.495,-87.372
AL,Georgia-Pacific Brewton Mill,plant,Georgia-Pacific Brewton LLC,31.077,-87.111
AL,Gladstone Switching Station,substation,Tennessee Valley Authority,34.852,-86.631
AL,Glidewell Foundry Substation,substation,,33.095,-86.74
AL,Globe Metallurgical Substation #1,substation,Globe Metallurgical,32.376,-86.987
AL,Globe Metallurgical Substation #2,substation,Globe Metallurgical,32.375,-86.987
AL,Goat Rock Dam,plant,Georgia Power,32.61,-85.081
AL,Goat Rock Dam Substation,substation,,32.608,-85.082
AL,Goodsprings Substation,substation,Alabama Power,33.658,-87.223
AL,Goose Pond Substation,substation,Tennessee Valley Authority,34.594,-86.059
AL,Gordo Substation,substation,Alabama Power,33.314,-87.905
AL,Gordonsville Substation,substation,PowerSouth Energy Cooperative,32.146,-86.683
AL,Goshen Substation,substation,PowerSouth Energy Cooperative,31.727,-86.121
AL,Grand Bay Substation,substation,Alabama Power,30.478,-88.336
AL,Grasmere Substation,substation,PowerSouth Energy Cooperative,33.375,-86.327
AL,Graysville Substation,substation,Alabama Power,33.628,-86.957
AL,Green Hill Substation,substation,Florence Utilities,34.972,-87.522
AL,Green Station Substation,substation,Alabama Power,33.651,-86.718
AL,Greenbrier Substation,substation,Alabama Power,33.626,-85.788
AL,Greene County Electric Generating Plant,plant,Alabama Power,32.602,-87.785
AL,Greene County Station,substation,Alabama Power,32.603,-87.782
AL,Grove Hill Substation,substation,Alabama Power,31.71,-87.783
AL,Guest Substation,substation,Sand Mountain Electric Cooperative,34.427,-85.858
AL,Guin Substation,substation,Alabama Power,33.957,-87.875
AL,Gulf Park Substation,substation,PowerSouth Energy Cooperative,30.253,-87.675
AL,Gulf Shores Substation,substation,PowerSouth Energy Cooperative,30.276,-87.69
AL,Gulfstream Substation,substation,,30.395,-88.19
AL,Guntersville Dam,plant,Tennessee Valley Authority,34.423,-86.393
AL,Guntersville Dam Substation,substation,TVA,34.421,-86.394
AL,Guntersville Substation,substation,Tennessee Valley Authority,34.317,-86.316
AL,Gurley Substation,substation,Huntsville Utilities,34.707,-86.377
AL,H Allen Franklin Combined Cycle,plant,Southern Power,32.608,-85.099
AL,H Allen Franklin Combined Cycle,substation,,32.608,-85.097
AL,H. Neely Henry Dam,plant,Alabama Power,33.784,-86.053
AL,Hackleburg Substation,substation,Alabama Power,34.282,-87.822
AL,Haleburg Substation,substation,PowerSouth Energy Cooperative,31.408,-85.139
AL,Haleyville Substation,substation,Alabama Power,34.236,-87.604
AL,Hamilton Substation,substation,Alabama Power,34.132,-87.99
AL,Hamilton Substation,substation,Alabama Power,34.148,-87.964
AL,Hanceville Substation,substation,Cullman Electric Cooperative,34.06,-86.78
AL,Hanceville Switching Station,substation,Tennessee Valley Authority,34.061,-86.781
AL,Happy Home Substation,substation,Guntersville Electric Board,34.317,-86.315
AL,Hargrove Road Substation,substation,Alabama Power,33.172,-87.49
AL,Harpersville Substation,substation,Alabama Power,33.35,-86.408
AL,Harris Power Plant,plant,Alabama Power,33.258,-85.616
AL,Hartselle Substation,substation,Joe Wheeler EMC,34.427,-86.943
AL,Hayden Substation,substation,Alabama Power,33.888,-86.761
AL,Hayes Substation,substation,PowerSouth Energy Cooperative,31.354,-85.803
AL,Hazel Green Substation,substation,Huntsville Utilities,34.903,-86.572
AL,Hazel Green Substation,substation,,34.941,-86.569
AL,Headland Substation,substation,PowerSouth Energy Cooperative,31.404,-85.415
AL,Hector Substation,substation,PowerSouth Energy Cooperative,32.112,-85.908
AL,Helena Substation (DS),substation,Alabama Power,33.291,-86.838
AL,Helena Substation (TS),substation,Alabama Power,33.291,-86.84
AL,Helicon Substation,substation,,34.128,-87.139
AL,Henagar Substation,substation,Sand Mountain Electric Cooperative,34.627,-85.753
AL,Hendrix Substation,substation,Alabama Power,34.04,-86.449
AL,Henry Road Substation,substation,,33.646,-85.787
AL,Hermitage Drive Substation,substation,Florence Utilities,34.843,-87.647
AL,Highland Substation,substation,PowerSouth Energy Cooperative,31.943,-86.32
AL,Hillabee Energy Center,plant,CER Generation LLC,33.001,-85.904
AL,Hillabee Substation,substation,,33.002,-85.903
AL,Hodges Substation,substation,,34.309,-87.91
AL,Hodgesville Substation,substation,Dothan Utilities,31.189,-85.397
AL,Hog Bayou Energy Center,plant,Mobile Energy LLC,30.748,-88.057
AL,Holly Hills Substation,substation,PowerSouth Energy Cooperative,33.641,-86.118
AL,Holly Pond Substation,substation,Cullman Electric Cooperative,34.175,-86.637
AL,Holt Dam,substation,,33.255,-87.45
AL,Holt Lock and Dam,plant,Alabama Power,33.254,-87.45
AL,Holt Substation,substation,Alabama Power,33.234,-87.472
AL,Hoover Substation,substation,Alabama Power,33.39,-86.807
AL,Horton Substation,substation,Marshall-DeKalb Electric Cooperative,34.198,-86.283
AL,Houston Street Central Substation,substation,Alabama Power,30.672,-88.081
AL,Howelton Substation,substation,Alabama Power,34.061,-86.207
AL,Hueytown Substation,substation,Alabama Power,33.43,-86.978
AL,Hunt Oil Substation,substation,Hunt Refining Company,33.201,-87.61
AL,Huntsville Primary Substation,substation,Huntsville Utilities,34.723,-86.591
AL,Hurtsboro Substation,substation,Alabama Power,32.238,-85.427
AL,Huxford Substation,substation,,31.224,-87.458
AL,Hyundai Power Transformers Substation,substation,Hyundai Power Transformers,32.26,-86.366
AL,Hyundai Substation,substation,Hyundai,32.286,-86.33
AL,Indian Springs Substation,substation,Alabama Power,33.362,-86.728
AL,Industrial Park Substation,substation,Florence Utilities,34.876,-87.661
AL,Ineos Substation,substation,Ineos,30.531,-88.125
AL,International Paper Pine Hill Mill Cogen,plant,International Paper Co.,31.97,-87.481
AL,International Paper Riverdale Mill,plant,International Paper Co-Riverdl,32.426,-86.87
AL,International Paper Substation,substation,International Paper,32.419,-86.468
AL,Inverness Substation,substation,Alabama Power,33.411,-86.701
AL,Ironman Substation,substation,Joe Wheeler EMC,34.442,-86.987
AL,Jacksonville Substation,substation,Alabama Power,33.816,-85.774
AL,James H. Miller Electric Generating Plant,plant,Alabama Power,33.631,-87.062
AL,Jasper Substation,substation,Alabama Power,33.824,-87.3
AL,Jemison Substation,substation,Alabama Power,32.981,-86.751
AL,John Hollis Bankhead Lock and Dam,plant,,33.458,-87.357
AL,Jones Bluff Power Plant,plant,USCE-Mobile District,32.325,-86.785
AL,Jones Chapel Substation,substation,Cullman Electric Cooperative,34.199,-87.054
AL,Jordan Dam,plant,Alabama Power,32.619,-86.256
AL,Jordan Dam Substation,substation,,32.617,-86.261
AL,Joseph M. Farley Nuclear Plant,plant,Southern Nuclear,31.222,-85.113
AL,Judson Substation,substation,PowerSouth Energy Cooperative,31.612,-85.163
AL,Kellyton Substation,substation,Alabama Power,32.972,-86.017
AL,Kentuck Substation,substation,Alabama Power,33.225,-87.589
AL,Ketona Substation,substation,Alabama Power,33.607,-86.756
AL,Killen Substation,substation,Florence Utilities,34.86,-87.544
AL,Kimberly Clark Mobile - CHP Plant,plant,Kimberly Clark - Mobile Alabama,30.736,-88.05
AL,Kimbrough Substation,substation,Alabama Power,32.032,-87.566
AL,Kingville Junction Substation,substation,Alabama Power,33.661,-88.035
AL,Kinston Substation,substation,PowerSouth Energy Cooperative,31.24,-86.186
AL,Kushla Switching Station,substation,,30.814,-88.186
AL,Kyzar Substation,substation,PowerSouth Energy Cooperative,31.811,-86.003
AL,Laceys Spring Substation,substation,Joe Wheeler EMC,34.53,-86.602
AL,LaFayette Substation,substation,,32.9,-85.389
AL,Lattiwood Substation,substation,Marshall-DeKalb Electric Cooperative,34.273,-86.282
AL,Lay Dam,plant,Alabama Power,32.963,-86.519
AL,Lay Dam Substation,substation,Alabama Power,32.963,-86.521
AL,Lee County Switching Station,substation,PowerSouth Energy Cooperative,32.577,-85.319
AL,Leeds Substation,substation,Alabama Power,33.524,-86.58
AL,Leesburg Substation,substation,Cherokee Electric Cooperative,34.19,-85.766
AL,Leighton Substation,substation,City of Sheffield,34.709,-87.528
AL,Leroy Substation,substation,PowerSouth Energy Cooperative,31.506,-87.96
AL,Letohatchee Substation,substation,,32.121,-86.481
AL,Lewis Smith Dam,plant,Alabama Power,33.941,-87.108
AL,Lewis Smith Dam,substation,,33.941,-87.108
AL,Lexington Substation,substation,Florence Utilities,34.97,-87.379
AL,Liberty Hill Substation,substation,,34.833,-86.639
AL,Liberty Switching Station,substation,PowerSouth Energy Cooperative,30.994,-86.06
AL,Lim Rock,substation,,34.68,-86.189
AL,Limestone Substation,substation,PowerSouth Energy Cooperative,31.105,-85.404
AL,Limestone Substation,substation,Tennessee Valley Authority,34.719,-86.847
AL,Linden Substation,substation,Alabama Power,32.294,-87.786
AL,Lineville Substation,substation,Alabama Power,33.296,-85.759
AL,Littleville Substation,substation,City of Sheffield,34.583,-87.638
AL,Livingston Substation,substation,Alabama Power,32.602,-88.162
AL,Locust Fork Substation,substation,Alabama Power,33.931,-86.66
AL,Logan Martin Dam,plant,Alabama Power,33.426,-86.338
AL,Logan Martin Substation,substation,,33.426,-86.338
AL,Loveless Street Substation,substation,Guntersville Electric Board,34.348,-86.299
AL,Lovick Substation,substation,Alabama Power,33.558,-86.62
AL,Lowman 115/46 Switching Station,substation,PowerSouth Energy Cooperative,31.484,-87.913
AL,Lowman 230/115 Switching Station,substation,PowerSouth Energy Cooperative,31.486,-87.912
AL,Loxley Substation,substation,PowerSouth Energy Cooperative,30.616,-87.745
AL,Luverne Substation,substation,PowerSouth Energy Cooperative,31.713,-86.27
AL,Lynn Substation,substation,Alabama Power,34.053,-87.553
AL,Madison Park Substation,substation,Alabama Power,32.424,-86.202
AL,Madison Substation,substation,,34.69,-86.74
AL,Madison Substation,substation,,34.796,-86.522
AL,Magella Substation,substation,,33.472,-86.842
AL,Magnum Substation,substation,City of Sheffield,34.767,-88.077
AL,Mannington Mills Substation,substation,,32.681,-88.106
AL,Mansion View Substation,substation,Florence Utilities,34.862,-87.732
AL,Martin Powerhouse,plant,Alabama Power,32.68,-85.911
AL,Maxwell Field Substation,substation,,32.376,-86.343
AL,Maylene Quarry Substation,substation,Martin Marietta,33.185,-86.859
AL,McAdory Substation,substation,Alabama Power,33.324,-87.005
AL,McAdory Substation,substation,Alabama Power,33.384,-87.012
AL,McIntosh Power Plant,plant,PowerSouth Energy Cooperative,31.255,-88.03
AL,McIntosh Substation,substation,PowerSouth Energy Cooperative,31.294,-88.027
AL,McVay Substation,substation,PowerSouth Energy Cooperative,31.598,-87.87
AL,McWilliams Power Plant,plant,PowerSouth Energy Cooperative,31.401,-86.474
AL,McWilliams Substation,substation,PowerSouth Energy Cooperative,31.4,-86.472
AL,Mead Coated Board Cogeneration,plant,Mead Coated Board Inc,32.177,-85.028
AL,Medical District Substation,substation,Huntsville Utilities,34.722,-86.577
AL,Meeksville Substation,substation,PowerSouth Energy Cooperative,31.902,-86.006
AL,Mellow Valley Substation,substation,PowerSouth Energy Cooperative,33.186,-85.748
AL,Mercedes Substation,substation,Mercedes Benz US International Inc.,33.178,-87.256
AL,Midtown Substation,substation,Alabama Power,33.505,-86.815
AL,Midway Substation,substation,,32.058,-85.519
AL,Miflin Substation,substation,PowerSouth Energy Cooperative,30.374,-87.568
AL,Miller Substation,substation,,33.631,-87.056
AL,Millers Ferry Power Plant,plant,US Corps of Engineers,32.091,-87.398
AL,Millport Substation,substation,Alabama Power,33.561,-88.068
AL,Mitchell Dam,plant,Alabama Power,32.806,-86.445
AL,Mitchell Dam Substation,substation,Alabama Power,32.805,-86.448
AL,Monroeville Substation,substation,,31.502,-87.326
AL,Montevalo Plant,substation,Lhoist,33.092,-86.808
AL,Montgomery Switching Station,substation,Alabama Power,32.357,-86.373
AL,Monticello Substation,substation,PowerSouth Energy Cooperative,31.825,-85.779
AL,Monument Substation,substation,Dothan Utilities,31.226,-85.386
AL,Moody Substation,substation,Alabama Power,33.57,-86.521
AL,Morgan City Substation,substation,Joe Wheeler EMC,34.468,-86.57
AL,Morgan Energy Center,plant,Morgan Energy Center LLC,34.64,-87.063
AL,Morris Substation,substation,Alabama Power,33.756,-86.818
AL,Moulton Substation,substation,Tennessee Valley Authority,34.492,-87.293
AL,Moundville Substation,substation,Alabama Power,32.952,-87.555
AL,Mount Pinson Substation,substation,Alabama Power,33.695,-86.674
AL,Mount Rozell Substation,substation,Athens Utilities Electric Department,34.93,-87.122
AL,Mount Tabor Substation,substation,Joe Wheeler EMC,34.441,-86.866
AL,Mount Vernon Substation,substation,,31.087,-88.014
AL,Mountain Gap Substation,substation,Huntsville Utilities,34.624,-86.541
AL,Mountain Home Substation,substation,Joe Wheeler EMC,34.607,-87.113
AL,Mt. High Substation,substation,Marshall-DeKalb Electric Cooperative,34.293,-86.28
AL,Mueller Co. Substation,substation,Albertville Municipial Utilities Board,34.231,-86.185
AL,Murphy Mill Substation,substation,Alabama Power,31.252,-85.481
AL,Muscle Shoals Solar,plant,"Muscle Shoals Solar, LLC",34.762,-87.918
AL,Nance Substation,substation,Joe Wheeler EMC,34.707,-87.299
AL,Napier Field Substation,substation,,31.313,-85.456
AL,Nauvoo Substation,substation,Alabama Power,33.966,-87.445
AL,Nauvoo Substation,substation,Alabama Power,33.984,-87.474
AL,Neel Substation,substation,Joe Wheeler EMC,34.493,-87.029
AL,Nemak Substation,substation,Nemak Alabama,33.21,-86.287
AL,New Hope Substation,substation,PowerSouth Energy Cooperative,31.498,-85.906
AL,New Hope Substation,substation,Huntsville Utilities,34.535,-86.398
AL,New Market Substation,substation,Huntsville Utilities,34.909,-86.433
AL,Newbern Substation,substation,Alabama Power,32.602,-87.533
AL,Nichols Aluminium Substation,substation,,34.618,-87.016
AL,Nick Davis Substation,substation,Huntsville Utilities,34.809,-86.74
AL,North Brewton Substation,substation,Alabama Power,31.197,-87.128
AL,North Cordova Substation,substation,Alabama Power,33.817,-87.184
AL,North East College Substation,substation,Sand Mountain Electric Cooperative,34.551,-85.916
AL,North Hamilton Substation,substation,Alabama Power,34.177,-87.954
AL,North Huntsville Substation,substation,Huntsville Utilities,34.749,-86.59
AL,North Huntsville Substation,substation,,34.817,-86.66
AL,North Mobile Substation,substation,,30.772,-88.129
AL,North Montgomery Substation,substation,Alabama Power,32.393,-86.303
AL,North Moundville Substation,substation,Alabama Power,33.016,-87.602
AL,North Saraland Substation,substation,Alabama Power,30.827,-88.082
AL,North Selma Substation,substation,Alabama Power,32.437,-87.036
AL,North Selma Substation,substation,Alabama Power,32.513,-86.993
AL,North Substation,substation,,33.22,-87.542
AL,North Tuscaloosa Substation,substation,Alabama Power,33.212,-87.567
AL,Northside Substation,substation,PowerSouth Energy Cooperative,31.326,-86.491
AL,Nouryon Chemical Substation,substation,Nouryon Chemical,30.97,-88.017
AL,Nucor Substation,substation,Nucor Steel,34.636,-87.086
AL,Oak Hill Substation,substation,PowerSouth Energy Cooperative,31.988,-87.072
AL,Oakman Substation,substation,Alabama Power,33.722,-87.389
AL,Oakman Substation,substation,Alabama Power,33.74,-87.416
AL,Oden Ridge Substation,substation,Joe Wheeler EMC,34.378,-86.761
AL,Odenville Substation,substation,Alabama Power,33.683,-86.414
AL,Oliver Dam,plant,Georgia Power,32.516,-84.999
AL,Oneonta Substation,substation,Alabama Power,33.905,-86.492
AL,Opelika Substation,substation,,32.664,-85.449
AL,Opelika Substation,substation,PowerSouth Energy Cooperative,32.679,-85.269
AL,Opine Road Substation,substation,PowerSouth Energy Cooperative,31.293,-86.275
AL,Opp City Substation,substation,PowerSouth Energy Cooperative,31.286,-86.258
AL,Opp Industrial Substation,substation,PowerSouth Energy Cooperative,31.267,-86.243
AL,Opp Substation,substation,PowerSouth Energy Cooperative,31.238,-86.285
AL,Opp Switching Station,substation,PowerSouth Energy Cooperative,31.286,-86.275
AL,Orion Substation,substation,PowerSouth Energy Cooperative,31.974,-85.99
AL,Orrville Substation,substation,,32.314,-87.226
AL,Oxanna Substation,substation,,33.63,-85.833
AL,Oxford Substation,substation,,33.605,-85.851
AL,Painter Substation,substation,Marshall-DeKalb Electric Cooperative,34.319,-86.08
AL,Palmerdale Substation,substation,Alabama Power,33.724,-86.657
AL,Parkland Switching Station,substation,Alabama Power,33.889,-87.347
AL,Parkwest Substation,substation,Alabama Power,33.514,-86.818
AL,Parrish Substation,substation,Alabama Power,33.722,-87.294
AL,Pawnee Substation,substation,Alabama Power,33.645,-86.733
AL,Pence Substation,substation,Joe Wheeler EMC,34.449,-86.763
AL,Perditio Substation,substation,PowerSouth Energy Cooperative,31.027,-87.62
AL,Perry's Chapel Substation,substation,PowerSouth Energy Cooperative,31.439,-87.754
AL,Petersville Substation,substation,Florence Utilities,34.855,-87.691
AL,Phenix City Substation,substation,Alabama Power,32.478,-85.012
AL,Phil Campbell Substation,substation,,34.36,-87.719
AL,Pinckard Substation,substation,Alabama Power,31.294,-85.58
AL,Pine Level Substation,substation,PowerSouth Energy Cooperative,32.029,-86.07
AL,Pine Woods Road Substation,substation,PowerSouth Energy Cooperative,31.331,-86.487
AL,Pisgah Substation,substation,Sand Mountain Electric Cooperative,34.67,-85.824
AL,Plant Franklin Substation,substation,,32.609,-85.093
AL,Pleasant Grove Substation,substation,Alabama Power,33.48,-86.961
AL,Point A Power Station,plant,PowerSouth Energy Cooperative,31.361,-86.519
AL,Point A Substation,substation,PowerSouth Energy Cooperative,31.365,-86.522
AL,Poplar Creek Substation,substation,,34.798,-87.124
AL,PPL Akron Substation,substation,Products (SE) Pipe Line Corporation,32.879,-87.709
AL,Pratt City Substation,substation,Alabama Power,33.517,-86.882
AL,Priceville Substation,substation,Joe Wheeler EMC,34.523,-86.891
AL,Prospect Substation,substation,Alabama Power,33.925,-87.394
AL,Providence Substatioin,substation,PowerSouth Energy Cooperative,32.549,-85.341
AL,Pulsaki Pike Substation,substation,Huntsville Utilities,34.798,-86.618
AL,Pyriton Substation,substation,PowerSouth Energy Cooperative,33.354,-85.823
AL,Ragland Substation,substation,Alabama Power,33.732,-86.152
AL,Rainbow City Substation,substation,Alabama Power,33.937,-86.066
AL,Rainsville Industrial Substation,substation,Sand Mountain Electric Cooperative,34.495,-85.826
AL,Rainsville Substation,substation,Sand Mountain Electric Cooperative,34.506,-85.852
AL,Ramer Substation,substation,Alabama Power,32.025,-86.225
AL,Ranburne Substation,substation,Alabama Power,33.536,-85.367
AL,Red Bay Substation,substation,Tennessee Valley Authority,34.45,-88.101
AL,Red Level Substation,substation,PowerSouth Energy Cooperative,31.397,-86.602
AL,Redstone #3 Substation,substation,Huntsville Utilities,34.658,-86.624
AL,Redstone Arsenal Hybrid Solar,plant,MN8 Energy LLC,34.613,-86.616
AL,Redstone Energy Park,plant,,34.692,-86.58
AL,Reform Substation,substation,Alabama Power,33.393,-88.036
AL,Rehobeth Substation,substation,PowerSouth Energy Cooperative,31.11,-85.465
AL,Repton Substation,substation,PowerSouth Energy Cooperative,31.421,-87.277
AL,River Bend Solar Farm,plant,"River Bend Solar, LLC",34.837,-87.843
AL,River Falls Substation,substation,PowerSouth Energy Cooperative,31.348,-86.537
AL,Roanoke Substation,substation,Alabama Power,33.169,-85.385
AL,Roba Substation,substation,PowerSouth Energy Cooperative,32.246,-85.58
AL,Robinson Substation,substation,,34.887,-87.075
AL,Rock Stand Substation,substation,PowerSouth Energy Cooperative,33.246,-85.388
AL,Rogersville Substation,substation,Florence Utilities,34.812,-87.299
AL,Rogersville Substation,substation,,34.845,-87.293
AL,Romar Beach Substation,substation,PowerSouth Energy Cooperative,30.262,-87.623
AL,Romulus Substation,substation,,33.154,-87.748
AL,Roseberry Creek Substation,substation,Scottsboro Electric Power Board,34.648,-86.038
AL,Rosinton Substation,substation,PowerSouth Energy Cooperative,30.623,-87.666
AL,Ross Bridge Substation,substation,Alabama Power,33.385,-86.901
AL,Russellville Substation,substation,Russellville Electric Board,34.495,-87.736
AL,Ryan Creek Substation,substation,Cullman Electric Cooperative,34.134,-86.876
AL,Saco Substation,substation,PowerSouth Energy Cooperative,31.954,-85.82
AL,Samson Substation,substation,PowerSouth Energy Cooperative,31.116,-86.049
AL,Sand Valley Power Station,plant,EDL Inc,34.344,-85.866
AL,Saraland Refinery Substation,substation,Vertex Energy,30.791,-88.056
AL,Saraland Substation,substation,Alabama Power,30.804,-88.075
AL,Scottsboro Substation,substation,Tennessee Valley Authority,34.676,-86.017
AL,Scyrene Substation,substation,PowerSouth Energy Cooperative,31.773,-87.639
AL,Sealy Springs Substation,substation,Alabama Power,31.076,-85.31
AL,Section Substation,substation,Tennessee Valley Authority,34.551,-85.988
AL,Selfville Substation,substation,Alabama Power,33.824,-86.668
AL,Selma Substation,substation,Alabama Power,32.422,-87.068
AL,Shawtown Substation,substation,Alabama Power,33.143,-87.157
AL,Shellbank Substation,substation,PowerSouth Energy Cooperative,30.247,-87.831
AL,Shomo Creek Substation,substation,PowerSouth Energy Cooperative,31.306,-87.663
AL,Silverhill Substation,substation,Alabama Power,30.554,-87.764
AL,Sipsey Substation,substation,Alabama Power,33.82,-87.074
AL,Skyline Substation,substation,Alabama Power,33.825,-86.925
AL,Slocomb Substation,substation,PowerSouth Energy Cooperative,31.065,-85.564
AL,Slocomb Substation,substation,,31.113,-85.58
AL,Snead Substation,substation,Alabama Power,34.104,-86.376
AL,Snowdoun Substation,substation,Alabama Power,32.229,-86.26
AL,South Anniston Substation,substation,Alabama Power,33.63,-85.829
AL,South Bessemer Substation,substation,,33.22,-87.063
AL,South Demopolis Substation,substation,Alabama Power,32.485,-87.801
AL,South Enterprise Substation,substation,,31.25,-85.851
AL,South Eutaw Substation,substation,Alabama Power,32.831,-87.888
AL,South Flomaton Substation,substation,Alabama Power,31.001,-87.264
AL,South Foley Substation,substation,PowerSouth Energy Cooperative,30.341,-87.681
AL,South Grove Hill Substation,substation,Alabama Power,31.697,-87.78
AL,South Jefferson Substation,substation,Alabama Power,33.461,-86.693
AL,South Montgomery Substation,substation,,32.326,-86.293
AL,South Park Substation,substation,Alabama Power,33.487,-86.879
AL,South Selma Substation,substation,Alabama Power,32.381,-87.004
AL,South Thomasville Substation,substation,Alabama Power,31.919,-87.741
AL,South Tuscaloosa Substation,substation,Alabama Power,33.17,-87.518
AL,South Union Springs Substation,substation,Alabama Power,32.142,-85.709
AL,South Vernon Substation,substation,Alabama Power,33.749,-88.116
AL,Southside Substation,substation,Alabama Power,33.499,-86.809
AL,Spring Creek Substation,substation,Alabama Power,33.085,-86.542
AL,Spring Valley Substation,substation,City of Sheffield,34.657,-87.629
AL,Spring Villa Substation,substation,PowerSouth Energy Cooperative,32.609,-85.3
AL,Springville Substation,substation,Alabama Power,33.766,-86.48
AL,SSAB Substation,substation,SSAB Alabama,30.941,-88.01
AL,St. Florian Substation,substation,Florence Utilities,34.888,-87.613
AL,Stansel Substation,substation,Alabama Power,33.322,-88.043
AL,State Docks Road Substation,substation,Alabama Power,31.855,-85.15
AL,Stella Jones Substation,substation,Stella Jones,33.064,-86.908
AL,Stevenson Substation,substation,,34.871,-85.825
AL,Steward's Crossroads Substation,substation,PowerSouth Energy Coorperative,33.502,-86.447
AL,Stillman Substation,substation,Alabama Power,33.201,-87.575
AL,Stockdale Substation,substation,PowerSouth Energy Cooperative,33.428,-86.027
AL,Stringfield Substation,substation,Huntsville Utilities,34.779,-86.637
AL,Sulligent Substation,substation,Alabama Power,33.89,-88.128
AL,Sumiton Substation,substation,Alabama Power,33.758,-87.061
AL,Summerdale Substation,substation,PowerSouth Energy Cooperative,30.509,-87.679
AL,Sun Valley Substation,substation,Alabama Power,33.639,-86.701
AL,Sunny Level Substation,substation,Alabama Power,32.975,-85.933
AL,Swagg Substation,substation,Alabama Power,33.368,-85.545
AL,Sylacauga Substation,substation,Alabama Power,33.167,-86.282
AL,Sylacauga Substation,substation,Alabama Power,33.168,-86.281
AL,Sylvania Substation,substation,Sand Mountain Electric Cooperative,34.523,-85.778
AL,TAI Huntsville Solar Hybrid,plant,"TAI Huntsville Solar, LLC",34.829,-86.63
AL,Talladega Substation,substation,PowerSouth Energy Cooperative,33.352,-86.165
AL,Talladega Substation,substation,Alabama Power,33.411,-86.14
AL,Tarrant City Substation,substation,Alabama Power,33.586,-86.772
AL,Taylors Ferry Substation,substation,Alabama Power,33.527,-87.18
AL,Tenaska Lindsay Hill Generating Station,plant,Tenaska Alabama Partners LP,32.653,-86.739
AL,Theodore Cogen Facility,plant,Alabama Power,30.525,-88.129
AL,Theodore Substation,substation,,30.527,-88.197
AL,Thorsby Substation,substation,Alabama Power,32.912,-86.712
AL,Thurlow Hydroelectric Generating Plant,plant,Alabama Power,32.535,-85.889
AL,Tommie Corp Substation,substation,Tommie Corp.,32.928,-86.732
AL,Toney Substation,substation,Huntsville Utilities,34.9,-86.719
AL,Trafford Substation,substation,Alabama Power,33.817,-86.714
AL,Trafford Substation,substation,Alabama Power,33.818,-86.714
AL,Trickem Substation,substation,PowerSouth Energy Cooperative,32.275,-86.748
AL,Trimble Substation,substation,Cullman Electric Cooperative,34.105,-86.928
AL,Trinity Substation,substation,Tennessee Valley Authority,34.609,-87.055
AL,Troy Substation,substation,PowerSouth Energy Cooperative,31.783,-85.953
AL,Trussville Substation,substation,Alabama Power,33.639,-86.623
AL,Turkey Hill Switching Station,substation,PowerSouth Energy Cooperative,30.361,-87.716
AL,Turner Road Substation,substation,Alabama Power,33.536,-86.04
AL,Tuscaloosa Substation,substation,Alabama Power,33.235,-87.561
AL,Tuscumbia Substation,substation,,34.724,-87.68
AL,U S Alliance Coosa Pines Cogen,plant,Bowater Newport Coosa Pines Op,33.33,-86.357
AL,Union Grove Substation,substation,Arab Electric Cooperative,34.396,-86.44
AL,Union Springs Substation,substation,Alabama Power,32.119,-85.718
AL,Union Springs Substation,substation,PowerSouth Energy Cooperative,32.133,-85.704
AL,Uniontown Substation,substation,,32.447,-87.507
AL,US Amines Substation,substation,US Amines,30.987,-88.014
AL,Valley Substation,substation,Alabama Power,33.462,-86.784
AL,Valleydale Substation,substation,Alabama Power,33.339,-86.794
AL,Vance Substation,substation,Alabama Power,33.177,-87.213
AL,Vernon Substation,substation,Alabama Power,33.757,-88.107
AL,Vestavia Substation,substation,Huntsville Utilities,34.672,-86.554
AL,Victoria Substation,substation,PowerSouth Energy Cooperative,31.554,-85.908
AL,Vina Substation,substation,,34.376,-88.073
AL,Vincent Substation,substation,Alabama Power,33.413,-86.399
AL,Vredenburgh Substation,substation,,31.828,-87.315
AL,Vredenburgh Switching Station,substation,PowerSouth Energy Cooperative,31.831,-87.316
AL,W&T Onshore Treating Facility Cogen,plant,W&T Offshore Inc,30.431,-88.182
AL,Wachovia Substation,substation,Alabama Power,33.402,-86.923
AL,Wadley Substation,substation,Alabama Power,33.126,-85.552
AL,Walnut Gate Road Substation,substation,Russellville Electric Board,34.476,-87.733
AL,Walnut Hill Substation,substation,Alabama Power,33.532,-86.809
AL,Walter Bouldin Dam,plant,Alabama Power,32.583,-86.283
AL,Walter Bouldin Dam,substation,,32.583,-86.283
AL,Walter F. George Dam,plant,U.S. Corps of Engineers,31.625,-85.065
AL,Walton Discover Power Facility,plant,Georgia Transmission Corporation,32.541,-85.039
AL,Warrenton Substation,substation,Guntersville Electric Board,34.345,-86.363
AL,Washington County Cogeneration Facility,plant,Alabama Power,31.264,-88.003
AL,Washington Park Substation,substation,,32.336,-86.341
AL,Water Tower Substation,substation,PowerSouth Energy Cooperative,30.274,-87.585
AL,Waugh Substation,substation,Alabama Power,32.366,-86.048
AL,Webb Substation,substation,Alabama Power,31.251,-85.289
AL,Webb Substation,substation,Wiregrass Electric Cooperative,31.255,-85.313
AL,Weiss Dam,plant,Alabama Power,34.132,-85.794
AL,Weiss Substation,substation,,34.132,-85.794
AL,Weodowee Substation,substation,Alabama Power,33.293,-85.478
AL,West Carroll Substation,substation,Dothan Utilities,31.199,-85.419
AL,West Dothan Substation,substation,Dothan Utilities,31.235,-85.46
AL,West Fraser Substation,substation,West Fraser,32.764,-86.884
AL,West Jefferson Substation,substation,Alabama Power,33.656,-87.075
AL,West McIntosh Substation,substation,Alabama Power,31.259,-88.051
AL,West Montgomery Substation,substation,Alabama Power,32.365,-86.346
AL,West Oneonta Substation,substation,Alabama Power,33.943,-86.474
AL,West Selma Substation,substation,Alabama Power,32.396,-87.078
AL,West Substation,substation,Cullman Power Board,34.168,-86.867
AL,West Talladega Substation,substation,Alabama Power,33.427,-86.132
AL,West Vernon Substation,substation,,33.652,-88.258
AL,Westervelt Substation,substation,Westervelt Lumber,32.961,-87.653
AL,Westervelt Substation,substation,"Westervelt Renewable Energy, LLC",33.075,-88.247
AL,Wetumpka Substation,substation,Alabama Power,32.535,-86.204
AL,Weyerhaeuser Substation,substation,Weyerhaeuser,33.571,-88.03
AL,Wheeler Dam,plant,Tennessee Valley Authority,34.798,-87.381
AL,Wheeler Substation,substation,Huntsville Utilities,34.739,-86.595
AL,Wheeler Substation,substation,Tennessee Valley Substation,34.797,-87.383
AL,White Oak Substation,substation,Alabama Power,31.902,-85.337
AL,Whitesboro Substation,substation,Marshall-DeKalb Electric Cooperative,34.177,-86.053
AL,Whitewater Substation,substation,PowerSouth Energy Cooperative,31.507,-86.001
AL,Whitney Substation,substation,Alabama Power,33.876,-86.3
AL,Whorton Substation,substation,Fort Payne Improvement Authority,34.131,-85.497
AL,Widows Creek Substation,substation,Tennessee Valley Authority,34.886,-85.755
AL,Williamson Substation,substation,Florence Utilities,34.807,-87.649
AL,Willow Beach Substation,substation,Guntersville Electric Board,34.325,-86.334
AL,Willow Point Substation,substation,Alabama Power,32.808,-85.971
AL,Willow Street Substation,substation,Scottsboro Electric Power Board,34.675,-86.06
AL,Wilson Dam,plant,Tennessee Valley Authority,34.796,-87.625
AL,Wilson Dam Substation,substation,Tennessee Valley Authority,34.793,-87.624
AL,Wind Creek Substation,substation,PowerSouth Energy Cooperative,31.1,-87.484
AL,Winfield Substation,substation,Alabama Power,33.914,-87.854
AL,Winfield Substation,substation,Alabama Power,33.924,-87.816
AL,Wing Solar,plant,Origis Energy,31.015,-86.589
AL,Winton Switching Station,substation,Tennessee Valley Authority,34.503,-86.75
AL,Wyeth City Substation,substation,Guntersville Electric Board,34.345,-86.283
AL,Yacht Club Substation,substation,Alabama Power,33.314,-87.501
AL,Yates Dam,plant,Alabama Power,32.574,-85.891
AL,York Substation,substation,Alabama Power,32.505,-88.277
AR,Adabell Substation,substation,Oklahoma Gas & Electric,35.453,-94.359
AR,AECC Keo Substation,substation,Entergy Arkansas,34.608,-92.008
AR,Alma Substation,substation,Oklahoma Gas & Electric,35.483,-94.23
AR,Almyra Substation,substation,Entergy Arkansas,34.403,-91.408
AR,Alpine Substation,substation,South Central,34.243,-93.404
AR,Altheimer Substation,substation,Entergy Arkansas,34.31,-91.833
AR,Amity Substation,substation,Entergy Arkansas,34.265,-93.478
AR,Antoine Substation,substation,"South Central Arkansas Electric Cooperative, Inc.",34.037,-93.424
AR,Arkadelphia North Substation,substation,Entergy Arkansas,34.144,-93.062
AR,Arkadelphia West Substation,substation,Entergy Arkansas,34.117,-93.092
AR,Arkansas Nuclear One,plant,Entergy Arkansas,35.313,-93.232
AR,Arkansas Nuclear One Substation,substation,Entergy Arkansas,35.311,-93.227
AR,Arkansas Steel Substation,substation,"Arkansas Steel Associates, LLC",35.65,-91.244
AR,Arkoma Substation,substation,Oklahoma Gas & Electric,35.364,-94.429
AR,Arkwest Solar Farm,plant,Arkwest Communications,35.07,-93.398
AR,Ashdown Cogen,plant,Domtar Industries Inc,33.64,-94.113
AR,Ashdown Substation,substation,,33.675,-94.125
AR,Ashley-Chicot Solar,plant,"Today's Power, Inc.",33.251,-91.922
AR,Atkins Substation,substation,Entergy Arkansas,35.243,-93.0
AR,Bald Knob Substation,substation,Entergy Arkansas,35.328,-91.562
AR,Barling Substation,substation,Oklahoma Gas & Electric,35.326,-94.324
AR,Batesville Substation,substation,Entergy Arkansas,35.78,-91.644
AR,Battlefield Substation,substation,Oklahoma Gas & Electric,35.316,-94.393
AR,Baucum Substation,substation,Entergy Arkansas,34.742,-92.129
AR,Bauxite Substation,substation,Entergy Arkansas,34.567,-92.505
AR,Bearden Substation,substation,Entergy Arkansas,33.735,-92.618
AR,Beaver Dam,plant,United States Army Corps of Engineers,36.422,-93.847
AR,Beaver Substation,substation,Southwestern Power Administration,36.423,-93.846
AR,Bee Branch Substation,substation,Petit Jean Electric Cooperative Corporation,35.454,-92.386
AR,Beebe Substation,substation,Entergy Arkansas,35.094,-91.872
AR,Beirne Substation,substation,Entergy Arkansas,33.909,-93.218
AR,Bella Vista Substation,substation,Carroll Electric Cooperative Corporation,36.472,-94.244
AR,Belle Ave Substation,substation,Oklahoma Gas & Electric,35.381,-94.405
AR,Benton Solar,plant,"Today's Power, Inc.",34.638,-92.579
AR,Benton South Substation,substation,Entergy Arkansas,34.548,-92.589
AR,Berryville School District Solar,plant,"Today's Power, Inc.",36.374,-93.589
AR,Berryville Substation,substation,Entergy Arkansas,36.377,-93.572
AR,Big Cypress Solar,plant,"Big Cypress Solar, LLC",35.328,-90.316
AR,Big River Steel Substation,substation,Big River Steel LLC,35.639,-89.941
AR,Bigelow Substation,substation,Arkansas Electric Cooperative Cooperation,35.003,-92.632
AR,Bismarck Substation,substation,Entergy Arkansas,34.314,-93.169
AR,Blakely Mountain Power Plant,plant,United States Army Corps of Engineers,34.571,-93.194
AR,Blytheville Plant Substation,substation,Entergy Arkansas,35.923,-89.907
AR,Boggy Substation,substation,Southwest Arkansas Electric Cooperative,33.226,-93.888
AR,Bonanza Substation,substation,,35.238,-94.394
AR,Bono Substation,substation,Entergy Arkansas,35.259,-92.475
AR,Booneville Substation,substation,Southwestern Electric Power Company,35.138,-93.92
AR,Botkinburg Substation,substation,Petit Jean Electric Cooperative Corporation,35.7,-92.52
AR,Bradley Substation,substation,Southwest Arkansas Electric Cooperative,33.103,-93.653
AR,Branch Solar Farm,plant,Oklahoma Gas & Electric,35.308,-93.924
AR,Branch Substation,substation,Oklahoma Gas & Electric,35.307,-93.911
AR,Brinkley East Substation,substation,Entergy Arkansas,34.901,-91.145
AR,Brinkley West Substation,substation,Entergy Arkansas,34.897,-91.202
AR,Bryant Substation,substation,Entergy Arkansas,34.592,-92.484
AR,Buford Road Substation,substation,North Arkansas Electric Cooperative,36.242,-92.433
AR,Bull Shoals Dam Hydroelectric Plant,plant,United States Corps of Engineers,36.365,-92.575
AR,Bull Shoals Substation,substation,Southwestern Power Administration,36.364,-92.576
AR,Bull Shoals Substation,substation,Entergy Arkansas,36.37,-92.578
AR,Butterfield Substation,substation,Entergy Arkansas,34.431,-92.813
AR,C&L,plant,"Today's Power, Inc.",34.075,-91.83
AR,Cabot Substation,substation,Entergy Arkansas,34.98,-92.025
AR,Calico Rock Substation,substation,Entergy Arkansas,36.185,-92.125
AR,Camden Substation,substation,,33.542,-92.822
AR,Carley Road Substation,substation,,36.138,-94.167
AR,Carlisle Substation,substation,Entergy Arkansas,34.773,-91.725
AR,Carnal Substation,substation,Oklahoma Gas & Electric,35.327,-94.382
AR,Carpenter Dam,plant,Entergy Arkansas,34.443,-93.026
AR,Carthage Substation,substation,Entergy Arkansas,34.075,-92.572
AR,Cash Post Office,substation,Entergy Arkansas,35.793,-90.912
AR,Cato Substation,substation,Entergy Arkansas,34.949,-92.247
AR,Cavanaugh Substation,substation,Oklahoma Gas & Electric,35.323,-94.419
AR,Cave City Substation,substation,Entergy Arkansas,35.943,-91.578
AR,Cedar Grove Substation,substation,Entergy Arkansas,35.578,-91.729
AR,Centerton Substation,substation,Southwestern Electric Power Company,36.358,-94.276
AR,Chambers Springs Substation,substation,Southwestern Electric Power Company,36.108,-94.434
AR,Cherry Valley PV I,plant,"Cherry Valley PV I, LLC",35.38,-90.775
AR,Cherry Valley Substation,substation,Entergy Arkansas,35.387,-90.771
AR,Chicot Solar,plant,"Chicot Solar, LLC",33.477,-91.358
AR,Chicot Substation,substation,,33.214,-91.293
AR,Clarendon Substation,substation,Entergy Arkansas,34.694,-91.292
AR,Clarkridge Substation,substation,North Arkansas Electric Cooperative,36.467,-92.357
AR,Clearwater Paper Cogen,plant,Clearwater Paper Corporation,33.706,-91.238
AR,Cleveland Substation,substation,Petit Jean Electric Cooperative Corporation,35.437,-92.705
AR,Colony Substation,substation,Oklahoma Gas & Electric,35.315,-94.406
AR,Corning Substation,substation,Entergy Arkansas,36.421,-90.574
AR,Cotton Plant Substation,substation,Entergy Arkansas,34.998,-91.256
AR,Cotton Plant Substation,substation,Arkansas Electric Cooperative Corporation,35.005,-91.275
AR,Cove Substation,substation,Rich Mountain Electric Cooperative,34.452,-94.407
AR,Craighead Electric Solar One,plant,"Today's Power, Inc.",35.923,-90.564
AR,Crooked Lake Solar,plant,"Crooked Lake Solar, LLC",35.91,-89.811
AR,Crossett North Substation,substation,Entergy Arkansas,33.142,-91.958
AR,Crossett SD,plant,"Entegrity Solar Crossett SD, LLC",33.131,-91.941
AR,Crossett Solar,plant,"Cubico USA, LLC",33.093,-91.937
AR,Crossett West Substation,substation,Entergy Arkansas,33.122,-91.983
AR,Crossover Wind,plant,"Crossover Wind, LLC",35.254,-90.839
AR,Cushman Substation,substation,Entergy Arkansas,35.892,-91.731
AR,Dalark Substation,substation,Entergy Arkansas,34.06,-92.89
AR,Damascus Substation,substation,Petit Jean Electric Cooperative Corporation,35.37,-92.414
AR,Danville Substation,substation,Entergy Arkansas,35.068,-93.398
AR,Dardanelle Power Plant,plant,United States Army Corps of Engineers,35.248,-93.172
AR,Dardanelle Substation,substation,Entergy Arkansas,35.233,-93.168
AR,Dardanelle Substation,substation,Southwestern Power Administration,35.246,-93.173
AR,Datto Substation,substation,Entergy Arkansas,36.408,-90.73
AR,Degray Hydroelectric Plant,plant,United States Corps of Engineers,34.212,-93.111
AR,Delight Substation,substation,"South Central Arkansas Electric Cooperative, Inc.",34.033,-93.484
AR,Dell Power Station,plant,"Associated Electric Coop, Inc",35.861,-90.026
AR,Dell Substation,substation,Entergy Arkansas,35.861,-90.02
AR,Dermott Substation,substation,Entergy Arkansas,33.507,-91.436
AR,Des Arc Substation,substation,Entergy Arkansas,34.985,-91.51
AR,Devalls Bluff Substation,substation,Entergy Arkansas,34.794,-91.467
AR,Dierks Substation,substation,Southwest Arkansas Electric Cooperative,34.12,-94.012
AR,Drasco Substation,substation,First Electric Cooperative Cooperation,35.596,-91.926
AR,Driver Solar Facility,plant,Entergy Arkansas,35.639,-89.98
AR,Driver Substation,substation,,35.645,-89.97
AR,Dumas Substation,substation,Entergy Arkansas,33.884,-91.477
AR,Dyer Substation,substation,Arkansas Valley Electric Cooperative,35.484,-94.185
AR,East Centerton Substation,substation,Southwestern Electric Power Company,36.358,-94.246
AR,East Rogers Substation,substation,Southwestern Electric Power Company,36.348,-94.09
AR,El Dorado Chemical Substation,substation,El Dorado Chemical Company,33.264,-92.688
AR,El Dorado East Substation,substation,Entergy Arkansas,33.207,-92.696
AR,El Dorado Newell Substation,substation,Entergy Arkansas,33.203,-92.737
AR,El Dorado Parkers Chapel Substation,substation,Entergy Arkansas,33.164,-92.741
AR,El Dorado Substation,substation,Entergy Arkansas,33.289,-92.592
AR,Elaine Substation,substation,Entergy Arkansas,34.317,-90.867
AR,Eldridge Road Solar,plant,Greenbacker Renewable Energy Corporation,35.039,-90.806
AR,Elkins Generating Center,plant,Arkansas Electric Cooperative Corporation,35.971,-94.001
AR,Ellis Hydro,plant,Arkansas Electric Cooperative Cooperation,35.351,-94.294
AR,England Substation,substation,Entergy Arkansas,34.584,-91.992
AR,Eureka Springs Substation,substation,Southwestern Electric Power Company,36.411,-93.743
AR,Eurora Substation,substation,Entergy Arkansas,33.109,-91.283
AR,Everton Road Substation,substation,Entergy Arkansas,36.13,-92.971
AR,Farmers Electric Cooperative,plant,"Today's Power, Inc.",35.629,-91.231
AR,Farmington Dist. Substation,substation,Ozarks Electric Cooperative Corporation,36.03,-94.281
AR,Farmington Substation,substation,Arkansas Electric Cooperative Corporation,36.052,-94.279
AR,Faulkner Lake Substation,substation,Entergy Arkansas,34.748,-92.174
AR,Fayetteville South Substation,substation,Southwestern Electric Power Company,36.049,-94.188
AR,Fayetteville Substation,substation,Southwestern Electric Power Company,36.065,-94.167
AR,Fisher Substation,substation,Entergy Arkansas,35.494,-90.971
AR,Flint Creek Power Plant,plant,Southwestern Electric Power Company,36.257,-94.519
AR,Flint Creek Substation,substation,Southwestern Electric Power Company,36.254,-94.528
AR,Flippin Substation,substation,Entergy Arkansas,36.299,-92.604
AR,Fordyce Substation,substation,Entergy Arkansas,33.806,-92.418
AR,Foreman Cement Substation,substation,Southwest Arkansas Electric Cooperative,33.698,-94.419
AR,Forrest City South Substation,substation,,34.986,-90.782
AR,Fort Smith Substation,substation,Oklahoma Gas & Electric,35.3,-94.43
AR,Fulton Power Plant,plant,Arkansas Electric Cooperative Corporation,33.61,-93.792
AR,Fulton Substation,substation,,33.611,-93.792
AR,Gateway Substation,substation,West Memphis Utiliy Commission,35.148,-90.128
AR,General Dynamics Solar,plant,"Todays Power, Inc.",33.596,-92.547
AR,Georgia Pacific Substation,substation,Georgia-Pacific Consumer Operations LLC,33.144,-91.976
AR,Georgia Pacific Substation,substation,Georgia-Pacific Wood Products LLC,33.766,-92.369
AR,Georgia Pacific Substation,substation,Georgia-Pacific Wood Products LLC,33.949,-93.151
AR,Gifford Substation,substation,Entergy Arkansas,34.382,-92.731
AR,Gilmore Substation,substation,Entergy Arkansas,35.403,-90.274
AR,Glenwood Substation,substation,Entergy Arkansas,34.355,-93.561
AR,Goshen Substation,substation,Ozarks Electric Cooperative Corporation,36.107,-94.003
AR,Grannis Substation,substation,Southwest Arkansas Electric Cooperative,34.242,-94.303
AR,Gravel Ridge South Substation,substation,Entergy Arkansas,34.859,-92.196
AR,Green Forest South Substation,substation,Entergy Arkansas,36.32,-93.434
AR,Green Forest Substation,substation,Entergy Arkansas,36.337,-93.467
AR,Greenbrier Substation,substation,Entergy Arkansas,35.243,-92.389
AR,Greenhouse Switching Station,substation,Southwestern Electric Power Company,36.356,-94.25
AR,Greers Ferry Lake Hydroelectric Station,plant,United States Army Corps of Engineers,35.521,-91.995
AR,Griffithville Substation,substation,Entergy Arkansas,35.121,-91.632
AR,Guidon Substation,substation,Entergy Arkansas,35.928,-91.934
AR,Gulley Road Substation,substation,Ozarks Electric Cooperative Corporation,36.11,-94.091
AR,Gurdon Substation,substation,Entergy Arkansas,33.926,-93.142
AR,Hackett Substation,substation,Arkansas Valley Electric Cooperative,35.21,-94.372
AR,Hamburg Substation,substation,Entergy Arkansas,33.211,-91.794
AR,Hamlet Substation,substation,Entergy Arkansas,35.123,-92.28
AR,Happy Solar #1,plant,Lightsource BP,35.167,-91.662
AR,Hardy North Substation,substation,Entergy Arkansas,36.315,-91.465
AR,Harrisburg Substation,substation,Entergy Arkansas,35.564,-90.749
AR,Harrison East Substation,substation,Entergy Arkansas,36.221,-93.072
AR,Harrison South Substation,substation,Akansas Electric Cooperative Corporation,36.197,-93.131
AR,Harrison West Substation,substation,Entergy Arkansas,36.25,-93.135
AR,Harry D. Mattison Power Plant,plant,Southwestern Electric Power Company,36.185,-94.284
AR,Harry L. Oswald Generating Station,plant,AECC,34.591,-92.216
AR,Harvey Couch Substation,substation,Entergy Arkansas,33.359,-93.464
AR,Haskell Substation,substation,Entergy Arkansas,34.501,-92.648
AR,Hazen Substation,substation,Entergy Arkansas,34.775,-91.55
AR,Heber Springs South Substation,substation,Entergy Arkansas,35.479,-92.036
AR,Heber Springs Substation,substation,First Electric Cooperative Cooperation,35.505,-92.01
AR,Helberg Substation,substation,Oklahoma Gas & Electric,35.497,-93.847
AR,Henderson Substation,substation,North Arkansas Electric Cooperative,36.377,-92.204
AR,Hickman South Substation,substation,Mississippi County Electric Cooperative,35.921,-89.768
AR,Highway 59 Substation,substation,,35.471,-94.36
AR,Hilo Substation,substation,Entergy Arkansas,33.338,-92.311
AR,Holland Bottoms Substation,substation,Entergy Arkansas,34.957,-92.049
AR,Holox Substation,substation,,33.645,-94.106
AR,Hope North Substation,substation,,33.732,-93.622
AR,Hope NW Substation,substation,Entergy Arkansas,33.725,-93.639
AR,Hope South Substation,substation,Entergy Arkansas,33.661,-93.592
AR,Hope Substation,substation,Entergy Arkansas,33.622,-93.736
AR,Hope West Substation,substation,Entergy Arkansas,33.664,-93.614
AR,Hot Spring Generating Station,plant,Entergy Arkansas,34.298,-92.868
AR,Hot Springs 2020,plant,Greenbacker Renewable Energy Corporation,34.417,-93.202
AR,Hughes Substation,substation,Entergy Arkansas,34.967,-90.452
AR,Huntsville Substation,substation,Carroll Electric Cooperative,36.099,-93.723
AR,Huttig Substation,substation,Entergy Arkansas,33.044,-92.203
AR,Igo Substation,substation,Oklahoma Gas & Electric,35.43,-93.575
AR,Independence Steam Electric Station,plant,Entergy Arkansas,35.676,-91.405
AR,Independence Substation,substation,,35.68,-91.413
AR,Ironton Substation,substation,First Electic Cooperatice,34.633,-92.273
AR,J Street Substation,substation,Oklahoma Gas & Electric,35.397,-94.421
AR,Jacksonville North Substation,substation,Entergy Arkansas,34.887,-92.124
AR,John W. Turk Jr. Power Plant,plant,Southwestern Electric Power Company,33.653,-93.808
AR,Johnson Substation,substation,Oklahoma Gas & Electric,35.408,-94.371
AR,Jonesboro CWL Solar Park,plant,City Water and Light Plant,35.814,-90.58
AR,Jonesboro Power Plant,plant,Jonesboro City Water and Light,35.848,-90.725
AR,Junction City Substation,substation,Entergy Arkansas,33.027,-92.737
AR,Keevil Substation,substation,Arkansas Electric Cooperative Corporation,34.766,-91.245
AR,Kenneth Ford Substation,substation,Southwest Arkansas Electric Cooperative,33.949,-93.938
AR,Keo Substation,substation,Entergy Arkansas,34.64,-92.048
AR,Kingsland Substation,substation,Entergy Arkansas,33.873,-92.315
AR,L'Oreal Solar,plant,"L'Oreal USA Products, Inc.",34.781,-92.142
AR,L.R. 23RD & Spring Substation,substation,Entergy Arkansas,34.726,-92.278
AR,L.R. Alexander Substation,substation,Entergy Arkansas,34.642,-92.411
AR,L.R. Dixie Substation,substation,Entergy Arkansas,34.76,-92.233
AR,L.R. East Substation,substation,Entergy Arkansas,34.733,-92.253
AR,L.R. Pinnacle Substation,substation,Entergy Arkansas,34.812,-92.488
AR,L.R. South Substation,substation,Entergy Arkansas,34.721,-92.305
AR,Lake Catherine Power Plant,plant,Entergy,34.435,-92.903
AR,Lake Chico Pump Substation,substation,Entergy Arkansas,33.432,-91.241
AR,Lake Village Bagby Substation,substation,Entergy Arkansas,33.347,-91.291
AR,Lakeview Substation,substation,North Arkansas Electric Cooperative,36.373,-92.533
AR,Lamartine Substation,substation,Entergy Arkansas,33.384,-93.289
AR,Lee Creek Water Treatment Facility,plant,City of Fort Smith,35.484,-94.393
AR,Lepanto Substation,substation,Entergy Arkansas,35.613,-90.322
AR,Lewisville Substation,substation,Entergy Arkansas,33.358,-93.599
AR,Lincoln Substation,substation,Arkansas Valley Electric Cooperative,35.96,-94.431
AR,Little Spadra Creek Substation,substation,Oklahoma Gas & Electric,35.478,-93.511
AR,Lockesburg Substation,substation,Southwestern Electric Power Company,33.99,-94.179
AR,LR 145th St Substation,substation,Entergy Arkansas,34.614,-92.24
AR,LR 8th & Woodrow,substation,Entergy Arkansas,34.744,-92.306
AR,LR Boyle Park Substation,substation,Entergy Arkansas,34.736,-92.352
AR,LR Cammack Substation,substation,Entergy Arkansas,34.783,-92.332
AR,LR Chicot Substation,substation,Entergy Arkansas,34.668,-92.362
AR,LR Fourche Substation,substation,Entergy Arkansas,34.714,-92.257
AR,LR Gaines Substation,substation,Entergy Arkansas,34.751,-92.277
AR,LR Hindman Substation,substation,Entergy Arkansas,34.691,-92.379
AR,LR Industrial Substation,substation,Entergy Arkansas,34.694,-92.316
AR,LR Kanis Rd,substation,Entergy Arkansas,34.76,-92.456
AR,LR Mann Substation,substation,Entergy Arkansas,34.661,-92.377
AR,LR Palm St Substation,substation,,34.747,-92.326
AR,LR Port Substation,substation,Entergy Arkansas,34.704,-92.193
AR,LR Rock Creek Substation,substation,,34.718,-92.352
AR,LR Walton Heights Substation,substation,Entergy Arkansas,34.798,-92.41
AR,LR West Markham Substation,substation,Entergy Arkansas,34.753,-92.399
AR,LR West Substation,substation,Entergy Arkansas,34.757,-92.347
AR,Lynch Substation,substation,Entergy Arkansas,34.755,-92.198
AR,Lynn Substation,substation,,36.005,-91.252
AR,Mabelvale Substation,substation,Entergy,34.634,-92.41
AR,Magnet Cove Generating Station,plant,Arkansas Electric Cooperative Corporation,34.431,-92.833
AR,Magnolia East Substation,substation,Entergy Arkansas,33.283,-93.199
AR,Mallard Point Substation,substation,North Arkansas Electric Cooperative,36.376,-92.319
AR,Marianna Substation,substation,Entergy Arkansas,34.763,-90.768
AR,Marked Tree Entergy Substation,substation,Entergy Arkansas,35.514,-90.416
AR,Marmaduke Substation,substation,Entergy Arkansas,36.186,-90.374
AR,Marshall Substation,substation,Entergy Arkansas,35.909,-92.656
AR,Marvell Substation,substation,Entergy Arkansas,34.557,-90.901
AR,Massard Substation,substation,Oklahoma Gas & Electric,35.358,-94.335
AR,Mayflower Substation,substation,Entergy Arkansas,34.937,-92.439
AR,McAlmont Substation,substation,,34.801,-92.189
AR,McClellan Gas Power Plant,plant,Arkansas Electric Cooperative Corporation,33.565,-92.793
AR,McGehee Substation,substation,Entergy Arkansas,33.629,-91.419
AR,McNabb Substation,substation,Entergy Arkansas,33.657,-93.778
AR,McNeil Substation,substation,Entergy Arkansas,33.337,-93.225
AR,Melbourne Substation,substation,Entergy Arkansas,36.059,-91.876
AR,Mena Substation,substation,Southwestern Electric Power Company,34.566,-94.255
AR,Midway Substation,substation,Arkansas Electric Cooperative Corporation,36.368,-92.454
AR,Midway Substation,substation,North Arkansas Electric Cooperative,36.377,-92.461
AR,Miller County Solar Farm,plant,Miller County,33.367,-94.041
AR,Miller County Solar Farm,plant,Southwest Arkansas Electric Co-Op,33.518,-94.026
AR,Monette Junction Substation,substation,Entergy Arkansas,35.889,-90.263
AR,Monkey Run Substation,substation,North Arkansas Electric Cooperative,36.343,-92.469
AR,Monroe Substation,substation,Arkansas Electric Cooperative Corporation,34.743,-91.102
AR,Monticello East Substation,substation,Entergy Arkansas,33.605,-91.795
AR,Monticello East Substation,substation,Entergy Arkansas,33.627,-91.768
AR,Montrose East Substation,substation,,33.304,-91.442
AR,Montrose Substation,substation,Entergy Arkansas,33.304,-91.493
AR,Moorefield Substation,substation,Entergy Arkansas,35.77,-91.585
AR,Moreland Substation,substation,Entergy Arkansas,35.363,-93.001
AR,Morgan Substation,substation,Entergy Arkansas,34.886,-92.391
AR,Moro Substation,substation,Arkansas Electric Cooperative Corporation,34.786,-90.979
AR,Morrilton East Substation,substation,Entergy Arkansas,35.154,-92.759
AR,Morrilton East Substation,substation,Entergy Arkansas,35.176,-92.705
AR,Mountain Home Substation,substation,Entergy Arkansas,36.328,-92.393
AR,Mountain Springs Subatation,substation,First Electric Cooperative Cooperation,35.012,-92.067
AR,Mountain View Substation,substation,Entergy Arkansas,35.874,-92.127
AR,Murfreesboro Substation,substation,Southwest Arkansas Electric Cooperative,34.065,-93.701
AR,Murray Hydroelectric Power Plant,plant,City of North Little Rock,34.796,-92.357
AR,Narrows Hydroelectric Station,plant,United States Corps of Engineers,34.148,-93.715
AR,Nashville Substation,substation,Southwest Arkansas Electric Cooperative,33.959,-93.855
AR,Nekoosa Paper Substation,substation,,33.643,-94.113
AR,Newark Substation,substation,Entergy Arkansas,35.692,-91.443
AR,Newport Solar,plant,"Newport Solar, LLC",35.679,-91.183
AR,Newport Substation,substation,Entergy Arkansas,35.616,-91.278
AR,Nitrous Oxide Substation,substation,,35.501,-94.107
AR,NLR Levy,substation,Entergy Arkansas,34.798,-92.283
AR,Noland Wastewater Treatment Plant Hybrid,plant,"Today's Power, Inc.",36.08,-94.066
AR,Norfolk Substation,substation,Southwestern Power Administration,36.249,-92.24
AR,Norfork,plant,USCE-Little Rock District,36.249,-92.239
AR,North Arkansas Electric Cooperative,plant,"Today's Power, Inc.",36.392,-91.877
AR,North Huntington Substation,substation,Southwestern Electric Power Company,35.083,-94.27
AR,North Huntington Substation,substation,Southwestern Electric Power Company,35.085,-94.268
AR,Oak Park Substation,substation,,35.429,-94.388
AR,Okay Substation,substation,Southwestern Electric Power Company,33.772,-93.927
AR,Okolona Substation,substation,"South Central Arkansas Electric Cooperative, Inc.",33.996,-93.322
AR,Olmstead Substation,substation,First Electric Cooperative Cooperation,34.947,-92.213
AR,Omaha Substation,substation,Entergy Arkansas,36.453,-93.172
AR,Opal Substation,substation,Rich Mountain Electric Cooperative,34.539,-93.999
AR,Osage Creek Substation,substation,Arkansas Electric Cooperative Corporation,36.391,-93.637
AR,Osceola Industrial Substation,substation,Entergy Arkansas,35.682,-89.972
AR,Osceola North Substation,substation,Entergy Arkansas,35.708,-89.99
AR,Osceola Power Plant,plant,City of Osceola,35.705,-89.969
AR,Osceola Substation,substation,Entergy Arkansas,35.684,-90.007
AR,Owens Substation,substation,West Memphis Utiliy Commission,35.16,-90.181
AR,Ozark Power Station,plant,United States Army Corps of Engineers,35.471,-93.816
AR,Ozark Substation,substation,Southwestern Power Administration,35.469,-93.818
AR,Ozarks Natural Energy Community Solar,plant,Ozarks Electric Cooperative Corporation,36.164,-94.082
AR,OZK Solar,plant,"OZK Renewable Energy, LLC",34.47,-91.561
AR,Pangburn Substation,substation,Entergy Arkansas,35.43,-91.825
AR,Paragould Power Plant,plant,Paragould Light & Water Commission,36.024,-90.509
AR,Paragould Solar Farm,plant,Paragould Municipal Utilities,36.026,-90.487
AR,Paragould Substation,substation,Entergy Arkansas,36.056,-90.475
AR,Paris Solar,plant,"Today's Power, Inc.",35.3,-93.737
AR,Park View Substation,substation,Oklahoma Gas & Electric,35.379,-94.375
AR,Parkin Substation,substation,Entergy Arkansas,35.271,-90.558
AR,Partain Substation,substation,,35.613,-92.254
AR,Patterson Substation,substation,Southwestern Electric Power Company,33.684,-94.145
AR,Pea Ridge Substation,substation,C&L Electric Cooperative Corporation,33.92,-91.337
AR,Pecan Street Substation,substation,Entergy Arkansas,35.617,-91.262
AR,Perryville Substation,substation,Arkansas Electric Cooperative Cooperation,35.016,-92.796
AR,Pine Bluff Energy Center,plant,Pine Bluff Energy LLC,34.218,-91.903
AR,Pine Bluff Mill Cogen,plant,Pactiv LLC,34.221,-91.907
AR,Pine Bluff South Substation,substation,Entergy Arkansas,34.159,-92.003
AR,Pleasant Hill Substation,substation,Entergy Arkansas,35.243,-92.714
AR,Plum Point Energy Station,plant,NRG Energy Services - Plum Point,35.662,-89.947
AR,Poncahontas North Substation,substation,Entergy Arkansas,36.283,-90.968
AR,Poyen Substation,substation,Entergy Arkansas,34.323,-92.631
AR,Prairie Mist Solar,plant,"Prairie Mist Solar Project, LLC",33.254,-91.668
AR,Prescott Substation,substation,Entergy Arkansas,33.809,-93.401
AR,Prison Solar,plant,Greenbacker Renewable Energy Corporation,34.985,-90.801
AR,Puddin Ridge Substation,substation,,35.506,-93.867
AR,Quartz Solar,plant,RWE Clean Energy,35.195,-90.784
AR,Quitman Substation,substation,Entergy Arkansas,35.33,-92.268
AR,Razorback Substation,substation,Oklahoma Gas & Electric,35.335,-93.561
AR,Rector Substation,substation,Entergy Arkansas,36.257,-90.297
AR,Reed Switching Station,substation,Entergy Arkansas,33.689,-91.432
AR,Reeves Road Substation,substation,Southwestern Electric Power Company,35.195,-94.361
AR,Remmel Power Plant,plant,Entergy Arkansas,34.427,-92.894
AR,Rich Mountain Electric Cooperative,plant,"Today's Power, Inc.",34.587,-94.199
AR,Rison Substation,substation,Entergy Arkansas,33.969,-92.197
AR,Ritchie Substation,substation,Entergy Arkansas,34.465,-90.6
AR,Rivercrest SD,plant,"Entegrity Solar Rivercrest SD, LLC",35.618,-90.105
AR,Rogers Substation,substation,American Electric Power,36.316,-94.117
AR,Rohwer Substation,substation,Entergy Arkansas,33.707,-91.236
AR,Rosenbaum Substation,substation,Arkansas Electric Cooperative Corporation,35.135,-90.847
AR,Rudd Substation,substation,Carroll Electric Cooperative Corporation,36.21,-93.483
AR,Rudy Substation,substation,Arkansas Valley Electric Cooperative,35.526,-94.252
AR,Russell Lane Substation,substation,North Arkansas Electric Cooperative,36.363,-92.387
AR,Russellville East Substation,substation,Entergy Arkansas,35.277,-93.098
AR,Russellville Industrial Substation,substation,Entergy Arkansas,35.27,-93.084
AR,Russellville North Substation,substation,Entergy Arkansas,35.306,-93.123
AR,Russellville South Substation,substation,Entergy Arkansas,35.248,-93.143
AR,Rye Hill Substation,substation,Southwestern Electric Power Company,35.283,-94.43
AR,Salem Substation,substation,North Arkansas Electric Cooperative,36.368,-91.827
AR,Sans Souci Substation,substation,,35.653,-89.967
AR,Scenic Hill Solar III,plant,Scenic Hill Solar III LLC,35.467,-93.515
AR,Scenic Hill Solar IV,plant,"Scenic Hill Solar IV, LLC",35.47,-93.445
AR,Scotland Substation,substation,Petit Jean Electric Cooperative Corporation,35.52,-92.602
AR,Searcy Prince Substation,substation,Entergy Arkansas,35.24,-91.687
AR,Searcy Solar Battery Storage,plant,"Searcy Solar, LLC",35.238,-91.688
AR,Searcy Solar Hybrid,plant,"Searcy Solar, LLC",35.223,-91.704
AR,Searcy South Substation,substation,Entergy Arkansas,35.243,-91.743
AR,Searcy Water I,plant,"Entegrity Solar SWU, LLC",35.266,-91.716
AR,Sheridan Substation,substation,Entergy Arkansas,34.315,-92.397
AR,Sheridan Substation,substation,Entergy Arkansas,34.346,-92.426
AR,Sherrill Post Office,substation,Entergy Arkansas,34.385,-91.992
AR,Shipe Road Substation,substation,Southwestern Electric Power Company,36.358,-94.355
AR,Shoffner Substation,substation,Entergy Arkansas,35.475,-91.234
AR,Short Mountain Substation,substation,Oklahoma Gas & Electric,35.289,-93.737
AR,Simmons Substation,substation,Oklahoma Gas & Electric,35.493,-94.151
AR,Smackover Industrial Substation,substation,Entergy Louisiana,33.36,-92.713
AR,Smackover Substation,substation,Entergy Louisiana,33.358,-92.731
AR,South Central Electric Cooperative,plant,"Today's Power, Inc.",34.162,-93.086
AR,South Lead Hill Substation,substation,Entergy Arkansas,36.378,-92.932
AR,South Nashville Substation,substation,Southwestern Electric Power Company,33.921,-93.861
AR,South Side Substation,substation,Oklahoma Gas & Electric,35.343,-94.409
AR,Southland Substation,substation,North Arkansas Electric Cooperative,36.314,-92.375
AR,Southside SD,plant,"Entegrity Solar Southside SD, LLC",34.724,-92.196
AR,SR Camden,plant,SR Camden,33.636,-92.705
AR,St. Joe Substation,substation,Entergy Arkansas,36.015,-92.783
AR,State Line Substation,substation,Oklahoma Gas & Electric,35.322,-94.433
AR,Stephens Substation,substation,Entergy Louisiana,33.408,-93.059
AR,Strong Substation,substation,Entergy Arkansas,33.127,-92.403
AR,Stuttgart Industrial Substation,substation,Entergy Arkansas,34.508,-91.517
AR,Stuttgart North Substation,substation,Entergy Arkansas,34.523,-91.574
AR,Stuttgart Ricuskey Substation,substation,Entergy Arkansas,34.476,-91.542
AR,Stuttgart Solar,plant,"Stuttgart Solar, LLC",34.439,-91.442
AR,Subiaco Substation,substation,Arkansas Valley Electric Cooperative,35.308,-93.647
AR,Sugar Hill Substation,substation,Southwestern Electric Power Company,33.49,-94.036
AR,Summit Substation,substation,Entergy Arkansas,36.243,-92.69
AR,Sycamore Substation,substation,North Arkansas Electric Cooperative,36.345,-92.309
AR,TE Pipeline Substation,substation,Enterprise Products Operating LLC,36.497,-90.289
AR,Texas Eastern Substation,substation,"Texas Eastern Transmission, LP",36.498,-90.289
AR,Third Street Substation,substation,Oklahoma Gas and Electric,35.391,-94.427
AR,Thomas Fitzhugh Power Plant,plant,Arkansas Electric Cooperative Corporation,35.462,-93.805
AR,Three Brothers Substation,substation,North Arkansas Electric Cooperative,36.484,-92.487
AR,Tollette Substation,substation,Southwest Arkansas Electric Cooperative,33.819,-93.897
AR,Tontitown Substation,substation,Southwestern Electric Power Company,36.185,-94.282
AR,Tracy Substation,substation,North Arkansas Electric Cooperative,36.317,-92.345
AR,Trumann Substation,substation,Entergy Arkansas,35.653,-90.5
AR,Turk Substation,substation,Southwestern Electric Power Company,33.656,-93.815
AR,Twin Bridges Substation,substation,Oklahoma Gas & Electric,35.461,-94.29
AR,Twist Substation,substation,Entergy Arkansas,35.375,-90.498
AR,Two Pine Landfill Gas Recovery,plant,WM Renewable Energy LLC,34.833,-92.157
AR,Ulm Substation,substation,Entergy Arkansas,34.558,-91.466
AR,Umpire Substation,substation,Southwest Arkansas Electric Cooperative,34.269,-94.049
AR,Union Carbide Substation,substation,Entergy Arkansas,34.464,-92.947
AR,Union Power Project Switchyard,substation,,33.297,-92.589
AR,Union Power Station,plant,Entergy,33.298,-92.589
AR,Valley Street Substation,substation,Entergy Arkansas,34.504,-93.05
AR,Van Buren Substation,substation,Southwestern Power Administration,35.473,-94.334
AR,Varner Substation,substation,Entergy Arkansas,34.041,-91.618
AR,VBI Substation,substation,Oklahoma Gas & Electric,35.472,-94.338
AR,Vilonia Substation,substation,Entergy Arkansas,35.09,-92.171
AR,Viola Substation,substation,North Arkansas Electric Cooperative,36.394,-92.005
AR,Wabbaseka Substation,substation,First Energy Cooperative,34.368,-91.826
AR,Wabbaseka Substation,substation,Entergy Arkansas,34.386,-91.795
AR,Waldron Substation,substation,Southwestern Electric Power Company,34.908,-94.089
AR,Walnut Bend Solar Station,plant,Walnut Bend Solar Station,34.873,-91.071
AR,Walnut Ridge Substation,substation,Entergy Arkansas,36.061,-90.99
AR,Wesley Post Office,substation,Ozarks Electric Cooperative Corporation,36.028,-93.924
AR,West Memphis Solar Station,plant,Entergy Arkansas LLC,35.159,-90.319
AR,West Memphis Substation,substation,Entergy Arkansas,35.118,-90.188
AR,Westside Wastewater Treatment Plant Hybrid,plant,"Today's Power, Inc.",36.07,-94.232
AR,Westside Wastewater Treatment Solar Plant,plant,"Today's Power, Inc.",36.068,-94.236
AR,Whillock Hydroelectric Plant,plant,Arkansas Electric Cooperative Corporation,35.128,-92.79
AR,White Bluff Power Plant,plant,Entergy Arkansas,34.423,-92.134
AR,White Bluff Substation,substation,Entergy Arkansas,34.424,-92.144
AR,White River Lock/Dam #2,plant,White River Hydroelectric,35.744,-91.765
AR,White River Medical Center solar farm,plant,"Entegrity Solar WRMC, LLC",35.61,-91.259
AR,Whiteside Substation,substation,Oklahoma Gas & Electric,35.422,-94.33
AR,Wickes Substation,substation,Southwest Arkansas Electric Cooperative,34.288,-94.344
AR,Wilbur D. Mills Dam,plant,Arkansas Electric Cooperative Corporation,33.986,-91.316
AR,Wilmar Substation,substation,Entergy Arkansas,33.614,-91.926
AR,Woodruff County Solar,plant,Arkansas Electric Coop Corp,35.258,-91.353
AR,Woodruff Electric Cooperative,plant,"Today's Power, Inc.",35.039,-90.824
AR,Woodward Substation,substation,Entergy Arkansas,34.233,-92.06
AR,Wrightsville Substation,substation,,34.594,-92.217
AR,Wynne Industrial Substation,substation,Entergy Arkansas,35.238,-90.789
AR,Wynne Substation,substation,Entergy Arkansas,35.213,-90.79
AR,Wyola Substation,substation,Ozarks Electric Cooperative Corporation,35.86,-94.058
AR,Zion Hill Substation,substation,First Electric Cooperative,34.974,-92.14
FL,11th Avenue North Substation,substation,LWU,26.629,-80.059
FL,11th Avenue Substation,substation,TECO,27.964,-82.427
FL,12th Avenue South Substation,substation,LWU,26.601,-80.068
FL,12th Avenue Substation,substation,TECO,27.937,-82.403
FL,136th Avenue Substation,substation,Florida Power & Light,25.639,-80.477
FL,137th Avenue Substation,substation,Florida Power & Light,25.787,-80.418
FL,14th Street Substation,substation,TECO,27.974,-82.444
FL,15th Avenue South Substation,substation,LWU,26.597,-80.054
FL,16th Street Substation,substation,Duke Energy,27.773,-82.654
FL,18th Avenue North Substation,substation,LWU,26.637,-80.059
FL,30th Street Substation,substation,TECO,28.004,-82.427
FL,32nd Street Substation DUKE,substation,Duke Energy,27.833,-82.677
FL,34th Street Substation DUKE,substation,Duke Energy,27.882,-82.679
FL,3rd Avenue Substation,substation,TECO,27.958,-82.444
FL,40th Street Substation,substation,Florida Power & Light,25.813,-80.128
FL,40th Street Substation,substation,Duke Energy,27.787,-82.689
FL,40th Street Substation DUKE,substation,Duke Energy,27.786,-82.689
FL,46th Street Substation,substation,TECO,28.052,-82.41
FL,4th Avenue North Substation,substation,LWU,26.62,-80.06
FL,51st Street Substation DUKE,substation,Duke Energy,27.77,-82.702
FL,56th Street Substation,substation,TECO,28.0,-82.393
FL,62nd Avenue Substation,substation,Florida Power & Light,25.755,-80.296
FL,"69KV Umatilla ""T""",substation,SECO,28.953,-81.642
FL,6th Avenue South Substation,substation,LWU,26.608,-80.058
FL,78th Street Substation,substation,TECO,27.935,-82.369
FL,7th Avenue North Substation,substation,LWU,26.625,-80.072
FL,8th Street Cable Terminal,substation,Florida Power & Light,25.763,-80.305
FL,Aberdeen Substation FPL,substation,Florida Power & Light,26.564,-80.145
FL,ACE-Stanton A PV,plant,"ACE-Stanton A, LLC",28.485,-81.175
FL,ACE-Stanton PV,plant,"ACE-Stanton, LLC",28.476,-81.181
FL,Acme Substation,substation,Florida Power & Light,26.675,-80.221
FL,Acreage Pines Substation FPL,substation,Florida Power & Light,26.782,-80.263
FL,Admin Substation,substation,Reedy Creek Improvement District,28.396,-81.533
FL,AEP Jacksonville Solar Project,plant,"AEP Onsite Partners, LLC",30.518,-81.681
FL,Air Liquide Substation,substation,NASA,28.481,-80.685
FL,Air Products Substation,substation,Florida Power & Light,30.589,-87.132
FL,Airport Industrial Park Substation OUC,substation,Orlando Utilities Commission,28.403,-81.354
FL,Airport Substation,substation,Florida Power & Light,25.809,-80.269
FL,Airport Substation,substation,City of Vero Beach,27.645,-80.416
FL,Airport Substation,substation,Florida Power & Light,30.795,-86.534
FL,Alachua Substation #26 CLAY,substation,Clay Electric Cooperative,29.782,-82.528
FL,Alachua Substation DUKE,substation,Duke Energy,29.778,-82.494
FL,Alaquoa Substation,substation,PowerSouth Energy Cooperative,30.687,-86.143
FL,Alexander Street Substation,substation,TECO,28.003,-82.138
FL,Alexander Substation,substation,Florida Power & Light,26.911,-80.286
FL,Alford Substation,substation,PowerSouth Energy Cooperative,30.698,-85.344
FL,Alico Substation,substation,Florida Power & Light,26.495,-81.829
FL,Allapattah Substation,substation,Florida Power & Light,27.285,-80.481
FL,Allentown Substation,substation,PowerSouth Energy Cooperative,30.773,-87.076
FL,Alligator Substation,substation,Florida Power & Light,26.14,-81.743
FL,Alligator Swamp Substation,substation,,30.614,-87.201
FL,Altamonte Springs Substation,substation,Duke Energy,28.675,-81.359
FL,Altha Substation,substation,Florida Power & Light,30.515,-85.122
FL,Alva Substation,substation,Florida Power & Light,26.704,-81.6
FL,America Substation,substation,Orlando Utilities Commission,28.535,-81.382
FL,American Cement Substation,substation,,28.762,-82.023
FL,American Cement Switching Station,substation,,28.757,-82.022
FL,Anclote Power Plant,plant,Duke Energy,28.184,-82.788
FL,Anclote Power Plant Substation,substation,Duke Energy,28.184,-82.784
FL,Anderson Substation,substation,Duke Energy,28.898,-82.121
FL,Anheuser-Busch Substation JEA,substation,Jacksonville Electric Authority,30.434,-81.644
FL,Anhinga Solar Energy Center,plant,Florida Power & Light,29.884,-81.681
FL,Apalachee Solar Energy Center,plant,Florida Power & Light,30.76,-85.07
FL,Apollo Substation,substation,Florida Power & Light,28.114,-80.635
FL,Apopka South Substation,substation,Duke Energy,28.663,-81.516
FL,Aqualinda Substation,substation,Lee County Electric Cooperative,26.563,-82.017
FL,Arcadia Substation,substation,Florida Power & Light,27.219,-81.86
FL,Arch Creek Substation,substation,Florida Power & Light,25.893,-80.17
FL,Archer Substation DUKE,substation,Duke Energy,29.558,-82.505
FL,Argyle Substation,substation,Florida Power & Light,30.757,-86.276
FL,Arlington Substation,substation,Jacksonville Electric Authority,30.336,-81.595
FL,Arvah B. Hopkins Generating Station,plant,City of Tallahassee,30.453,-84.4
FL,Aspen Substation,substation,Tampa Electric Company,27.776,-82.253
FL,Astor Substation,substation,Clay Electric Cooperative,29.173,-81.405
FL,Astor Substation #52 CLAY,substation,Clay Electric Cooperative,29.173,-81.516
FL,Atlantic Substation,substation,Florida Power & Light,26.366,-80.105
FL,Auburn Substation,substation,PowerSouth Energy Cooperative,30.824,-86.538
FL,Aucilla Substation,substation,,30.488,-83.756
FL,Aurora Substation,substation,Florida Power & Light,28.137,-80.671
FL,Avalon Substation,substation,Duke Energy,28.484,-81.635
FL,Avalon Substation,substation,Florida Power & Light,30.6,-87.074
FL,Ave Maria South Substation,substation,Lee County Electric Cooperative,26.309,-81.417
FL,Avenir Substation,substation,Florida Power & Light,26.825,-80.267
FL,Aventura Substation,substation,Florida Power & Light,25.967,-80.149
FL,Avocado Substation,substation,Florida Power & Light,25.564,-80.511
FL,Avon Park North Substation,substation,Duke Energy,27.615,-81.503
FL,Avon Park Plant Substation DUKE,substation,Duke Energy,27.579,-81.493
FL,Avon Park Substation DUKE,substation,Duke Energy,27.581,-81.493
FL,Azalea Substation OUC,substation,Orlando Utilities Commission,28.553,-81.298
FL,Babcock Preserve Solar Energy Center,plant,Florida Power & Light,26.858,-81.725
FL,Babcock Ranch Solar Energy Center,plant,Florida Power & Light,26.866,-81.742
FL,Babcock Solar Energy Center Hybrid,plant,Florida Power & Light,26.858,-81.743
FL,Babcock Substation,substation,Florida Power & Light,27.992,-80.624
FL,Babson Park Substation,substation,Duke Energy,27.832,-81.524
FL,Baker Switching Station,substation,PowerSouth Energy Cooperative,30.799,-86.689
FL,Baldwin Substation FPL,substation,Florida Power & Light,30.275,-81.989
FL,Balm Solar,plant,Tampa Electric Company,27.77,-82.232
FL,Baltic Substation,substation,Florida Power & Light,29.768,-81.786
FL,Banyan Substation,substation,Florida Power & Light,25.755,-80.296
FL,Banyan Substation,substation,Florida Power & Light,26.719,-80.063
FL,Baptist Medical Center Gas Turbine,plant,Baptist Memorial Hospital,30.314,-81.664
FL,Barberville Substation,substation,Duke Energy,29.18,-81.41
FL,Barcola Substation DUKE,substation,Duke Energy,27.824,-81.888
FL,Barefoot Bay Solar Energy Center,plant,Florida Power & Light,27.872,-80.525
FL,Barefoot Bay Substation,substation,Florida Power & Light,27.865,-80.52
FL,Barna Substation FPL,substation,Florida Power & Light,28.559,-80.845
FL,Bartow Power Plant,plant,Duke Energy,27.862,-82.601
FL,Bartow Solar Energy LLC,plant,Cardinal Renewables,27.926,-81.778
FL,Bartow Solar Energy LLC,plant,Alchemy Renewable Energy,27.958,-81.788
FL,Bartram Substation JEA,substation,Jacksonville Electric Authority,30.107,-81.538
FL,Bascom Substation,substation,PowerSouth Energy Cooperative,30.873,-85.077
FL,Basinger Substation,substation,Glades Electric Co-Op,27.39,-81.03
FL,Basscreek Substation,substation,Florida Power & Light,25.991,-80.377
FL,Bassville Park Substation,substation,SECO,28.838,-81.774
FL,Bay Hill Substation,substation,Duke Energy,28.478,-81.506
FL,Bay Ranch Solar Power Plant,plant,"Duke Energy Florida, LLC",30.162,-85.501
FL,Bay Side Plant Substation,substation,TECO,27.908,-82.409
FL,Bay Trail Solar Farm,plant,Duke Energy,28.999,-82.67
FL,Bayard South Substation JEA,substation,Jacksonville Electric Authority,30.145,-81.528
FL,Bayard Substation JEA,substation,Jacksonville Electric Authority,30.147,-81.529
FL,Bayboro Power Plant,plant,Duke Energy,27.758,-82.635
FL,Bayboro South Substation,substation,Duke Energy,27.758,-82.638
FL,Baymeadows Substation JEA,substation,Jacksonville Electric Authority,30.236,-81.543
FL,Bayou Chico Substation,substation,Florida Power & Light,30.414,-87.247
FL,Bayou George North Substation,substation,PowerSouth Energy Cooperative,30.315,-85.486
FL,Bayou George Substation,substation,PowerSouth Energy Cooperative,30.248,-85.535
FL,Bayou Marcus Substation,substation,Florida Power & Light,30.437,-87.31
FL,Beach Haven Substation,substation,Florida Power & Light,30.384,-87.31
FL,Beaver Creek Substation,substation,Florida Power & Light,30.588,-87.256
FL,Beeline Substation,substation,Florida Power & Light,26.788,-80.115
FL,"Belair West ""T"" Sw (S624) CLAY",substation,Clay Electric Cooperative,30.165,-81.768
FL,Belair West Substation #10 CLAY,substation,Clay Electric Cooperative,30.165,-81.768
FL,Bell Ridge Solar,plant,"Bell Ridge Solar, LLC",29.717,-82.713
FL,Bell Shoals Substation,substation,TECO,27.893,-82.27
FL,Bell Substation,substation,Florida Power & Light,25.775,-80.327
FL,Belle Glade Substation,substation,Florida Power & Light,26.697,-80.675
FL,Belle Meade Substation,substation,Lee County Electric Cooperative,26.036,-81.704
FL,Belleair Substation,substation,Duke Energy,27.934,-82.787
FL,Belleview Substation,substation,,29.059,-82.024
FL,Bellevue Substation FPL,substation,Florida Power & Light,29.189,-81.03
FL,Bellview Substation,substation,Florida Power & Light,30.468,-87.29
FL,Belvedere Substation,substation,Florida Power & Light,26.688,-80.069
FL,Beneva Substation,substation,Florida Power & Light,27.269,-82.497
FL,Beneva Substation,substation,Florida Power & Light,27.296,-82.498
FL,Bennett Substation,substation,Orlando Utilities Commission,28.557,-81.335
FL,Berkley Road Substation,substation,TECO,28.114,-81.82
FL,Beverly Hills Substation,substation,Duke Energy,28.926,-82.452
FL,Beverly Substation,substation,Florida Power & Light,26.003,-80.212
FL,Big Bend Agrivoltaics,plant,Tampa Electric Co,27.781,-82.399
FL,Big Bend Floating Solar I,plant,Tampa Electric Company,27.788,-82.395
FL,Big Bend II Solar,plant,Tampa Electric Co,27.781,-82.393
FL,Big Bend Station,plant,Tampa Electric,27.794,-82.402
FL,Big Bend Substation,substation,TECO,27.797,-82.396
FL,Big Coppitt Substation,substation,KEYS,24.598,-81.653
FL,Big Pine Substation,substation,KEYS,24.675,-81.349
FL,Biltmore Substation JEA,substation,Jacksonville Electric Authority,30.347,-81.763
FL,Bird Substation,substation,Florida Power & Light,25.734,-80.294
FL,Biscayne Substation,substation,Florida Power & Light,25.891,-80.206
FL,Bithlo Substation DUKE,substation,Duke Energy,28.568,-81.151
FL,Black Creek Substation,substation,PSEC,30.461,-86.084
FL,Black Creek Substation #99 CLAY,substation,Clay Electric Cooperative,30.104,-81.839
FL,Blackjack Substation,substation,,30.849,-87.115
FL,Blackwater River Solar Energy Center,plant,Florida Power & Light,30.646,-86.938
FL,Bland Substation #22 CLAY,substation,Clay Electric Cooperative,29.95,-82.506
FL,Blount Island Substation,substation,Jacksonville Electric Authority,30.407,-81.524
FL,Blountstown Substation,substation,Florida Power & Light,30.429,-85.033
FL,Blue Cypress Solar Energy Center,plant,Florida Power & Light,27.599,-80.533
FL,Blue Cypress Substation,substation,Florida Power & Light,27.609,-80.527
FL,Blue Heron Solar,plant,Florida Power & Light,26.702,-81.138
FL,Blue Heron Solar Substation,substation,Florida Power & Light,26.695,-81.138
FL,Blue Lagoon Substation,substation,Florida Power & Light,25.777,-80.286
FL,Blue Lake Substation,substation,,29.058,-81.272
FL,Blue Springs Solar,plant,Florida Power & Light Co,30.788,-85.086
FL,Bluefield Preserve Solar Energy Center,plant,Florida Power & Light,27.243,-80.668
FL,Bluewater Bay Substation,substation,,30.474,-86.412
FL,Boca Raton Substation,substation,Florida Power & Light,26.351,-80.092
FL,Boca Teeca Substation,substation,Florida Power & Light,26.409,-80.091
FL,Boggy Marsh Substation,substation,Duke Energy,28.352,-81.677
FL,Bonifay Substation,substation,Florida Power & Light,30.793,-85.662
FL,Bonifay Substation,substation,PowerSouth Energy Cooperative,30.803,-85.724
FL,Bonita Springs Substation,substation,Florida Power & Light,26.33,-81.796
FL,Bonnet Creek Substation,substation,Duke Energy,28.335,-81.529
FL,Bonnie Mine Solar,plant,Tampa Electric Company,27.879,-81.917
FL,Boulevard Substation,substation,Florida Power & Light,25.879,-80.171
FL,Boulevard Substation CLAY,substation,Clay Electric Cooperative,29.94,-81.723
FL,Boyd Substation,substation,Florida Gas Transmission,26.269,-80.165
FL,Bradenton Substation,substation,Florida Power & Light,27.496,-82.567
FL,Bradford Substation FPL,substation,Florida Power & Light,29.925,-82.084
FL,Brandon Substation,substation,Florida Power & Light,25.914,-80.212
FL,Brandon Substation,substation,TECO,27.936,-82.278
FL,Brandy Branch Power Plant,plant,Jacksonville Electric Authority,30.32,-81.947
FL,Brandy Branch Substation,substation,Jacksonville Electric Authority,30.319,-81.947
FL,Bratt Substation,substation,PowerSouth Energy Cooperative,30.958,-87.384
FL,Brentwood Substation,substation,Florida Power & Light,30.466,-87.258
FL,Brevard Substation,substation,Florida Power & Light,28.369,-80.795
FL,Brevard Substation,substation,Florida Power & Light,28.369,-80.794
FL,"Brickyard ""T"" Switch CLAY",substation,Clay Electric Cooperative,30.108,-81.771
FL,Brickyard Substation #17 CLAY,substation,Clay Electric Cooperative,30.107,-81.771
FL,Brickyard Tap Substation,substation,Duke Energy,30.489,-84.437
FL,Bridge Substation,substation,Florida Power & Light,27.048,-80.265
FL,Brighton Substation,substation,Florida Power & Light,27.229,-81.093
FL,Bronson Substation,substation,Duke Energy,29.461,-82.653
FL,Brooker Creek Substation,substation,Duke Energy,28.144,-82.695
FL,Brooker Substation #24,substation,Clay Electric Cooperative,29.899,-82.332
FL,Brooklyn Substation,substation,Jacksonville Electric Authority,30.336,-81.69
FL,Brookridge Substation,substation,Duke Energy,28.575,-82.498
FL,Brooksville Substation,substation,,28.527,-82.417
FL,Brooksville Substation,substation,,28.546,-82.375
FL,Brooksville West Substation,substation,Duke Energy,28.528,-82.501
FL,Broward Substation,substation,Florida Power & Light,26.279,-80.155
FL,Buckeye Substation,substation,Florida Power & Light,27.623,-82.541
FL,Buckingham Substation,substation,Lee County Electric Cooperative,26.643,-81.766
FL,Buena Vista Substation,substation,Florida Power & Light,25.814,-80.202
FL,Bulow Substation FPL,substation,Florida Power & Light,29.411,-81.119
FL,Bunnell Substation FPL,substation,Florida Power & Light,29.496,-81.199
FL,Bushnell East Substation,substation,Duke Energy,28.672,-82.099
FL,Bushnell Substation SECO,substation,,28.669,-82.153
FL,Butler Substation BES,substation,BES Beaches Energy Services,30.254,-81.395
FL,Butterfly Substation,substation,Florida Power & Light,26.303,-80.201
FL,Butts Substation FPL,substation,Florida Power & Light,26.358,-80.153
FL,Byrnville Substation,substation,,30.971,-87.3
FL,C.D. McIntosh Jr. Power Plant,plant,City of Lakeland,28.082,-81.926
FL,Caldwell Substation,substation,Florida Power & Light,26.371,-80.088
FL,Callahan Substation,substation,Florida Power & Light,30.571,-81.839
FL,Callaway Substation,substation,Florida Power & Light,30.195,-85.563
FL,Calusa Substation,substation,Lee County Electric Cooperative,26.719,-81.778
FL,Camp Lake Substation,substation,Duke Energy,28.609,-81.734
FL,Campvbellton Substation,substation,PowerSouth Energy Cooperative,30.957,-85.393
FL,Canal Substation,substation,LWU,26.609,-80.098
FL,Cane Island Power Park,plant,Kissimmee Utility Authority,28.277,-81.535
FL,Cane Island Substation,substation,Kissimmee Utility Authority,28.277,-81.532
FL,Canoe Solar,plant,Florida Power & Light Co,30.678,-86.783
FL,Cantonment Substation,substation,Florida Power & Light,30.597,-87.326
FL,Cape Canaveral Plant Substation,substation,Florida Power & Light,28.468,-80.767
FL,Cape Canaveral Power Plant,plant,Florida Power & Light,28.47,-80.763
FL,Cape Coral Substation,substation,Lee County Electric Cooperative,26.577,-81.975
FL,Cape North Substation,substation,Lee County Electric Cooperative,26.639,-82.023
FL,Capri Substation,substation,Florida Power & Light,26.037,-81.701
FL,Car Care Substation,substation,Reedy Creek Improvement District,28.391,-81.575
FL,Carmen Substation FPL,substation,Florida Power & Light,29.162,-81.001
FL,Carnestown Substation,substation,,25.908,-81.359
FL,Carrabelle Substation,substation,Duke Energy,29.865,-84.665
FL,Carrollwood Village Substation,substation,TECO,28.07,-82.525
FL,Carter Substation,substation,Florida Power & Light,30.057,-82.057
FL,Caryville Substation,substation,Florida Power & Light,30.796,-85.803
FL,Casey Road Substation,substation,TECO,28.051,-82.517
FL,Casino Substation,substation,Florida Power & Light,26.279,-80.196
FL,Cassadaga Substation,substation,,28.957,-81.22
FL,Castle Substation,substation,Florida Power & Light,27.491,-82.498
FL,Cattle Ranch Solar,plant,Florida Power & Light,27.332,-81.756
FL,Cavendish Solar Energy Center,plant,Florida Power & Light,27.627,-80.803
FL,Caverns Road Substation,substation,Florida Power & Light,30.813,-85.174
FL,Cecil Commerce Ctr North Substation JEA,substation,Jacksonville Electric Authority,30.277,-81.895
FL,Cecil Field Substation JEA,substation,Jacksonville Electric Authority,30.25,-81.834
FL,Cedar Substation FPL,substation,Florida Power & Light,26.538,-80.126
FL,Celery Substation FPL,substation,Florida Power & Light,28.785,-81.219
FL,Center Park Substation,substation,Jacksonville Electric Authority,30.297,-81.487
FL,Central Beach Substation,substation,City of Vero Beach,27.633,-80.357
FL,Central District Wastewater Treatment Plant,plant,Miami Dade Water & Sewer Department,25.748,-80.153
FL,Central Florida Substation,substation,Duke Energy,28.817,-81.955
FL,Century Substation,substation,,30.987,-87.257
FL,Champion Substation,substation,Florida Power & Light,30.601,-87.327
FL,Chapel Substation,substation,Florida Power & Light,26.035,-80.409
FL,Chapman Substation TECO,substation,TECO,28.115,-82.43
FL,Charlie Creek Solar Power Plant,plant,"Duke Energy Florida, LLC",27.631,-81.655
FL,Charlotte Substation,substation,Florida Power & Light,26.953,-81.977
FL,Chautauqua Solar Energy Center,plant,Florida Power & Light,30.874,-86.206
FL,Chipley Substation,substation,Florida Power & Light,30.786,-85.533
FL,Chipley Substation,substation,PowerSouth Energy Cooperative,30.795,-85.524
FL,Chipola River Solar Energy Center,plant,Florida Power & Light,30.456,-85.277
FL,Chipola Substation,substation,Florida Power & Light,30.777,-85.202
FL,Choctaw North Substation,substation,,30.456,-86.415
FL,Choctaw South Substation,substation,,30.399,-86.406
FL,Chuluota Substation FPL,substation,Florida Power & Light,28.646,-81.117
FL,Chumuckla Substation,substation,PowerSouth Energy Cooperative,30.78,-87.19
FL,Church Substation,substation,JEA,30.333,-81.669
FL,Circle Square Substation,substation,,29.079,-82.256
FL,Citrus Combined Cycle Substation,substation,,28.964,-82.673
FL,Citrus Hills Electric Substation,substation,,28.899,-82.414
FL,Citrus Ridge Solar,plant,"FL Solar 5, LLC",28.401,-81.62
FL,Citrus Solar Energy Center Hybrid,plant,Florida Power & Light,27.304,-81.784
FL,City of Clewiston Substation,substation,City of Clewiston,26.741,-80.942
FL,City of Tallahassee Solar Farm,plant,"FL Solar 1, LLC",30.379,-84.357
FL,City Point Substation,substation,Florida Power & Light,28.402,-80.757
FL,Clarcona Substation,substation,Duke Energy,28.611,-81.499
FL,Clarkwild Substation,substation,TECO,28.055,-82.32
FL,Claude Substation,substation,Florida Power & Light,30.291,-82.189
FL,Clearlake Substation,substation,Florida Power & Light,28.36,-80.75
FL,Clearview Substation,substation,TECO,27.955,-82.502
FL,Clearwater Substation,substation,Duke Energy,27.972,-82.791
FL,Clermont East Substation,substation,Duke Energy,28.547,-81.713
FL,Clermont Substation,substation,Duke Energy,28.551,-81.744
FL,Cleveland Substation,substation,Florida Power & Light,26.955,-81.978
FL,Clewiston Sugar House,plant,United States Sugar,26.735,-80.936
FL,Clintmoore Substation FPL,substation,Florida Power & Light,26.409,-80.144
FL,Clover Substation,substation,Florida Power & Light,27.481,-80.544
FL,Coachwhip Substation,substation,Florida Power & Light,27.457,-82.087
FL,Coast Substation,substation,Florida Power & Light,27.017,-82.138
FL,Cocoa Beach Substation,substation,Florida Power & Light,28.359,-80.609
FL,Cocoa Substation,substation,Florida Power & Light,28.353,-80.727
FL,Coconut Grove Substation,substation,Florida Power & Light,25.736,-80.255
FL,Cocoplum Substation,substation,Florida Power & Light,27.048,-82.244
FL,College Substation,substation,Jacksonville Electric Authority,30.317,-81.681
FL,College Substation FPL,substation,Florida Power & Light,28.758,-81.302
FL,Collier Substation,substation,Florida Power & Light,26.176,-81.753
FL,Collins Substation,substation,Florida Power & Light,26.078,-80.179
FL,Colonial Substation,substation,Florida Power & Light,26.601,-81.88
FL,Columbia Solar Farm,plant,Duke Energy,29.89,-82.686
FL,Columbia Substation FPL,substation,Florida Power & Light,30.198,-82.633
FL,Combee Road Substation,substation,City of Lakeland,28.053,-81.908
FL,Commercial Metals Substation JEA,substation,JEA,30.347,-81.756
FL,Como Substation,substation,Florida Power & Light,29.492,-81.587
FL,Condor Substation,substation,Florida Power & Light,25.565,-80.429
FL,Conservation Substation FPL,substation,Florida Power & Light,26.196,-80.297
FL,Convention Center Substation,substation,Orlando Utilities Commission,28.437,-81.453
FL,Cooper Substation,substation,Florida Power & Light,26.912,-82.038
FL,Copans Substation,substation,Florida Power & Light,26.256,-80.187
FL,Coqunia Substation,substation,Florida Power & Light,29.319,-81.099
FL,Coral Farms Solar Energy Center,plant,Florida Power & Light,29.758,-81.897
FL,Coral Farms Substation,substation,Florida Power & Light,29.78,-81.886
FL,Coral Reef Substation,substation,Florida Power & Light,25.628,-80.366
FL,Corbett Substation,substation,Lee County Electric Cooperative,26.697,-81.924
FL,Corbett Substation FPL,substation,Florida Power & Light,26.709,-80.377
FL,Cordova Substation,substation,Florida Power & Light,30.498,-87.206
FL,Corkscrew Substation,substation,Florida Power & Light,26.45,-81.754
FL,Coronet Substation,substation,TECO,27.986,-82.084
FL,Cortez Substation,substation,Florida Power & Light,27.462,-82.612
FL,Costa Substation,substation,Florida Power & Light,26.766,-80.345
FL,Cotton Creek Solar Energy Center,plant,Florida Power & Light,30.849,-87.346
FL,Country Club Substation,substation,Florida Power & Light,25.942,-80.32
FL,Country Club Substation,substation,Orlando Utilities Commission,28.564,-81.402
FL,County Line Substation,substation,Florida Power & Light,25.972,-80.214
FL,County Line Substation,substation,,27.558,-80.374
FL,Courtenay Substation,substation,Florida Power & Light,28.417,-80.705
FL,Covanta Lake County Waste-to-Energy,plant,"Covanta Lake, Inc.",28.74,-81.889
FL,Covanta Pinellas Plant Substation COVA,substation,Covanta,27.873,-82.674
FL,Covanta Pinellas Waste to Energy,plant,Covanta,27.874,-82.674
FL,Cowbone Substation,substation,Glades Electric Co-Op,26.623,-80.983
FL,CR 672 Substation,substation,Tampa Electric Company,27.765,-82.262
FL,Crane Substation,substation,Florida Power & Light,27.168,-80.308
FL,Craven Substation JEA,substation,Jacksonville Electric Authority,30.205,-81.602
FL,Crawford Substation,substation,Florida Power & Light,30.518,-81.901
FL,Crawfordville Substation,substation,Duke Energy,30.185,-84.4
FL,Crescent City Substation FPL,substation,Florida Power & Light,29.444,-81.515
FL,Crews Lake Substation,substation,City of Lakeland,27.897,-81.901
FL,Crist Substation,substation,Florida Power & Light,30.564,-87.227
FL,Crist Switchyard,substation,Florida Power & Light,30.562,-87.228
FL,Croom Substation,substation,Duke Energy,28.593,-82.227
FL,Cross City Substation,substation,Duke Energy,29.626,-83.13
FL,Crossbow Substation,substation,Florida Power & Light,26.034,-80.359
FL,Crossley Substation FPL,substation,Florida Power & Light,29.59,-81.99
FL,Crystal Beach Substation,substation,,30.387,-86.434
FL,Crystal Lake Substation,substation,PowerSouth Energy Cooperative,30.439,-85.688
FL,Crystal River Plant Substation,substation,Duke Energy,28.961,-82.699
FL,Crystal River Power Plant,plant,Duke Energy,28.962,-82.691
FL,Crystal Substation,substation,Florida Power & Light,26.279,-80.153
FL,CSL Gas Recovery,plant,WM Renewable Energy,26.288,-80.167
FL,Cudjoe Key Substation,substation,KEYS,24.663,-81.476
FL,Curlew Substation,substation,Duke Energy,28.054,-82.724
FL,Curry Ford Substation DUKE,substation,Duke Energy,28.505,-81.253
FL,Curtis H Stanton Energy Center,plant,Stanton Clean Energy LLC,28.488,-81.167
FL,Cypress Gardens Substation,substation,TECO,27.994,-81.686
FL,Cypress Gardens Substation,substation,TECO,28.022,-81.692
FL,Cypress Pond Solar,plant,Florida Power & Light,30.429,-85.437
FL,Cypress Substation,substation,TECO,27.952,-82.532
FL,Cypress Substation,substation,,30.749,-85.068
FL,Cypresswood Substation,substation,Duke Energy,28.012,-81.632
FL,Dade City Substation,substation,TECO,28.371,-82.197
FL,Dade Substation 138kV,substation,Florida Power & Light,25.831,-80.313
FL,Dade Substation 230kV,substation,Florida Power & Light,25.831,-80.311
FL,Dadeland Substation,substation,Florida Power & Light,25.695,-80.305
FL,Dairy Road Substation,substation,TECO,28.071,-81.777
FL,Dale Mabry Substation,substation,TECO,28.112,-82.511
FL,Dania Beach Energy Center 7 Power Plant,plant,Florida Power & Light Co,26.069,-80.199
FL,Dania Substation,substation,,26.047,-80.135
FL,Datura Street Substation FPL,substation,Florida Power & Light,26.713,-80.056
FL,Davie Substation,substation,Florida Power & Light,26.094,-80.235
FL,Davie Substation,substation,Florida Power & Light,26.095,-80.235
FL,Davis Substation,substation,Florida Power & Light,25.64,-80.397
FL,Davis Substation JEA,substation,Jacksonville Electric Authority,30.263,-81.454
FL,Davis Substation TECO,substation,TECO,28.048,-82.359
FL,De Leon Springs Substation,substation,Duke Energy,29.12,-81.361
FL,Dead Lakes Substation,substation,PowerSouth Energy Cooperative,30.237,-85.214
FL,Debary Plant Substation,substation,Duke Energy,28.905,-81.334
FL,DeBary Power Plant,plant,Duke Energy,28.904,-81.332
FL,Debary Solar Power Plant,plant,Duke Energy,28.906,-81.33
FL,Deepcreek Substation,substation,Florida Power & Light,27.018,-82.035
FL,Deer Island Substation,substation,SECO,28.765,-81.728
FL,Deercreek Substation JEA,substation,Jacksonville Electric Authority,30.192,-81.521
FL,Deerfield Beach Substation,substation,Florida Power & Light,26.304,-80.104
FL,Deerfield Beach Substation FPL,substation,Florida Power & Light,26.316,-80.125
FL,Deerhaven Generating Station GRU,plant,Gainesville Regional Utilities,29.762,-82.389
FL,Deerhaven Plant Substation GRU,substation,Gainesville Regional Utilities,29.757,-82.388
FL,Deerhaven Renewable,plant,Gainesville Regional Utilities,29.767,-82.399
FL,Deerhaven Renewable Plant Substation GRU,substation,Gainesville Regional Utilities,29.768,-82.397
FL,Deerwood Substation JEA,substation,Jacksonville Electric Authority,30.235,-81.522
FL,DeFuniak Springs Switching Station,substation,PowerSouth Energy Cooperative,30.736,-86.113
FL,DeLand Substation,substation,Florida Power & Light,29.017,-81.24
FL,DeLand Substation,substation,Duke Energy,29.033,-81.326
FL,Dellwood Substation,substation,Florida Power & Light,30.757,-85.077
FL,Delmar Substation FPL,substation,Florida Power & Light,26.336,-80.153
FL,Delray Substation,substation,Florida Power & Light,26.465,-80.07
FL,Deltona East Substation,substation,Duke Energy,28.891,-81.237
FL,Deltona Substation FPL,substation,Florida Power & Light,28.92,-81.183
FL,Deltrail Substation FPL,substation,Florida Power & Light,26.477,-80.146
FL,Derby Substation,substation,Florida Power & Light,28.793,-81.328
FL,DeSoto Next Generation Solar Energy Center,plant,Florida Power and Light,27.32,-81.802
FL,Destin Substation,substation,Florida Power & Light,30.394,-86.483
FL,Devilliers Substation,substation,Florida Power & Light,30.419,-87.223
FL,Dillaberry Substation CLAY,substation,Clay Electric Cooperative,30.065,-81.898
FL,Dillard Substation,substation,Florida Power & Light,26.159,-80.166
FL,Dinner Lake Substation,substation,Duke Energy,27.507,-81.438
FL,Dinsmore Substation,substation,Jacksonville Electric Authority,30.454,-81.775
FL,Discovery Solar Center,plant,Florida Power & Light,28.536,-80.678
FL,Doctors Inlet Substation #16 CLAY,substation,Clay Electric Cooperative,30.104,-81.832
FL,Don Shula Substation,substation,Florida Power & Light,25.657,-80.38
FL,Dona Vista Substation,substation,Duke Energy,28.876,-81.69
FL,Doral Substation,substation,Florida Power & Light,25.793,-80.37
FL,Doral Switching Substation,substation,,25.831,-80.354
FL,Douglas Substation,substation,Florida Power & Light,25.748,-80.254
FL,Dover Solar,plant,Tampa Electric Company,27.956,-82.198
FL,Downtown Substation,substation,Florida Power & Light,25.77,-80.197
FL,Dranefield Substation,substation,City of Lakeland,27.978,-82.007
FL,Drifton Substation,substation,Duke Energy,30.496,-83.843
FL,Driftwood Substation,substation,Florida Power & Light,26.031,-80.249
FL,Duette Solar Power Plant,plant,Duke Energy,27.588,-82.063
FL,Duke Energy,substation,Duke Energy,28.141,-82.744
FL,Duke Energy Osceola Solar Facility,plant,Duke Energy,28.058,-81.243
FL,Duke Substation,substation,Florida Power & Light,30.638,-86.547
FL,Dundee Substation,substation,Duke Energy,28.006,-81.594
FL,Dunedin Substation DUKE,substation,Duke Energy,28.023,-82.776
FL,Dunnellon Substation,substation,Duke Energy,29.038,-82.458
FL,Durbin Substation FPL,substation,Florida Power & Light,30.079,-81.451
FL,Durrance Solar,plant,Tampa Electric,27.79,-81.993
FL,Durrance Solar Substation,substation,,27.792,-82.003
FL,Duval Substation FPL,substation,Florida Power & Light,30.272,-81.953
FL,Eagle Substation FPL,substation,Florida Power & Light,29.354,-81.158
FL,Eagles Nest Substation,substation,Duke Energy,28.886,-81.905
FL,East Bay Substation,substation,TECO,27.793,-82.368
FL,East Callaway Substation,substation,PowerSouth Energy Cooperative,30.148,-85.472
FL,East Clearwater Substation DUKE,substation,Duke Energy,28.001,-82.732
FL,East Crestview Substation,substation,Florida Power & Light,30.756,-86.526
FL,East Lake Wales Substation,substation,Duke Energy,27.926,-81.538
FL,East Orange Substation,substation,Duke Energy,28.546,-81.211
FL,East Winter Haven Substation,substation,TECO,28.017,-81.729
FL,Eastbay Substation,substation,Florida Power & Light,30.402,-86.885
FL,Eastern Lake Substation,substation,,30.312,-86.088
FL,Eastgate Substation,substation,Florida Power & Light,30.478,-87.175
FL,Eastport Substation JEA,substation,Jacksonville Electric Authority,30.419,-81.598
FL,Eaton Park Substation,substation,City of Lakeland,28.012,-81.906
FL,Eau Gallie Substation,substation,Florida Power & Light,28.138,-80.633
FL,Ebro Substation,substation,PowerSouth Energy Cooperative,30.441,-85.87
FL,Echo River Solar,plant,Florida Power & Light,30.297,-82.866
FL,Echo River Solar Sobstation,substation,Florida Power & Light,30.293,-82.856
FL,Econlockhatchee Substation,substation,Duke Energy,28.596,-81.26
FL,Ecua Substation,substation,Florida Power & Light,30.6,-87.271
FL,Edgewater Substation,substation,Florida Power & Light,28.973,-80.905
FL,Edison Substation,substation,Florida Power & Light,26.558,-81.9
FL,Edwards Road Substation,substation,PowerSouth Energy Cooperative,30.326,-85.643
FL,Egret Solar Center,plant,Florida Power & Light,30.293,-82.187
FL,Ehrlich Road Substation,substation,TECO,28.085,-82.52
FL,Eight Flags Energy,plant,Eight Flags Energy LLC,30.661,-81.471
FL,Eight Flags Energy Substation,substation,,30.661,-81.47
FL,Elder Branch Solar Energy Center,plant,Florida Power & Light,27.595,-82.253
FL,Electric Substation,substation,Florida Power & Light,25.436,-80.453
FL,Electric Substation,substation,Florida Power & Light,25.94,-80.288
FL,Electric Substation FPL,substation,Florida Power & Light,25.633,-80.299
FL,Electric Substation-Citrus Springs Number 3,substation,Duke Energy,29.009,-82.485
FL,Elfers Substation,substation,Duke Energy,28.207,-82.723
FL,Elkton Substation,substation,Florida Power & Light,29.784,-81.44
FL,Ellyson SUbstation,substation,Florida Power & Light,30.529,-87.205
FL,Ely Substation,substation,Florida Power & Light,26.236,-80.126
FL,Emerson Substation,substation,Florida Power & Light,27.533,-80.416
FL,Employee Substation,substation,Kissimmee Utility Authority,28.321,-81.337
FL,Englewood Substation,substation,Florida Power & Light,26.963,-82.336
FL,Epcot Central Energy Plant,substation,Reedy Creek Improvement District,28.373,-81.544
FL,Eridu Substation,substation,Tri-County Electric Cooperative,30.323,-83.759
FL,Estero Substation,substation,Florida Power & Light,26.442,-81.834
FL,Etonia Creek Solar Energy Center,plant,Florida Power & Light,29.769,-81.778
FL,Eureka Substation,substation,Florida Power & Light,25.602,-80.429
FL,Eustis Moran Street Substation,substation,Duke Energy,28.85,-81.686
FL,Eustis South Substation,substation,Duke Energy,28.825,-81.687
FL,Everest Substation,substation,Lee County Electric Cooperative,26.606,-81.935
FL,Everglades City Substation,substation,,25.866,-81.385
FL,Everglades Solar Energy Center,plant,Florida Power & Light,25.543,-80.555
FL,Exxon Substation,substation,,30.965,-87.18
FL,Farnsworth Substation #25,substation,"Clay Electric Cooperative, Inc.",29.65,-82.495
FL,Fashion Substation,substation,Florida Power & Light,26.263,-80.101
FL,Fatio Substation DUKE,substation,Duke Energy,28.977,-81.324
FL,Faucet Substation,substation,Florida Power & Light,25.677,-80.4
FL,Fawn Solar,plant,Florida Power & Light,27.057,-80.379
FL,Fern Street Substation,substation,TECO,28.005,-82.454
FL,Fernadina Beach Mill Substation,substation,,30.681,-81.454
FL,Fernandina Beach Mill,plant,WestRock,30.682,-81.456
FL,Fernandina Beach Substation,substation,Florida Power & Light,30.61,-81.518
FL,Fernandina Plant,plant,Rayonier Advanced Materials,30.662,-81.473
FL,FGCU Solar Field,plant,,26.465,-81.783
FL,Finca Substation,substation,Florida Power & Light,27.59,-80.563
FL,Firestone Substation JEA,substation,Jacksonville Electric Authority,30.223,-81.765
FL,First City Solar Energy Center,plant,Florida Power & Light,30.92,-87.337
FL,Fisheating Creek Substation DUKE,substation,Duke Energy,27.266,-81.408
FL,Fishhawk Substation TECO,substation,TECO,27.856,-82.201
FL,Flagami Substation,substation,Florida Power & Light,25.767,-80.343
FL,Flagami Substation,substation,Florida Power & Light,25.768,-80.343
FL,Fleming Island Substation,substation,Clay Electric Cooperative,30.088,-81.725
FL,Florahome Substation #31 CLAY,substation,Clay Electric Cooperative Inc,29.748,-81.889
FL,Floratam Substation,substation,Florida Power & Light,29.015,-81.097
FL,Florida Avenue Substation,substation,TECO,27.958,-82.459
FL,Florida City Substation,substation,Florida Power & Light,25.447,-80.452
FL,Florida City Substation,substation,Florida Power & Light,25.453,-80.52
FL,Florida Gas Transmission Co Substation,substation,FLORIDA GAS TRANSMISSION COMPANY,28.044,-82.302
FL,Florida Power & Light,plant,,29.139,-81.0
FL,Florida Power & Light,substation,Florida Power & Light,30.526,-87.389
FL,Florida Power & light Company,substation,,30.241,-85.554
FL,Florida Power & Light PG1,substation,Florida Power & Light,26.934,-82.047
FL,Flowers Creek Solar Energy Center,plant,Florida Power & Light,30.57,-85.041
FL,Flying Cow Substation,substation,Florida Power & Light,26.677,-80.298
FL,Forest Grove Substation,substation,Florida Power & Light,29.601,-81.231
FL,Forest Substation JEA,substation,Jacksonville Electric Authority,30.266,-81.537
FL,Fort Caroline Substation JEA,substation,Jacksonville Electric Authority,30.36,-81.489
FL,Fort Clarke Substation GRU,substation,Gainesville Regional Utilities,29.664,-82.473
FL,Fort Drum Energy Center,plant,Florida Power & Light Co,27.617,-80.791
FL,Fort Drum Substation,substation,Florida Power & Light,27.637,-80.791
FL,Fort Green Solar Power Plant,plant,"Duke Energy Florida, LLC",27.639,-81.939
FL,Fort King Substation,substation,TECO,28.334,-82.204
FL,Fort McCoy Substation,substation,,29.367,-81.964
FL,Fort McCoy Substation OCB CLAY,substation,Clay Electric Cooperative,29.59,-81.989
FL,Fort Meade Substation DUKE,substation,Duke Energy,27.749,-81.819
FL,Fort Myers Plant,plant,Florida Power & Light,26.697,-81.782
FL,Fort Myers Substation,substation,Florida Power & Light,26.642,-81.865
FL,Fort Myers Switchyard,substation,Florida Power & Light,26.699,-81.78
FL,Fort Pierce Substation,substation,Florida Power & Light,27.447,-80.358
FL,Fort Walton Substation,substation,Florida Power & Light,30.413,-86.618
FL,Fort White Substation,substation,Duke Energy,29.953,-82.78
FL,Fort White Substation #20,substation,Clay Electric Cooperative,29.922,-82.664
FL,Fountain Substation,substation,PowerSouth Energy Cooperative,30.481,-85.487
FL,Fountain Substation FPL,substation,Florida Power & Light,26.615,-80.148
FL,Four Corners Substation,substation,Duke Energy,28.348,-81.591
FL,Fourmile Creek Solar,plant,Florida Power & Light,30.442,-85.273
FL,FPL Andytown Substation,substation,Florida Power & Light,26.035,-80.44
FL,FPL Substation,substation,Florida Power & Light,26.212,-80.131
FL,Francis Substation #34 CLAY,substation,,29.636,-81.706
FL,Fred H. Smith Substation,substation,Lee County Electric Cooperative,25.927,-81.713
FL,Freeport Substation,substation,PowerSouth Energy Cooperative,30.516,-86.133
FL,Freeport Switching Station,substation,PowerSouth Energy Cooperative,30.532,-86.131
FL,Frontenac Substation,substation,Florida Power & Light,28.47,-80.767
FL,Fronton Substation,substation,Florida Power & Light,25.81,-80.258
FL,Frostproof Substation,substation,Duke Energy,27.742,-81.528
FL,Fruit Industries Substation,substation,Florida Power & Light,27.486,-82.55
FL,Fruitland Substation,substation,Clay Electric Cooperative,29.432,-81.643
FL,Fulford Substation,substation,Florida Power & Light,25.928,-80.204
FL,G W Ivey Plant,plant,City of Homestead,25.475,-80.47
FL,Gaco Substation,substation,Florida Power & Light,29.004,-81.159
FL,Gainesville Regional Utilities (GRU),plant,,29.697,-82.314
FL,Gallagher Road Substation,substation,TECO,27.99,-82.236
FL,Galloway Substation,substation,Florida Power & Light,25.705,-80.338
FL,Galloway Substation,substation,City of Lakeland,28.095,-82.01
FL,Gannon Substation,substation,TECO,27.938,-82.44
FL,Garden City Substation JEA,substation,Jacksonville Electric Authority,30.454,-81.698
FL,Garden Substation,substation,Florida Power & Light,25.937,-80.264
FL,Gaskin Substation,substation,PowerSouth Energy Cooperative,30.242,-85.468
FL,Gateway Substation,substation,Florida Power & Light,26.626,-81.769
FL,Gatewood Substation FPL,substation,Florida Power & Light,29.13,-81.013
FL,Gatlin Substation,substation,Florida Power & Light,27.26,-80.415
FL,GE Alachua Substation CoA,substation,Gainesville Regional Utilities  City of Alachua,29.774,-82.455
FL,General Electric Substation,substation,Florida Power & Light,29.194,-81.076
FL,Geneva Substation FPL,substation,Florida Power & Light,28.758,-81.115
FL,George Road Substation,substation,TECO,27.993,-82.55
FL,Georgia Pacific Corp (GPC) Substation,substation,,29.677,-81.677
FL,Georgia Pacific GPC Switch 115KV FPL,substation,Florida Power & Light,29.642,-81.668
FL,Georgia Substation,substation,Jacksonville Electric Authority,30.329,-81.64
FL,Gerald Eagle Substation,substation,,29.229,-82.078
FL,Gerald Eagle Substation,substation,,29.231,-82.079
FL,Germantown Substation,substation,Florida Power & Light,26.446,-80.089
FL,Ghost Orchid Solar Energy Center,plant,Florida Power & Light,26.424,-81.036
FL,Ghost Substation,substation,Florida Power & Light,26.384,-81.042
FL,Gibsonia Substation,substation,City of Lakeland,28.13,-81.987
FL,Gibsonton Substation,substation,TECO,27.862,-82.385
FL,Gifford Substation,substation,Duke Energy,28.388,-81.62
FL,Gladeview Substation,substation,Florida Power & Light,25.837,-80.238
FL,Gladiolus Substation,substation,Florida Power & Light,26.51,-81.901
FL,Gleam Substation,substation,Florida Power & Light,27.325,-81.767
FL,Glen Saint Mary Substation GTC,substation,GTC Georgia Transmission Corporation,30.26,-82.184
FL,Glendale Road Substation,substation,Florida Power & Light,30.735,-86.114
FL,Glendale Substation,substation,City of Lakeland,28.007,-81.926
FL,Glendale Substation,substation,PowerSouth Energy Cooperative,30.908,-86.134
FL,Golden Gate Substation,substation,Florida Power & Light,26.203,-81.688
FL,Golden Gate Substation,substation,Florida Power & Light,26.204,-81.69
FL,Golden Gem Substation,substation,Duke Energy,28.917,-81.676
FL,Golden Glades Substation,substation,Florida Power & Light,25.928,-80.233
FL,Goldfinch Solar,plant,Goldfinch (Lakeland),27.984,-82.042
FL,Golf Substation,substation,Florida Power & Light,26.506,-80.078
FL,Gordonville Substation,substation,TECO,27.943,-81.803
FL,Goulding Substation,substation,Florida Power & Light,30.44,-87.221
FL,Goulds Substation,substation,Florida Power & Light,25.569,-80.373
FL,Graceville Substation,substation,,30.958,-85.522
FL,Graceville Substation,substation,PowerSouth Energy Cooperative,30.963,-85.54
FL,Graceville Substation,substation,Florida Power & Light,30.971,-85.536
FL,Grady Substation,substation,Florida Power & Light,30.576,-85.031
FL,Granada Substation,substation,TECO,27.921,-82.493
FL,Grand Park Substation,substation,Jacksonville Electric Authority,30.356,-81.716
FL,Grange Hall Solar,plant,Tampa Electric Company,27.681,-82.208
FL,Grant Substation OUC,substation,Orlando Utilities Commission,28.516,-81.319
FL,Gratigny Substation,substation,Florida Power & Light,25.885,-80.314
FL,Gray Substation,substation,TECO,27.949,-82.518
FL,Grayton Beach Substation,substation,,30.34,-86.164
FL,Green Circle Substation,substation,PowerSouth Energy Cooperative,30.734,-85.39
FL,Green Cove Springs Substation #18 CLAY,substation,Clay Electric Cooperative,29.954,-81.696
FL,Greenacres Substation,substation,Florida Power & Light,26.617,-80.114
FL,Greenland Energy Center,plant,JEA,30.159,-81.516
FL,Greenland Plant Substation JEA,substation,Jacksonville Electric Authority,30.159,-81.519
FL,Greenwood Substation,substation,Florida Power & Light,30.185,-85.683
FL,Greynolds Substation,substation,Florida Power & Light,25.927,-80.151
FL,Griffin Substation DUKE,substation,Duke Energy,28.083,-82.039
FL,Griffis Loop Substation #09 CLAY,substation,Clay Electric Cooperative,29.927,-82.086
FL,Grissom Substation FPL,substation,Florida Power & Light,28.494,-80.803
FL,Grove Solar Energy Center,plant,Florida Power & Light,27.581,-80.652
FL,Grove Substation,substation,City of Lakeland,27.952,-81.922
FL,Gulf Breeze Substation,substation,Florida Power & Light,30.361,-87.156
FL,Gulf City Substation,substation,TECO,27.684,-82.471
FL,Gulf Clean Energy Center,plant,Florida Power & Light,30.564,-87.226
FL,Gulf Coast Solar Center I,plant,"CD Arevon USA, Inc.",30.515,-86.524
FL,Gulf Coast Solar Center III,plant,"CD Arevon USA, Inc.",30.47,-87.341
FL,Gulf Power Blue Indigo Energy,plant,Florida Power & Light,30.878,-85.399
FL,Gulf Power Perdido Landfill Gas-to-Energy,plant,Florida Power & Light,30.576,-87.388
FL,H.L. Culbreath Bayside Power Station,plant,Tampa Electric,27.907,-82.418
FL,Habana Substation,substation,TECO,27.996,-82.489
FL,Hacienda Substation,substation,Florida Power & Light,26.077,-80.213
FL,Haines City Substation,substation,Duke Energy,28.106,-81.621
FL,Haines Creek Substation,substation,Duke Energy,28.858,-81.8
FL,Half Moon Solar Plant,plant,"Duke Energy Florida, LLC",28.948,-82.172
FL,Hallandale Substation,substation,Florida Power & Light,25.975,-80.16
FL,Hallandale Substation,substation,Florida Power & Light,25.984,-80.135
FL,Hamilton Solar,plant,Duke Energy,30.443,-83.19
FL,Hamilton Substation JEA,substation,Jacksonville Electric Authority,30.284,-81.722
FL,Hamlet Substation FPL,substation,Florida Power & Light,26.435,-80.131
FL,Hammock Bay Substation,substation,PowerSouth Energy Cooperative,30.51,-86.159
FL,Hammock Solar,plant,Florida Power & Light,26.688,-81.317
FL,Hammock Solar Substation,substation,Florida Power & Light,26.692,-81.324
FL,Hammond Substation,substation,Clay Electric Cooperative,29.382,-81.515
FL,Hampton Substation FPL,substation,Florida Power & Light,29.88,-82.134
FL,Hanson Substation,substation,Florida Power & Light,26.622,-81.848
FL,Hanson Substation,substation,Florida Power & Light,27.087,-80.264
FL,Harbor Substation,substation,Florida Power & Light,26.967,-82.074
FL,Harbour Island Substation,substation,TECO,27.935,-82.45
FL,Hardee Power Station,plant,Invenergy Services LLC,27.638,-81.963
FL,Hardeetown Solar Power Plant,plant,"Duke Energy Florida, LLC",29.498,-82.839
FL,Harmony Solar,plant,Harmony Florida Solar LLC,28.165,-81.105
FL,Harris Substation,substation,Florida Power & Light,28.042,-80.605
FL,Hartley Substation JEA,substation,Jacksonville Electric Authority,30.186,-81.612
FL,Hartman Substation,substation,Fort Pierce Utilities,27.43,-80.366
FL,Hastings Substation,substation,Florida Power & Light,29.715,-81.514
FL,Hathaway Substation,substation,Florida Power & Light,30.16,-85.758
FL,Haulover Substation,substation,Florida Power & Light,25.901,-80.124
FL,Hawkins Substation FPL,substation,Florida Power & Light,26.208,-80.219
FL,Hawthorne Plywood Mill Substation FPL,substation,Florida Power & Light,29.594,-82.037
FL,Hawthorne Substation #35 CLAY,substation,Clay Electric Cooperative,29.573,-82.083
FL,Hawthorne Substation OCB CLAY,substation,Clay Electric Cooperative,29.608,-82.028
FL,Hayward Substation,substation,Florida Power & Light,27.866,-80.666
FL,Hecate Energy Blair Road Solar,plant,"Hecate Energy Blair Road, LLC",30.286,-81.835
FL,Hemphill Substation,substation,City of Lakeland,28.129,-81.943
FL,Hemple Substation,substation,Duke Energy,28.534,-81.526
FL,Henderson Park Substation,substation,Florida Power & Light,30.386,-86.414
FL,Hennis 1090 Solar Substation,substation,Florida Power & Light,27.251,-80.549
FL,Hensley Substation,substation,Glades Electric Co-Op,26.826,-81.084
FL,Hercules Substation,substation,Florida Power & Light,26.807,-81.758
FL,Herlong Substation,substation,Jacksonville Electric Authority,30.278,-81.769
FL,Herschel Street Substation JEA,substation,Jacksonville Electric Authority,30.295,-81.71
FL,Hewett Substation,substation,,30.38,-86.279
FL,Hialeah Substation,substation,Florida Power & Light,25.829,-80.286
FL,Hialeah Substation,substation,,25.883,-80.328
FL,Hiatus Substation,substation,Florida Power & Light,26.145,-80.297
FL,Hibiscus Solar Energy Center,plant,Florida Power & Light,26.759,-80.335
FL,Hicpochee Substation,substation,Glades Electric Co-Op,26.768,-81.082
FL,Higgins Plant Substation,substation,Duke Energy,28.004,-82.662
FL,High Springs Solar Power Plant,plant,"Duke Energy Florida, LLC",29.803,-82.641
FL,High Springs Substation,substation,,29.812,-82.676
FL,High Springs Substation DUKE,substation,Duke Energy,29.814,-82.605
FL,Highbanks Substation,substation,,28.913,-81.325
FL,Highland City Substation,substation,City of Lakeland,27.966,-81.886
FL,Highland City Substation,substation,Florida Power & Light,30.194,-85.632
FL,Highland City Substation,substation,Florida Power & Light,30.195,-85.631
FL,Highlands Park Substation,substation,Duke Energy,27.336,-81.345
FL,Highridge Substation FPL,substation,Florida Power & Light,29.157,-81.106
FL,Hildreth Solar Power Plant,plant,"Duke Energy Florida, LLC",29.964,-82.823
FL,Hillcrest Substation,substation,Florida Power & Light,26.673,-80.069
FL,Hillsboro Substation,substation,Florida Power & Light,26.331,-80.103
FL,Hillsborough County Resource Recovery,plant,Hillsborough County,27.955,-82.34
FL,Himes Substation,substation,TECO,27.884,-82.502
FL,Hines Energy Complex,plant,Duke Energy,27.791,-81.877
FL,Hines Plant Substation,substation,Duke Energy,27.791,-81.87
FL,Hinsons Crossroads Substation,substation,Florida Power & Light,30.676,-85.843
FL,Hobe Substation,substation,Florida Power & Light,27.042,-80.163
FL,Hobe Substation,substation,Florida Power & Light,27.047,-80.166
FL,Holden Substation,substation,Orlando Utilities Commission,28.494,-81.409
FL,Holder Substation,substation,Duke Energy,28.965,-82.43
FL,Holiday Substation,substation,Florida Power & Light,30.188,-85.788
FL,Holland Park Substation,substation,Florida Power & Light,28.046,-80.549
FL,Holley Solar Generating Station,plant,Coronal Energy / Florida Power & Light,30.426,-86.893
FL,Holly Hill Substation,substation,Florida Power & Light,29.248,-81.046
FL,Hollybrook Substation,substation,Florida Power & Light,26.002,-80.287
FL,Hollywood Substation,substation,Florida Power & Light,26.017,-80.149
FL,Holopaw Substation,substation,Duke Energy,28.146,-81.087
FL,Holt Substation,substation,PowerSouth Energy Cooperative,30.722,-86.746
FL,Holy Cross Substation,substation,Florida Power & Light,26.188,-80.12
FL,Homeland Substation,substation,Duke Energy,27.823,-81.821
FL,Homestead Substation,substation,Florida Power & Light,25.505,-80.388
FL,Horizon Solar Energy Center,plant,Florida Power & Light,29.666,-82.058
FL,Horizon Substation,substation,Florida Power & Light,29.666,-82.047
FL,Howard Substation,substation,Florida Power & Light,27.285,-82.447
FL,Howey Substation,substation,,28.711,-81.781
FL,Hudson Substation,substation,Duke Energy,28.366,-82.568
FL,Hunter's Creek Substation,substation,Duke Energy,28.376,-81.423
FL,Hurlburt AFB Substation,substation,Florida Power & Light,30.424,-86.699
FL,Hurlburt Substation,substation,Florida Power & Light,30.412,-86.748
FL,Hutchinson Island Substation,substation,Florida Power & Light,27.346,-80.25
FL,Hwy 90 Substation,substation,,30.47,-83.394
FL,Hyde Park Substation,substation,Florida Power & Light,27.315,-82.513
FL,Hypoluxo Substation,substation,LWU,26.573,-80.066
FL,Idylwild Substation DUKE,substation,Duke Energy,29.604,-82.356
FL,IKEA Miami 327 Solar,plant,IKEA Property,25.792,-80.384
FL,IKEA Tampa 042,plant,IKEA Property Inc,27.954,-82.432
FL,Imeson Solar Farm,plant,"Imeson Solar Farm, LLC",30.456,-81.718
FL,Immokalee Solar Energy Center,plant,Florida Power & Light,26.488,-81.426
FL,Immokalee Substation No. 4,substation,Lee County Electric Cooperative,26.397,-81.418
FL,Imperial Substation,substation,Florida Power & Light,26.378,-81.806
FL,Indialantic Substation,substation,Florida Power & Light,28.096,-80.57
FL,Indian Harbour Substation,substation,Florida Power & Light,28.142,-80.598
FL,Indian River Plant,plant,Orlando Utilities Commission,28.493,-80.781
FL,Indian River Plant Substation OUC,substation,Florida Power & Light,28.492,-80.781
FL,Indian River Solar Center,plant,Florida Power & Light,27.571,-80.57
FL,Indian River Substation,substation,Florida Power & Light,27.575,-80.563
FL,Indian River Substation,substation,Florida Power & Light,28.558,-80.814
FL,Indiantown Substation FPL,substation,Florida Power & Light,27.034,-80.409
FL,Indrio Substation,substation,Florida Power & Light,27.52,-80.404
FL,Industrial Substation,substation,Florida Power & Light,25.828,-80.258
FL,Industrial Substation,substation,Lee County Electric Cooperative,26.638,-81.945
FL,Inglis Substation,substation,Duke Energy,29.032,-82.678
FL,Innerarity Substation,substation,Florida Power & Light,30.324,-87.415
FL,Intercession City Plant Substation,substation,,28.264,-81.549
FL,Intercession City Power Plant,plant,Duke Energy,28.264,-81.548
FL,Interlachen Substation,substation,Florida Power & Light,29.625,-81.901
FL,International Drive Substation,substation,Duke Energy,28.385,-81.474
FL,Interstate Solar Energy Center,plant,Florida Power & Light,27.488,-80.442
FL,Interstate Substation,substation,Florida Power & Light,27.261,-82.448
FL,Interstate Substation,substation,Florida Power & Light,27.491,-80.447
FL,Iona Substation,substation,Florida Power & Light,26.487,-81.944
FL,Ironwood Substation GRU,substation,Gainesville Regional Utilities,29.683,-82.302
FL,Islamorada Substation,substation,FKEC,24.906,-80.648
FL,Isleworth Substation,substation,Duke Energy,28.465,-81.55
FL,Ives Substation,substation,Florida Power & Light,25.967,-80.183
FL,Ivy Steel Substation,substation,Jacksonville Electric Authority,30.356,-81.723
FL,Ivy Street Substation,substation,TECO,27.97,-82.495
FL,Jacaranda Substation,substation,Florida Power & Light,26.125,-80.251
FL,Jacksonville Beach Substation BES,substation,BES Beaches Energy Services,30.283,-81.401
FL,Jacksonville Solar,plant,Jacksonville Solar LLC,30.321,-81.959
FL,Jamison Solar,plant,Tampa Electric Company,27.818,-81.96
FL,Jan Phyl Substation,substation,TECO,28.021,-81.777
FL,Jasper Substation,substation,Duke Energy,30.509,-82.942
FL,JAX Heights Substation JEA,substation,Jacksonville Electric Authority,30.224,-81.819
FL,Jax LNG Cogen,plant,Jax LNG,30.394,-81.558
FL,Jax Zoo Substation JEA,substation,Jacksonville Electric Authority,30.408,-81.635
FL,Jax Zoo Underground Transition #1 JEA 138KV,substation,Jacksonville Electric Authority,30.396,-81.637
FL,Jay Road Substation,substation,Florida Power & Light,30.64,-87.044
FL,Jay Substation,substation,PowerSouth Energy Cooperative,30.939,-87.166
FL,JEA Station,substation,Jacksonville Electric Authority,30.24,-81.387
FL,Jennings Energy Storage Facility,plant,"Duke Energy Florida, LLC",30.604,-83.097
FL,Jennings Substation,substation,,30.615,-83.082
FL,Jesse L Terry Substation,substation,FPUC,30.655,-81.459
FL,Jetport Substation,substation,Florida Power & Light,26.567,-81.735
FL,Jewfish Creek Substation,substation,Florida Keys Electric Cooperative,25.165,-80.378
FL,Jim Woodruff Powerhouse,plant,USCE-Mobile District,30.709,-84.862
FL,Jog Substation,substation,Florida Power & Light,26.676,-80.146
FL,John C. Eisinger Substation,substation,Glades Electric Co-Op,27.288,-80.831
FL,John Drake Substation,substation,Glades Electric Co-Op,26.704,-81.128
FL,John R. Kelly Generating Station,plant,Gainesville Regional Utilities,29.646,-82.321
FL,Johnson Substation,substation,Florida Power & Light,27.461,-82.468
FL,Josephine Substation,substation,Glades Electric Co-Op,27.383,-81.461
FL,Juneau Substation,substation,TECO,28.023,-82.481
FL,Juniper Solar,plant,Tampa Electric Company,28.179,-82.148
FL,Juno Beach Substation,substation,Florida Power & Light,26.861,-80.057
FL,Jupiter Substation,substation,Florida Power & Light,26.934,-80.118
FL,Kaley Substation,substation,Orlando Utilities Commission,28.52,-81.378
FL,Kanapaha Substation GRU,substation,Gainesville Regional Utilities,29.59,-82.437
FL,Karson Substation,substation,Florida Power & Light,27.325,-81.767
FL,Kathleen Substation DUKE,substation,Duke Energy,28.227,-82.027
FL,Kayak Solar,plant,Florida Power & Light Co,30.704,-86.701
FL,Keentown Substation,substation,Florida Power & Light,27.515,-82.13
FL,Keller Rd Substation,substation,Duke Energy,27.704,-81.749
FL,Kelly Plant Substation GRU,substation,Gainesville Regional Utilities,29.644,-82.321
FL,Kelly Plant Substation North GRU,substation,Gainesville Regional Utilities,29.647,-82.321
FL,Kendall Substation,substation,Florida Power & Light,25.676,-80.327
FL,Kennedy Drive Substation,substation,KEYS,24.566,-81.767
FL,Kennedy Generating Plant,plant,Jacksonville Electric Authority,30.365,-81.625
FL,Kennedy Plant Substation,substation,Jacksonville Electric Authority,30.364,-81.627
FL,Kennedy Plant Substation South,substation,Jacksonville Electric Authority,30.363,-81.626
FL,Kennedy Power Plant Substation,substation,Jacksonville Electric Authority,30.365,-81.627
FL,Key Biscayne Substation,substation,Florida Power & Light,25.701,-80.162
FL,Key Largo Substation,substation,Florida Keys Electric Coorerative,25.082,-80.453
FL,Key West Diesel Substation,substation,KEYS,24.551,-81.805
FL,Key West Substation,substation,KEYS,24.576,-81.734
FL,Keystone Heights Substation,substation,Clay Electric Corp,29.569,-82.472
FL,Keystone Heights Substation #28,substation,Clay Electric Cooperative,29.787,-82.037
FL,Keystone Substation,substation,TECO,28.1,-82.592
FL,Killian Substation,substation,Florida Power & Light,25.661,-80.354
FL,Kimberly Substation FPL,substation,Florida Power & Light,26.392,-80.221
FL,Kings Avenue Substation JEA,substation,Jacksonville Electric Authority,30.311,-81.653
FL,Kingsley Lake Substation,substation,Clay Electric Cooperative,29.982,-81.965
FL,Kiran Solar Substation,substation,Florida Power & Light,27.575,-80.65
FL,Knights South Substation,substation,TECO,28.074,-82.154
FL,Korona Substation FPL,substation,Florida Power & Light,29.406,-81.17
FL,Krome Substation,substation,Florida Power & Light,25.638,-80.482
FL,Krome Substation,substation,Florida Power & Light,25.683,-80.477
FL,LaBelle Substation,substation,Florida Power & Light,26.704,-81.438
FL,Lady Lake Substation,substation,Duke Energy,28.927,-81.926
FL,Laguna Beach Substation,substation,Florida Power & Light,30.249,-85.894
FL,Lake Agnes Substation,substation,Tampa Electric Company,28.155,-81.827
FL,Lake Alfred Substation,substation,TECO,28.088,-81.731
FL,Lake Asbury Substation #15 CLAY,substation,Clay Electric Cooperative,30.032,-81.826
FL,Lake Bryan Substation,substation,Duke Energy,28.36,-81.497
FL,Lake Buena Vista Substation,substation,Reedy Creek Improvement District,28.38,-81.516
FL,Lake Butler Substation FPL,substation,Florida Power & Light,30.021,-82.344
FL,Lake Ella Substation,substation,Duke Energy,28.886,-81.952
FL,Lake Emma Substation DUKE,substation,Duke Energy,28.733,-81.369
FL,Lake Gum Substation,substation,TECO,28.114,-81.731
FL,Lake Ida Substation,substation,Florida Power & Light,26.47,-80.091
FL,Lake Juliana Substation,substation,TECO,28.11,-81.795
FL,Lake Mabel Solar,plant,Tampa Electric Company,27.975,-81.595
FL,Lake Mack Substation,substation,SECO Energy,28.995,-81.434
FL,Lake Mirror Substation,substation,City of Lakeland,28.047,-81.952
FL,Lake Nona Substation OUC,substation,Orlando Utilities Commission,28.379,-81.283
FL,Lake Park Substation,substation,Florida Power & Light,26.803,-80.056
FL,Lake Placid North Substation,substation,Duke Energy,27.322,-81.367
FL,Lake Placid Solar Power Plant,plant,Duke Energy,27.332,-81.368
FL,Lake Placid Solar Substation,substation,Duke Energy,27.328,-81.362
FL,Lake Placid Substation,substation,Duke Energy,27.268,-81.347
FL,Lake Ruby Substation,substation,TECO,27.982,-81.661
FL,Lake Seneca Substation,substation,SECO,28.852,-81.602
FL,Lake Silver Substation,substation,,28.034,-81.731
FL,Lake Talquin Tap Substation,substation,Duke Energy,30.392,-84.618
FL,Lake Tarpon Substation,substation,Duke Energy,28.059,-82.654
FL,Lake Wales Substation,substation,Duke Energy,27.906,-81.598
FL,Lake Wilson Substation,substation,Duke Energy,28.3,-81.583
FL,Lake Winterset Substation,substation,TECO,27.967,-81.697
FL,Lake Worth Main Substation,substation,LWU,26.613,-80.067
FL,Lakeland Electric Co. (FL) - Airport II,plant,"NVT LICENSES, LLC",27.992,-82.045
FL,Lakeland Electric Co. (FL)-Airport 1,plant,Longroad Energy Services LLC,27.987,-82.045
FL,Lakeport Substation,substation,,26.984,-81.096
FL,Lakeside Solar Energy Center,plant,Florida Power & Light,27.219,-80.742
FL,Lakeview Substation FPL,substation,Florida Power & Light,26.306,-80.154
FL,Lakewood Substation,substation,TECO,27.941,-82.31
FL,Lane Substation JEA,substation,Jacksonville Electric Authority,30.307,-81.753
FL,Lansing Smith Electric Generating Plant,plant,Florida Power & Light,30.271,-85.7
FL,Largo Substation DUKE,substation,Duke Energy,27.914,-82.773
FL,Larsen Memorial Power Plant,plant,City of Lakeland,28.049,-81.924
FL,Latin Quarter Substation,substation,Florida Power & Light,25.768,-80.223
FL,Laudania Substation,substation,,26.06,-80.143
FL,Lauderdale Plant Substation,substation,Florida Power & Light,26.072,-80.199
FL,Lauderdale Power Plant,plant,Florida Power & Light,26.074,-80.196
FL,Laurel Hill Substation,substation,PowerSouth Energy Cooperative,30.925,-86.519
FL,Laurel Hill Substation,substation,,30.945,-86.446
FL,Laurel Oaks Solar,plant,Tampa Electric Co,27.921,-82.066
FL,Laurel Substation FPL,substation,Florida Power & Light,28.807,-81.272
FL,Laurelwood Substation,substation,Florida Power & Light,27.136,-82.373
FL,Lawnwood Substation,substation,Fort Pierce Utilities,27.43,-80.35
FL,Lawrence Substation,substation,Florida Power & Light,25.784,-80.227
FL,Lawtey Substation FPL,substation,Florida Power & Light,30.055,-82.052
FL,LCEC Substation No. 25,substation,Lee County Electric Cooperative,26.557,-81.601
FL,LCEC Substation No. 5,substation,Lee County Electric Cooperative,26.613,-81.664
FL,Lee County Solid Waste Energy,plant,Lee County Board-Commissioners,26.632,-81.761
FL,Lee County Solid Waste Substation,substation,Florida Power & Light,26.632,-81.761
FL,Lee Substation,substation,Lee County Electric Cooperative,26.698,-81.917
FL,Leesburg Airport Substation,substation,Duke Energy,28.847,-81.812
FL,Leesburg Central Substation,substation,Duke Energy,28.815,-81.888
FL,Leesburg East Substation,substation,,28.814,-81.871
FL,Leesburg North Substation,substation,Duke Energy,28.832,-81.913
FL,Leesburg Picciola Substation,substation,Duke Energy,28.839,-81.892
FL,Legoland Solar,plant,Tampa Electric Co,27.986,-81.691
FL,Lejeune Substation,substation,Florida Power & Light,25.794,-80.266
FL,Lemon City Substation,substation,Florida Power & Light,25.846,-80.189
FL,Leno Substation,substation,Florida Power & Light,29.887,-81.702
FL,Levee Substation FPL,substation,Florida Power & Light,25.813,-80.436
FL,Lewis Substation,substation,Florida Power & Light,29.915,-81.33
FL,Lighthouse Substation,substation,NASA,28.448,-80.595
FL,Lightsey Substation,substation,Florida Power & Light,29.858,-81.35
FL,Lime Substation,substation,Florida Power & Light,27.35,-82.533
FL,Linde Substation,substation,,28.674,-80.827
FL,Lindgren Substation,substation,Florida Power & Light,25.691,-80.413
FL,Lisbon Substation,substation,Duke Energy,28.881,-81.742
FL,Lithia Solar,plant,Tampa Electric,27.754,-82.167
FL,Lithia Solar Substation,substation,,27.758,-82.172
FL,Little Manatee River Solar,plant,Tampa Electric,27.685,-82.413
FL,Little Manatee Solar Substation,substation,TECO,27.687,-82.418
FL,Little River Substation,substation,Florida Power & Light,25.841,-80.205
FL,Little Tomoka Substation FPL,substation,Florida Power & Light,29.253,-81.156
FL,Live Oak Substation,substation,Florida Power & Light,30.293,-82.978
FL,Live Oak Substation,substation,Florida Power & Light,30.383,-87.109
FL,Livingston Substation,substation,Florida Power & Light,26.176,-81.752
FL,LKL BLBD,plant,"LKL BLBD, LLC",28.067,-82.018
FL,Lockhart Substation,substation,,28.623,-81.455
FL,Lockheed Martin Solar System,plant,Lockheed Martin Solar System,28.048,-82.685
FL,Loggerhead Solar Energy Center,plant,Florida Power & Light,27.223,-80.543
FL,Lois Substation,substation,TECO,27.923,-82.514
FL,Lone Palm Rd Substation DUKE,substation,Duke Energy,28.566,-81.178
FL,Long Beach Substation,substation,Florida Power & Light,30.187,-85.815
FL,Lorida Substation,substation,Glades Electric Co-Op,27.439,-81.241
FL,Loughman Substation DUKE,substation,Duke Energy,28.249,-81.553
FL,LPGA Substation,substation,Florida Power & Light,29.216,-81.117
FL,Lucerne Park Substation,substation,TECO,28.07,-81.686
FL,Lucille Substation,substation,Florida Power & Light,25.435,-80.338
FL,Lucy Substation,substation,City of Homestead,25.464,-80.452
FL,Lullwater Substation,substation,Florida Power & Light,30.228,-85.878
FL,Lyons Substation,substation,Florida Power & Light,26.211,-80.11
FL,Macclenny Substation FPL,substation,,30.274,-82.122
FL,MacDill Substation,substation,TECO,27.865,-82.493
FL,Maco Substation,substation,Florida Power & Light,25.534,-80.522
FL,Madison Substation,substation,Tri-County Electric Cooperative,30.476,-83.393
FL,Madison Substation FPL,substation,,29.216,-81.045
FL,Magic Kingdom Substation,substation,Reedy Creek Improvement District,28.427,-81.58
FL,Magnolia Ranch North Substation OUC,substation,Orlando Utilities Commission,28.416,-81.214
FL,Magnolia Solar,plant,Tampa Electric Company,27.918,-82.051
FL,Magnolia Springs Solar Center,plant,Florida Power & Light,29.88,-81.694
FL,Main Substation,substation,Jacksonville Electric Authority,30.336,-81.655
FL,Malabar Substation,substation,Florida Power & Light,28.044,-80.707
FL,Mallard Substation,substation,Florida Power & Light,26.229,-80.239
FL,Malone Substation,substation,PowerSouth Energy Cooperative,30.929,-85.181
FL,Manatee Battery Energy Storage Center,plant,Florida Power & Light,27.598,-82.349
FL,Manatee Power Plant,plant,Florida Power & Light,27.609,-82.347
FL,Manatee Solar Energy Center,plant,Florida Power & Light,27.619,-82.356
FL,Manatee Substation,substation,Florida Power & Light,27.604,-82.345
FL,Mandarin Substation JEA,substation,Jacksonville Electric Authority,30.159,-81.62
FL,Mandolin Substation,substation,TECO,28.063,-82.619
FL,Mango Substation,substation,Florida Power & Light,25.5,-80.521
FL,Manhattan Substation,substation,TECO,27.89,-82.518
FL,Mannville Substation #63 CLAY,substation,,29.628,-81.835
FL,Marathon Substation,substation,Florida Keys Electric Cooperative,24.711,-81.093
FL,Marco Substation,substation,Lee County Electric Cooperative,25.96,-81.724
FL,Margate Substation,substation,Florida Power & Light,26.259,-80.217
FL,Marianna Substation,substation,Florida Power & Light,30.783,-85.273
FL,Maricamp Substation,substation,Duke Energy,29.159,-82.086
FL,Maricamp Substation,substation,Ocala Electric Utility,29.161,-82.084
FL,Marion Creek Substation,substation,Duke Energy,28.12,-81.552
FL,Marion Substation,substation,Florida Power & Light,25.693,-80.382
FL,Market Substation,substation,Florida Power & Light,25.796,-80.219
FL,Martin Plant Substation,substation,Florida Power & Light,27.057,-80.561
FL,Martin Power Plant,plant,Florida Power & Light,27.058,-80.563
FL,Martin West Substation,substation,Duke Energy,29.302,-82.196
FL,Mason Substation,substation,Florida Power & Light,29.214,-81.064
FL,Master Substation,substation,Florida Power & Light,25.878,-80.259
FL,Matanzas Substation,substation,TECO,27.939,-82.495
FL,Matanzas Substation FPL,substation,Florida Power & Light,29.757,-81.291
FL,Maximo Substation,substation,Duke Energy,27.727,-82.676
FL,Maxville Substation #04 CLAY,substation,Clay Electric Cooperative,30.183,-82.023
FL,Maxwell Substation,substation,Florida Power & Light,26.409,-80.124
FL,Mayo Substation,substation,Florida Power & Light,30.391,-85.27
FL,Mayport Substation JEA,substation,Jacksonville Electric Authority,30.371,-81.411
FL,McArthur Substation,substation,Florida Power & Light,26.151,-80.219
FL,McCall Substation,substation,SECO,28.908,-81.649
FL,McCall Substtaion,substation,Florida Power & Light,26.928,-82.224
FL,McCarthy Substation,substation,City of Clewiston,26.69,-80.943
FL,McDonnell Substation FPL,substation,Florida Power & Light,28.532,-80.807
FL,McIntosh Substation,substation,City of Lakeland,28.087,-81.93
FL,McKay Bay Facility,plant,City of Tampa,27.949,-82.421
FL,McKinley Substation,substation,TECO,28.044,-82.42
FL,McMichen Substation GRU,substation,Gainesville Regional Utilities,29.702,-82.307
FL,McMinn Substation,substation,City of Homestead,25.474,-80.469
FL,McRae Substation TECO,substation,TECO,28.044,-82.364
FL,Medical Substation,substation,Florida Keys Electric Cooperative,24.75,-80.977
FL,Medulla Generating Station,plant,"Seminole Electric Cooperative, Inc",27.641,-81.961
FL,Medulla Substation,substation,City of Lakeland,27.977,-81.961
FL,Melbourne Substation,substation,Florida Power & Light,28.085,-80.609
FL,Melrose Substation #30 CLAY,substation,Clay Electric Cooperative,29.709,-82.039
FL,Melvin Substation,substation,Florida Power & Light,30.449,-85.283
FL,Merchandise Substation,substation,Florida Power & Light,25.778,-80.314
FL,Merrill Substation,substation,Jacksonville Electric Authority,30.352,-81.567
FL,Merritt Substation,substation,Florida Power & Light,28.354,-80.702
FL,Metro Substation,substation,Florida Power & Light,26.571,-81.848
FL,MetroWest Substation,substation,Orlando Utilities Commission,28.491,-81.467
FL,Miami Beach Substation,substation,Florida Power & Light,25.771,-80.149
FL,Miami Dade Solar Energy Center,plant,Florida Power & Light,25.644,-80.488
FL,Miami Lakes Substation,substation,Florida Power & Light,25.906,-80.322
FL,Miami Shores Substation,substation,Florida Power & Light,25.86,-80.207
FL,Miami Substation,substation,Florida Power & Light,25.797,-80.194
FL,Micanopy Energy Storage Facility,plant,"Duke Energy Florida, LLC",29.511,-82.275
FL,Micco Substation,substation,Florida Power & Light,27.881,-80.507
FL,Michigan Substation OUC,substation,Orlando Utilities Commission,28.513,-81.351
FL,Midulla Plant Substation,substation,"Seminole Electric Cooperative, Inc",27.637,-81.962
FL,Midway Substation,substation,Florida Power & Light,27.372,-80.416
FL,Milam Substation,substation,Florida Power & Light,25.806,-80.327
FL,Military Point Substation,substation,,30.117,-85.623
FL,Military Trail Substation,substation,Florida Power & Light,26.67,-80.112
FL,Mill Creek North Substation FPL,substation,Florida Power & Light,29.989,-81.531
FL,Mill Creek Substation FPL,substation,Florida Power & Light,29.985,-81.529
FL,Mill Creek Switching Substation FPL,substation,Florida Power & Light,29.992,-81.531
FL,Millcove Substation,substation,Jacksonville Electric Authority,30.345,-81.541
FL,Miller Bayou Substation,substation,Florida Power & Light,30.472,-86.915
FL,Miller Substation,substation,Florida Power & Light,25.713,-80.366
FL,Millhopper Substation GRU,substation,Gainesville Regional Utilities,29.704,-82.388
FL,Milligan Substation,substation,Florida Power & Light,30.747,-86.643
FL,Mims Substation,substation,Florida Power & Light,28.666,-80.853
FL,Minto Substation,substation,Florida Power & Light,26.755,-80.345
FL,Minuteman Substation,substation,Florida Power & Light,28.316,-80.611
FL,Miramar Substation,substation,Florida Power & Light,25.799,-80.198
FL,Miramar Substation,substation,,25.977,-80.362
FL,Miramar Substation,substation,Florida Power & Light,30.379,-86.359
FL,Mitchell Substation,substation,Florida Power & Light,25.643,-80.34
FL,Mobile Highway Substation,substation,Florida Power & Light,30.471,-87.304
FL,Moccasin Substation,substation,Florida Power & Light,29.778,-81.429
FL,Modesto A. Maidique Substation,substation,Florida Power & Light,25.753,-80.384
FL,Moffett Substation,substation,Florida Power & Light,25.998,-80.15
FL,Molino Substation,substation,Florida Power & Light,30.718,-87.349
FL,Monastery Substation,substation,Duke Energy,28.944,-81.257
FL,Monet Substation,substation,Florida Power & Light,26.839,-80.113
FL,Monsanto Substation,substation,Florida Power & Light,30.598,-87.249
FL,Monticello Substation,substation,,30.548,-83.856
FL,Morgan Henderson Substation,substation,Glades Electric Co-Op,27.209,-81.334
FL,Morgan Henderson Substation,substation,Glades Electric Co-Op,27.209,-81.333
FL,Morris Substation,substation,Glades Electric Co-Op,27.237,-81.07
FL,Morrow Substation,substation,Florida Power & Light,27.546,-80.564
FL,Mosaic Company Bartow Cogen,plant,Mosaic Company,27.908,-81.919
FL,Mosaic Substation,substation,TECO,27.831,-82.05
FL,Mossy Head Substation,substation,PowerSouth Energy Cooperative,30.744,-86.313
FL,Motorola Substation,substation,Florida Power & Light,26.149,-80.252
FL,Moultrie Substation,substation,Florida Power & Light,29.8,-81.304
FL,Mount Dora Community Solar Farm,plant,Green Street Power Partners,28.795,-81.624
FL,Mount Dora Substation,substation,Duke Energy,28.808,-81.643
FL,Mountain View Solar,plant,Tampa Electric Company,28.389,-82.222
FL,Mulberry Cogeneration Facility,plant,Northern Star Generation Services Co LLC,27.849,-81.877
FL,Mule Creek Solar,plant,Duke Energy,30.106,-85.404
FL,Munson Substation,substation,,30.655,-87.013
FL,Munson Substation,substation,PowerSouth Energy Cooperative,30.866,-86.914
FL,Murdock Substation,substation,Florida Power & Light,27.003,-82.128
FL,Myakka Substation,substation,Florida Power & Light,26.977,-82.309
FL,Nanak Substation,substation,Florida Power & Light,26.529,-80.212
FL,Naples Substation,substation,Florida Power & Light,26.153,-81.792
FL,Narcoossee Substation,substation,Duke Energy,28.503,-81.286
FL,NAS 115 Substation,substation,Florida Power & Light,30.358,-87.272
FL,NAS Jacksonville Substation JEA,substation,Jacksonville Electric Authority,30.223,-81.7
FL,NAS North Substation,substation,,30.374,-87.276
FL,NAS South Substation,substation,Florida Power & Light,30.369,-87.272
FL,NASA Solar Array,plant,,28.517,-80.651
FL,NASA Solar Array,plant,,28.517,-80.649
FL,Nassau Solar Center,plant,Florida Power & Light,30.527,-81.894
FL,Nassau Substation JEA,substation,Jacksonville Electric Authority,30.59,-81.585
FL,Natoma Substation,substation,Florida Power & Light,25.747,-80.22
FL,Natoma Substation,substation,Florida Power & Light,25.757,-80.239
FL,Navare Substation,substation,Florida Power & Light,30.402,-86.991
FL,Neptune Substation JEA,substation,Jacksonville Electric Authority,30.317,-81.42
FL,New Fortress Substation,substation,Florida Power & Light,25.839,-80.309
FL,New Port Richey Substation,substation,Duke Energy,28.282,-82.681
FL,New River Substation,substation,Clay Electric Cooperative,29.97,-82.205
FL,Newberry Cement Plant Substation,substation,Duke Energy,29.69,-82.58
FL,Newberry Substation,substation,Duke Energy,29.67,-82.594
FL,Newton Substation,substation,Florida Power & Light,25.513,-80.446
FL,Newton Substation,substation,Florida Power & Light,25.729,-80.453
FL,Niceville Substation,substation,Florida Power & Light,30.513,-86.465
FL,Nobhill Substation,substation,Florida Power & Light,26.122,-80.297
FL,Nocatee Substation JEA,substation,Jacksonville Electric Authority,30.108,-81.479
FL,Normandy Beach Substation,substation,Florida Power & Light,25.872,-80.122
FL,Normandy Substation JEA,substation,Jacksonville Electric Authority,30.307,-81.82
FL,Norris Substation FPL,substation,Florida Power & Light,28.667,-80.89
FL,North Bartow Substation DUKE,substation,Duke Energy,27.909,-81.835
FL,North Bay Substation,substation,Florida Power & Light,30.245,-85.676
FL,North Beach Substation,substation,City of Vero Beach,27.69,-80.377
FL,North Cape Substation,substation,,28.496,-80.583
FL,North Longwood Substation,substation,Duke Energy,28.718,-81.337
FL,North Substation,substation,City of Vero Beach,27.667,-80.417
FL,North Substation,substation,NASA,28.555,-80.587
FL,North Trail Substation,substation,Lee County Electric Cooperative,26.752,-81.919
FL,North Zephyhills Substation,substation,,28.259,-82.181
FL,Northeast Substation DUKE,substation,Duke Energy,27.856,-82.659
FL,Northeast Substation DUKE,substation,Duke Energy,27.858,-82.66
FL,Northern Preserve Solar,plant,Florida Power & Light,30.232,-82.25
FL,Northshore Substation,substation,Jacksonville Electric Authority,30.371,-81.659
FL,Northside Generating Plant,plant,Jacksonville Electric Authority,30.422,-81.554
FL,Northside Peaking Substation JEA,substation,Jacksonville Electric Authority,30.422,-81.555
FL,Northside Plant Substation,substation,Jacksonville Electric Authority,30.418,-81.55
FL,Northside Substation,substation,Florida Power & Light,30.213,-85.667
FL,Northwest Jax Substation,substation,Jacksonville Electric Authority,30.368,-81.685
FL,Northwest Substation,substation,City of Lakeland,28.069,-81.973
FL,Northwest Substation,substation,Reedy Creek Improvement District,28.428,-81.585
FL,Norton Substation,substation,Florida Power & Light,26.652,-80.058
FL,Nova Southeastern University Floating Solar Array,plant,,26.074,-80.246
FL,Nubbin Substation,substation,Florida Power & Light,27.212,-80.749
FL,Oak Grove Graham Substation,substation,PowerSouth Energy Cooperative,30.909,-87.446
FL,Oak Grove Switching Station,substation,PowerSouth Energy Cooperative,30.923,-87.454
FL,Oakes Substation,substation,Florida Power & Light,26.911,-80.073
FL,Oakfield Substation,substation,Florida Power & Light,30.498,-87.245
FL,Oakland Park Substation,substation,Florida Power & Light,26.173,-80.14
FL,Oakwood Villa Substation,substation,Jacksonville Electric Authority,30.323,-81.569
FL,Ocala Airport Substation,substation,Ocala Electric Utility,29.182,-82.201
FL,Ocala Shaw Sub OEU,substation,,29.145,-82.184
FL,Ocean City Substation,substation,Florida Power & Light,30.439,-86.617
FL,Ocoee Substation,substation,Duke Energy,28.563,-81.517
FL,Odessa Substation,substation,,28.193,-82.597
FL,Ohio Substation,substation,TECO,27.977,-82.498
FL,Ojus Substation,substation,Florida Power & Light,25.946,-80.142
FL,Okahumpka Substation,substation,Duke Energy,28.748,-81.876
FL,Okeechobee Clean Energy Center,plant,Florida Power & Light,27.637,-80.792
FL,Okeechobee Solar,plant,Florida Power & Light Co,27.622,-80.786
FL,Okeechobee Substation,substation,Florida Power & Light,27.243,-80.825
FL,Okeelanta Cogeneration,plant,New Hope Power Company,26.573,-80.749
FL,Okeelanta Cogeneration Substation,substation,Florida Power & Light,26.578,-80.747
FL,"Old Plank Road Solar Farm, LLC",plant,"Southeastern Solar Farm Fund, LLC",30.317,-81.887
FL,Oldsmar Substation,substation,,28.046,-82.68
FL,Oleander Plant,plant,Oleander Holdings LLC,28.365,-80.794
FL,Oleander Plant Substation SPC,substation,Southern Power Company,28.367,-80.795
FL,Olympia Heights Substation,substation,Florida Power & Light,25.736,-80.353
FL,Opa Locka Substation,substation,Florida Power & Light,25.898,-80.236
FL,Orange Blossom Electric Substation,substation,,28.961,-81.965
FL,Orange Blossom Solar Center,plant,Florida Power & Light,27.595,-80.57
FL,Orange Camp Substation,substation,Duke Energy,28.985,-81.276
FL,Orange City Substation DUKE,substation,Duke Energy,28.912,-81.291
FL,Orange Cogeneration Facility,plant,Northern Star Generation Services Co LLC,27.87,-81.825
FL,Orange Park North Substation #14 CLAY,substation,Clay Electric Cooperative,30.183,-81.73
FL,Orange Park North Switch #1 CLAY,substation,Clay Electric Cooperative,30.183,-81.73
FL,Orange Park North Switch #2 CLAY,substation,Clay Electric Cooperative,30.182,-81.731
FL,Orange Park Substation JEA,substation,JEA,30.177,-81.71
FL,Orange River No.3 Substation,substation,Florida Power & Light,26.318,-81.596
FL,Orange River Substation FPL,substation,Florida Power & Light,26.673,-81.769
FL,Orangedale Substation,substation,City of Lakeland,28.153,-81.885
FL,Orangetree Substation,substation,Florida Power & Light,26.274,-81.62
FL,Orangewood Substation,substation,Duke Energy,28.418,-81.455
FL,Orchid Substation,substation,Florida Power & Light,26.113,-80.146
FL,Orlando Cogen LP Power Plant,plant,Orlando CoGen,28.442,-81.413
FL,Ormond Substation,substation,Florida Power & Light,29.284,-81.072
FL,Orsino Substation,substation,NASA,28.515,-80.653
FL,Ortega Substation,substation,Jacksonville Electric Authority,30.267,-81.708
FL,Ortona Substation,substation,Glades Electric Co-Op,26.813,-81.247
FL,Osborne Substation,substation,Florida Power & Light,26.588,-80.113
FL,Osceola Power Plant,plant,"GenOn Florida, LP",28.131,-81.098
FL,Osceola Substation,substation,,28.303,-81.575
FL,Osprey Energy Center Power Plant,plant,Duke Energy,28.053,-81.808
FL,Osteen Substation FPL,substation,Florida Power & Light,28.854,-81.164
FL,Otter Creek Substation,substation,,29.33,-82.772
FL,OUC Pershing Avenue Complex,plant,Orlando Utilities Commission,28.501,-81.302
FL,Overhead to Underground,substation,,28.464,-81.288
FL,Oviedo Substation,substation,Duke Energy,28.674,-81.215
FL,P L Bartow,substation,,27.86,-82.602
FL,Pacetti Substation FPL,substation,Florida Power & Light,29.98,-81.453
FL,Pahokee Substation,substation,Florida Power & Light,26.814,-80.652
FL,Paisley Substation,substation,,28.975,-81.54
FL,Palatka Substation,substation,,29.638,-81.648
FL,Palm Aire Substation,substation,Florida Power & Light,26.201,-80.188
FL,Palm Bay Solar,plant,Florida Power & Light,27.856,-80.669
FL,Palm Bay Substation,substation,Florida Power & Light,28.032,-80.606
FL,Palm Beach Renewable Energy Facility 1,plant,Solid Waste Authority of Palm Beach,26.776,-80.142
FL,Palm Beach Renewable Energy Facility 2,plant,Solid Waste Authority of Palm Beach,26.773,-80.142
FL,Palm Harbor Substation DUKE,substation,Duke Energy,28.069,-82.765
FL,Panacea Substation,substation,Florida Power & Light,27.09,-82.158
FL,Park and King Electric Substation JEA,substation,Jacksonville Electric Authority,30.311,-81.693
FL,Park Substation,substation,Florida Power & Light,27.393,-82.468
FL,Parker Substation GRU,substation,Gainesville Regional Utilities,29.565,-82.474
FL,Parkland Substation,substation,Florida Power & Light,26.334,-80.274
FL,Parkway Substation,substation,Duke Energy,28.438,-81.417
FL,Pasadena Substation DUKE,substation,Duke Energy,27.771,-82.734
FL,Pasco County Solid Waste Resource Recovery,plant,Pasco County,28.37,-82.56
FL,Patrick Substation,substation,Florida Power & Light,28.213,-80.607
FL,Patterson Road Substation,substation,TECO,28.114,-82.639
FL,Paxon Substation,substation,Jacksonville Electric Authority,30.344,-81.752
FL,Paxton Substation,substation,PowerSouth Energy Cooperative,30.946,-86.237
FL,Paxton Substation,substation,,30.97,-86.31
FL,Paxton Tap Switch,substation,,30.991,-86.355
FL,Payne Creek Solar,plant,Tampa Electric Company,27.665,-81.967
FL,Payne Substation,substation,Florida Power & Light,27.348,-82.548
FL,Pea Ridge Power Plant,plant,Florida Power & Light,30.592,-87.135
FL,Peace Creek Solar,plant,Tampa Electric Company,27.915,-81.808
FL,Peace River Substation,substation,Florida Power & Light,27.552,-82.531
FL,Peachland Substation,substation,Florida Power & Light,27.042,-82.064
FL,Pearson Road Substation,substation,TECO,27.895,-82.228
FL,Peavy Substation,substation,Florida Power & Light,29.594,-81.289
FL,Pebbledale Substation TECO,substation,TECO,27.835,-81.941
FL,Pecan Park Substation JEA,substation,Jacksonville Electric Authority,30.505,-81.583
FL,Pelican Solar Center,plant,Florida Power & Light,27.543,-80.571
FL,Pellicer Substation FPL,substation,Florida Power & Light,29.656,-81.3
FL,Pembroke Lakes Mall Solar,plant,Pembroke Lakes Mall,26.011,-80.304
FL,Pembroke Substation,substation,Florida Power & Light,25.993,-80.184
FL,Penman Substation BES,substation,BES Beaches Energy Services,30.3,-81.407
FL,Pennsuco Substation,substation,Florida Power & Light,25.872,-80.372
FL,Pensacola Florida Plant,plant,Ascend Performance Materials LLC,30.598,-87.249
FL,Perrine Substation,substation,Florida Power & Light,25.598,-80.365
FL,Perry Solar Facility,plant,Duke Energy,30.122,-83.561
FL,Perry Substation,substation,Florida Power & Light,25.991,-80.267
FL,Perry Substation,substation,Duke Energy,30.119,-83.56
FL,Pershing Substation,substation,Orlando Utilities Commission,28.502,-81.301
FL,Phifer Substation #36 CLAY,substation,Clay Electric Cooperative,29.603,-82.212
FL,Philips Substation JEA,substation,Jacksonville Electric Authority,30.235,-81.591
FL,Phillippi Substation,substation,Florida Power & Light,27.286,-82.529
FL,Phillips Substation,substation,Glades Electric Co-Op,27.44,-81.308
FL,Phoenix Substation,substation,Florida Power & Light,26.229,-80.264
FL,Picketville Substation JEA,substation,Jacksonville Electric Authority,30.38,-81.751
FL,Piedmont Substation,substation,Duke Energy,28.673,-81.455
FL,Piedmont Substation,substation,Florida Power & Light,30.675,-84.75
FL,Pillsbury Substation Duke,substation,Duke Energy,27.82,-82.633
FL,Pine Barren Substation,substation,Florida Power & Light,30.795,-87.331
FL,Pine Forest Substation,substation,Florida Power & Light,30.533,-87.313
FL,Pine Hills Substation,substation,Orlando Utilities Commission,28.554,-81.442
FL,Pine Island Substation,substation,Lee County Electric Cooperative,26.563,-82.093
FL,Pine Lake Substation,substation,TECO,28.058,-82.479
FL,Pine Ridge Substation,substation,Florida Power & Light,26.244,-81.787
FL,Pine Ridge Substation,substation,,28.92,-82.47
FL,Pinecrest Substation,substation,TECO,27.846,-82.145
FL,Pinehurst Substation,substation,Florida Power & Light,26.095,-80.153
FL,Pinellas Park Substation DUKE,substation,Duke Energy,27.83,-82.704
FL,Piney Road Substation,substation,Lee County Electric Cooperative,26.669,-81.89
FL,Pink Trial Solar Energy Center,plant,Florida Power & Light,27.298,-80.542
FL,Pioneer Trail Solar Energy Center,plant,Florida Power & Light,29.004,-81.11
FL,Pirolo Substation,substation,Florida Power & Light,29.046,-81.011
FL,Pittman Substation,substation,,30.952,-85.866
FL,Plant Avenue Substation,substation,TECO,27.944,-82.463
FL,Plant City Substation,substation,TECO,28.014,-82.121
FL,Plantation Substation,substation,Florida Power & Light,26.12,-80.217
FL,Playland Substation,substation,Florida Power & Light,26.064,-80.202
FL,Plum Substation,substation,Florida Power & Light,30.006,-82.292
FL,Plumosus Substation,substation,Florida Power & Light,26.914,-80.11
FL,Plymouth Substation,substation,TECO,27.973,-82.467
FL,Plymouth Substation,substation,,28.69,-81.558
FL,Plymouth-Sorrento Substation,substation,Duke Energy,28.787,-81.559
FL,Poinsett Substation FPL,substation,Florida Power & Light,28.384,-80.915
FL,Polk City Substation,substation,City of Lakeland,28.179,-81.828
FL,Polk Power Station,plant,TECO,27.727,-81.99
FL,Pomona Park Substation,substation,,29.491,-81.598
FL,Ponce De Leon Substation,substation,,30.733,-85.947
FL,Port Charlotte Energy Facility,plant,Port Charlotte Energy LLC,26.79,-81.965
FL,Port Everglades Power Plant,plant,Florida Power & Light,26.087,-80.125
FL,Port Everglades Substation,substation,,26.083,-80.126
FL,Port Mayaca Substation,substation,Florida Power & Light,26.996,-80.58
FL,Port Orange Substation FPL,substation,Florida Power & Light,29.14,-80.997
FL,Port Richey West Substation,substation,Duke Energy,28.275,-82.716
FL,Port Saint Joe Substation,substation,Duke Energy,29.811,-85.287
FL,Portland Switch Substation,substation,PowerSouth Energy Cooperative,30.574,-86.216
FL,Powerline Substation,substation,Duke Energy,28.965,-82.614
FL,Powers Substation JEA,substation,Jacksonville Electric Authority,30.259,-81.62
FL,Pratt Whitney Substation,substation,Florida Power & Light,26.911,-80.385
FL,Price Substation FPL,substation,Florida Power & Light,30.16,-82.57
FL,Primavista Substation,substation,Florida Power & Light,27.349,-80.326
FL,Princeton Substation,substation,Florida Power & Light,25.537,-80.404
FL,Punta Gorda Substation,substation,Florida Power & Light,26.934,-82.047
FL,Putnam Plant 230KV Substation,substation,Florida Power & Light,29.63,-81.586
FL,Putnam Plant Substation,substation,Florida Power & Light,29.628,-81.581
FL,Putnam Plant Substation,substation,Florida Power & Light,29.632,-81.587
FL,Putnam Substation,substation,Florida Power & Light,29.63,-81.589
FL,Quaker Oats Substation,substation,Florida Power & Light,28.249,-81.495
FL,Quantum Substation,substation,Florida Power & Light,26.54,-80.076
FL,Quarry Substation FPL,substation,Florida Power & Light,25.813,-80.441
FL,Railway Substation,substation,Florida Power & Light,25.784,-80.203
FL,Railway Substation,substation,Florida Power & Light,25.785,-80.203
FL,Rainberry Substation,substation,Florida Power & Light,26.364,-80.199
FL,Raintree Substation,substation,Florida Power & Light,27.026,-82.11
FL,Ralls Substation,substation,Florida Power & Light,27.383,-80.378
FL,Ranch Substation,substation,Florida Power & Light,26.675,-80.219
FL,Randall Street Substation JEA,substation,Jacksonville Electric Authority,30.311,-81.707
FL,Rattler Solar Plant,plant,"Duke Energy Florida, LLC",28.631,-82.289
FL,Rattlesnake Substation,substation,Florida Power & Light,26.113,-81.682
FL,Raven Substation,substation,Florida Power & Light,30.159,-82.569
FL,Ravenswood Substation,substation,Florida Power & Light,26.048,-80.172
FL,Rebar Road Substation JEA,substation,Jacksonville Electric Authority,30.281,-81.981
FL,Recker Switching Station,substation,TECO,28.053,-81.806
FL,Recway Substation,substation,Florida Power & Light,26.772,-80.142
FL,Recway Substation,substation,Florida Power & Light,26.775,-80.143
FL,Red Bay Substation,substation,PowerSouth Energy Cooperative,30.62,-85.944
FL,Red Level Substation Number 1,substation,,29.002,-82.578
FL,Red Road Substation,substation,Florida Power & Light,25.883,-80.288
FL,Redland Substation,substation,City of Homestead,25.475,-80.493
FL,Redwood Substation,substation,Florida Power & Light,30.159,-85.637
FL,Reeves Substation,substation,Florida Power & Light,30.406,-85.449
FL,Regis Substation FPL,substation,Florida Power & Light,29.498,-81.268
FL,Remsburg Substation FPL,substation,Florida Power & Light,26.288,-80.236
FL,Renaissance Substation,substation,Florida Power & Light,25.458,-80.429
FL,Reservation Substation,substation,Florida Power & Light,26.046,-80.217
FL,Riberia Street Substation,substation,Florida Power & Light,29.889,-81.32
FL,Rice Substation,substation,Florida Power & Light,29.723,-81.765
FL,"Ridgewood ""T"" Switch CLAY (S646)",substation,Clay Electric Cooperative,30.14,-81.774
FL,Ridgewood Substation #07 CLAY,substation,Clay Electric Cooperative,30.14,-81.773
FL,Rinehart Substation,substation,Duke Energy,28.761,-81.346
FL,Rinehart Substation,substation,Florida Power & Light,28.81,-81.33
FL,Ringling Substation,substation,Florida Power & Light,27.357,-82.484
FL,Ringling Switchyard,substation,Florida Power & Light,27.358,-82.482
FL,Rio Pinar Substation DUKE,substation,Duke Energy,28.541,-81.254
FL,Rio Substation,substation,Florida Power & Light,27.222,-80.243
FL,Ritter Park Substation,substation,Jacksonville Electric Authority,30.455,-81.634
FL,River Substation,substation,Florida Power & Light,25.799,-80.257
FL,Riverside Solar,plant,Tampa Electric Company,27.669,-82.452
FL,Riverside Substation,substation,Florida Power & Light,25.776,-80.271
FL,Rivertown Substation FPL,substation,Florida Power & Light,30.02,-81.595
FL,Riverview Substation,substation,TECO,27.856,-82.301
FL,Riverview Substation CLAY,substation,Clay Electric Cooperative Inc,29.715,-81.663
FL,Riviera Power Plant,plant,Flordia Power and Light,26.765,-80.053
FL,Riviera Substation,substation,Florida Power & Light,26.765,-80.054
FL,Robinwood Substation JEA,substation,Jacksonville Electric Authority,30.302,-81.527
FL,Rock Island Substation,substation,Florida Power & Light,26.162,-80.186
FL,Rock Springs Substation,substation,Duke Energy,28.704,-81.508
FL,Rocket Substation,substation,Florida Power & Light,28.527,-80.672
FL,Rockledge Substation,substation,Florida Power & Light,28.321,-80.736
FL,Rodeo Solar Center,plant,Florida Power & Light,27.327,-81.78
FL,Roebuck Substation FPL,substation,Florida Power & Light,26.736,-80.102
FL,Rolf Substation,substation,Florida Power & Light,26.72,-80.173
FL,Romana Substation,substation,Florida Power & Light,30.41,-87.223
FL,Rome Avenue Substation,substation,TECO,27.953,-82.476
FL,Roney Substation,substation,Florida Power & Light,25.854,-80.121
FL,Rooster Substation,substation,Florida Power & Light,30.65,-86.945
FL,Roscoe Substation BES,substation,BES Beaches Energy Services,30.195,-81.404
FL,Roselawn Substation,substation,Florida Power & Light,25.856,-80.312
FL,Ross Prairie Substation,substation,Duke Energy,29.005,-82.262
FL,Ross Substation,substation,Florida Power & Light,26.882,-80.111
FL,Rosselle Substation,substation,Jacksonville Electric Authority,30.319,-81.694
FL,Round Lake Substation,substation,Duke Energy,28.764,-81.592
FL,"RP-Orlando, LLC",plant,"RP-Orlando, LLC",28.49,-81.182
FL,Rubonia Substation,substation,Florida Power & Light,27.557,-82.552
FL,Ruskin Substation,substation,TECO,27.718,-82.406
FL,Russell Substation,substation,Clay Electric Cooperative,30.055,-81.748
FL,Ryder Substation,substation,Florida Power & Light,26.841,-80.164
FL,S O Purdom Power Plant,plant,City of Tallahassee - (FL),30.162,-84.2
FL,Sabal Palm Solar Energy Center,plant,Florida Power & Light,26.773,-80.352
FL,Sabal Point Substation DUKE,substation,Duke Energy,28.702,-81.417
FL,Sabate Substation FPL,substation,Florida Power & Light,29.982,-81.363
FL,Saddle Creek Substation,substation,City of Lakeland,28.077,-81.909
FL,Safety Harbor Substation,substation,,28.001,-82.697
FL,Sailfish Substation,substation,Florida Power & Light,26.766,-80.095
FL,Saint Cloud Substation,substation,TECO,27.94,-82.237
FL,Saint Johns Substation,substation,Florida Power & Light,29.856,-81.35
FL,Saint Johns Substation,substation,Jacksonville Electric Authority,30.434,-81.554
FL,Saint Lucie Nuclear Plant Substation,substation,Florida Power & Light,27.347,-80.249
FL,Saint Lucie Nuclear Power Plant,plant,Florida Power & Light,27.347,-80.245
FL,Saint Lucie West Substation FPL,substation,Florida Power & Light,27.321,-80.412
FL,Salt Springs Substation #62,substation,Clay Electric Cooperative,29.37,-81.742
FL,Sample Road Substation,substation,Florida Power & Light,26.276,-80.103
FL,Sampson Substation BES,substation,BES Beaches Energy Services,30.058,-81.529
FL,San Antonio Substation,substation,TECO,28.333,-82.271
FL,San Carlos Substation,substation,Florida Power & Light,26.494,-81.829
FL,San Souci Substation,substation,Jacksonville Electric Authority,30.284,-81.577
FL,Sandalfoot Substation FPL,substation,Florida Power & Light,26.337,-80.22
FL,Sanderson Substation #13 CLAY,substation,Clay Electric Cooperative,30.216,-82.234
FL,Sandestin Substation,substation,Florida Power & Light,30.381,-86.311
FL,Sandpiper Substation,substation,Florida Power & Light,27.25,-80.276
FL,Sandy Creek Solar,plant,Duke Energy,30.104,-85.408
FL,Sanford Plant North Substation FPL,substation,Florida Power & Light,28.847,-81.326
FL,Sanford Plant Substation,substation,Florida Power & Light,28.843,-81.329
FL,Sanford Power Plant,plant,Florida Power & Light Co,28.842,-81.326
FL,Sanibel Substation,substation,Lee County Electric Cooperative,26.464,-82.149
FL,Santa Fe Solar Power Plant,plant,Duke Energy,29.871,-82.724
FL,Santa Rosa Beach Substation,substation,Florida Power & Light,30.378,-86.229
FL,Santa Rosa Energy Center,plant,Santa Rosa Energy Center LLC,30.569,-87.115
FL,Santa Rosa Substation,substation,,30.373,-86.188
FL,Sarasota Substation,substation,Florida Power & Light,27.346,-82.539
FL,Sarno Substation,substation,Florida Power & Light,28.128,-80.704
FL,Sarno Substation,substation,Florida Power & Light,28.129,-80.704
FL,Satellite Substation,substation,Florida Power & Light,28.172,-80.605
FL,Satsuma Substation CLAY,substation,Clay Electric Cooperative,29.547,-81.654
FL,Savannah Substation,substation,Florida Power & Light,27.301,-80.307
FL,Savannah Substation,substation,Fort Pierce Utilities,27.417,-80.317
FL,Saw Palmetto Solar Energy Center,plant,Florida Power & Light,30.414,-85.446
FL,Sawgrass Solar Energy Center,plant,Florida Power & Light,26.368,-81.042
FL,Sawgrass Substation,substation,Florida Power & Light,26.13,-80.339
FL,Sawgrass Substation,substation,Florida Power & Light,27.331,-82.446
FL,Sawgrass Substation BES,substation,BES Beaches Energy Services,30.188,-81.383
FL,Scenic Hills Substation,substation,Florida Power & Light,30.526,-87.239
FL,Scottsmoor Substation,substation,Florida Power & Light,28.795,-80.881
FL,Sea Breeze Substation,substation,Jacksonville Electric Authority,30.495,-81.659
FL,Seaboard Substation,substation,Florida Power & Light,25.848,-80.258
FL,Seagull Substation,substation,Florida Power & Light,25.818,-80.38
FL,Sebastian Substation,substation,Florida Power & Light,27.812,-80.478
FL,Sebring East Substation,substation,Duke Energy,27.444,-81.363
FL,Segrave Substation FPL,substation,Florida Power & Light,29.212,-81.026
FL,Seminola Substation,substation,Florida Power & Light,25.84,-80.294
FL,Seminole Generating Station,plant,Seminole Electric Cooperative Inc,29.736,-81.635
FL,Seminole Mill Plant,plant,WestRock,30.422,-81.605
FL,Seminole Plant Substation,substation,"Seminole Electric Cooperative, Inc.",29.729,-81.632
FL,Seminole Substation,substation,Duke Energy,27.829,-82.794
FL,Seneca Substation,substation,TECO,28.046,-82.452
FL,Serenola Substation GRU,substation,Gainesville Regional Utilities,29.614,-82.382
FL,Seven Springs Substation,substation,,28.203,-82.683
FL,Shady Hills Plant,plant,Shady Hills Power Co LLC,28.366,-82.558
FL,Shaky Joe Swamp Tap,substation,Florida Power & Light,30.619,-85.877
FL,Shalimar Substation,substation,,30.466,-86.559
FL,Sheldon Road Substation,substation,TECO,28.001,-82.583
FL,Sheldon Road Substation,substation,TECO,28.025,-82.582
FL,Sheridan Substation,substation,,26.034,-80.264
FL,Sherman Substation,substation,Florida Power & Light,27.24,-80.778
FL,Shingle Creek Substation,substation,Duke Energy,28.412,-81.421
FL,Shipyard Substation,substation,Florida Power & Light,30.181,-85.726
FL,Shirer Branch Solar Energy Center,plant,Florida Power & Light,30.398,-85.279
FL,Shoal River Substation,substation,Florida Power & Light,30.714,-86.559
FL,Silver Lakes Substation,substation,,25.967,-80.309
FL,Silverlakes Substation,substation,Florida Power & Light,25.992,-80.409
FL,Simpson Substation,substation,Florida Power & Light,25.761,-80.197
FL,Sinai Substation,substation,Florida Power & Light,30.664,-84.901
FL,Sistrunk Substation,substation,Florida Power & Light,26.127,-80.149
FL,Sky Lake Substation,substation,Duke Energy,28.449,-81.377
FL,Skyway Substation,substation,TECO,27.977,-82.55
FL,Slater Substation,substation,Lee County Electric Cooperative,26.71,-81.855
FL,Smith Substation,substation,Florida Power & Light,30.27,-85.7
FL,Smyrna Substation NSB,substation,City of New Smyrna Beach,29.019,-80.998
FL,Snake Creek Substation,substation,Florida Power & Light,25.959,-80.265
FL,Snapper Creek Substation,substation,Florida Power & Light,25.671,-80.285
FL,Sneads Substation,substation,PowerSouth Energy Cooperative,30.725,-84.956
FL,Sneads Substation,substation,PowerSouth Energy Cooperative,30.74,-85.02
FL,Solana Substation,substation,Florida Power & Light,26.198,-81.793
FL,Solar Park Gainesville,plant,"Altus Power America Management, LLC",29.701,-82.337
FL,Sorrento Springs Substation,substation,SECO,28.832,-81.552
FL,Sorrento Springs Substation DUKE,substation,Duke Energy,28.831,-81.553
FL,Soutel Dr Substation JEA,substation,Jacksonville Electric Authority,30.405,-81.715
FL,South Bay Substation FPL,substation,Florida Power & Light,26.649,-80.713
FL,South Beach Substation,substation,City of Vero Beach,27.61,-80.349
FL,South Cape Substation,substation,Lee County Electric Cooperative,26.564,-81.956
FL,South Cape Substation,substation,Florida Power & Light;NASA,28.421,-80.601
FL,South Crestview Substation,substation,Florida Power & Light,30.742,-86.563
FL,South Daytona Substation,substation,Florida Power & Light,29.184,-81.006
FL,South District Wastewater Treatment Plant,plant,Miami-Dade Water & Sewer Department,25.55,-80.337
FL,South District Wastewater Treatment Substation,substation,,25.551,-80.335
FL,South Eloise Substation TECO,substation,TECO,27.987,-81.744
FL,South Gibsonton Substation,substation,TECO,27.846,-82.368
FL,South Miami Substation,substation,Florida Power & Light,25.709,-80.287
FL,South Substation,substation,City of Vero Beach,27.603,-80.389
FL,South Venice Substation,substation,Florida Power & Light,27.052,-82.407
FL,Southfork Solar,plant,Florida Power & Light,27.569,-82.189
FL,Southpoint Substation JEA,substation,Jacksonville Electric Authority,30.235,-81.577
FL,Southport Substation,substation,PowerSouth Energy Cooperative,30.283,-85.625
FL,Southside Substation,substation,Florida Power & Light,26.112,-80.146
FL,Southside Substation JEA,substation,,30.314,-81.649
FL,Southwest Substation,substation,City of Lakeland,28.012,-81.966
FL,Southwood Substation,substation,Orlando Utilities Commission,28.471,-81.441
FL,Space Coast Next Gen Solar Energy,plant,Florida Power & Light,28.487,-80.681
FL,Spoonbill Substation,substation,Florida Power & Light,25.927,-80.357
FL,Spring Garden Substation #50,substation,Clay Electric Cooperative,29.136,-81.32
FL,Springbank Substation FPL,substation,Florida Power & Light,29.973,-81.745
FL,Springdale Substation,substation,Duke Energy,28.969,-82.001
FL,Springhill Gas Recovery Plant,plant,WM Renewable Energy LLC,30.925,-85.429
FL,Springhill Substation,substation,Gainesville Regional Utilities,29.696,-82.465
FL,Springtree Substation,substation,Florida Power & Light,26.18,-80.267
FL,Spruce Substation,substation,Florida Power & Light,29.103,-81.029
FL,SR 60 Substation TECO,substation,TECO,27.943,-82.342
FL,St Johns Park Substation JEA,substation,Jacksonville Electric Authority,30.289,-81.72
FL,St. John Substation,substation,Florida Power & Light,29.562,-81.223
FL,Stadium Substation,substation,TECO,27.977,-82.5
FL,Stagecoach Substation FPL,substation,Florida Power & Light,29.92,-81.419
FL,Stanton Energy Center,plant,Orlando Utilities Commission,28.484,-81.169
FL,Stanton North Substation,substation,Orlando Utilities Commission,28.495,-81.159
FL,Stanton Plant Substation,substation,Orlando Utilities Commission,28.493,-81.16
FL,Starke Substation FPL,substation,Florida Power & Light,29.941,-82.103
FL,Starkey Road Substation,substation,Duke Energy,27.841,-82.759
FL,Starratt Solar,plant,"C2 Starratt Solar, LLC",30.497,-81.6
FL,Steer Substation,substation,Florida Power & Light,29.616,-81.833
FL,Steinhatchee Substation,substation,,29.673,-83.371
FL,Stepdown Substation,substation,FPUC,30.631,-81.469
FL,Stirling Substation,substation,Florida Power & Light,26.031,-80.184
FL,Stock Island Power Plant,plant,Utility Board of Key West City,24.563,-81.734
FL,Stock Island Substation,substation,Florida Keys Electric Coorerative,24.562,-81.734
FL,Stock Island Substation,substation,Florida Keys Electric Coorerative,24.563,-81.734
FL,Stock Island Substation,substation,Florida Keys Electric Coorerative,24.564,-81.734
FL,Stokes Electric Substation,substation,,29.212,-81.975
FL,Stonebridge Substation,substation,Florida Power & Light,26.036,-80.312
FL,Stuart Substation,substation,Florida Power & Light,27.184,-80.254
FL,Studio Substation,substation,Reedy Creek Improvement District,28.361,-81.56
FL,Sub 12,plant,City of Tallahassee - (FL),30.46,-84.26
FL,Substation #1,substation,University of Florida,29.648,-82.349
FL,Substation #3,substation,City of Vero Beach,27.646,-80.447
FL,Substation #9,substation,University of Florida,29.648,-82.349
FL,Substation No. 18 Robinson,substation,Orlando Utilities Commission,28.546,-81.382
FL,Substation No. 26 Merriott South Termination Site,substation,Orlando Utilities Commission,28.392,-81.453
FL,Sugarfoot Substation GRU,substation,Gainesville Regional Utilities,29.641,-82.402
FL,Sullivan Street Substation,substation,Florida Power & Light,30.422,-86.649
FL,Summerglen Substation,substation,,29.016,-82.153
FL,Sun City Substation,substation,TECO,27.713,-82.368
FL,Sundew Solar Farm,plant,Florida Power & Light CO,27.257,-80.555
FL,Suniland Substation,substation,Florida Power & Light,25.657,-80.327
FL,Sunny Hills Substation,substation,,30.54,-85.573
FL,Sunny Isles Substation,substation,Florida Power & Light,25.93,-80.132
FL,Sunshine Gateway Solar Energy Center,plant,Florida Power & Light,30.281,-82.778
FL,Sunshine Gateway Solar Energy Center Substation,substation,Florida Power & Light,30.288,-82.779
FL,Suntree Substation,substation,Florida Power & Light,28.23,-80.701
FL,Sutton Substation,substation,City of Lakeland,28.069,-82.016
FL,Suwannee BESS,plant,Duke Energy,30.377,-83.181
FL,Suwannee River Plant Substation,substation,,30.37,-83.182
FL,Suwannee River Power Plant,plant,Duke Energy,30.376,-83.18
FL,Suwannee Solar Facility,plant,Duke Energy,30.376,-83.17
FL,Suwannee Solar Substation,substation,,30.375,-83.176
FL,Suwannee Springs Substation,substation,,30.41,-82.934
FL,Sweatt Substation,substation,Florida Power & Light,27.448,-80.793
FL,Sweetbay Solar Center,plant,Florida Power & Light,27.059,-80.473
FL,Sweetbay Substation,substation,Florida Power & Light,27.056,-80.476
FL,Sweetwater Substation,substation,Florida Power & Light,25.773,-80.416
FL,Switzerland Substation JEA,substation,Jacksonville Electric Authority,30.074,-81.602
FL,Sydney Road Substation,substation,TECO,27.991,-82.163
FL,Sykes Creek Substation,substation,Florida Power & Light,28.359,-80.678
FL,Sylvan Substation,substation,Florida Power & Light,28.793,-81.388
FL,Taft Substation DUKE,substation,Duke Energy,28.375,-81.375
FL,Taft Substation OUC,substation,Orlando Utilities Commission,28.374,-81.375
FL,Tallahassee Airport Solar Farm,plant,"FL Solar 4, LLC",30.405,-84.37
FL,Tallahassee Airport Solar Substation,substation,,30.391,-84.377
FL,Tamiami Substation,substation,Florida Power & Light,25.764,-80.265
FL,Tampa Bay Substation,substation,TECO,27.973,-82.509
FL,Tarpon Springs Substation,substation,Duke Energy,28.149,-82.74
FL,Tavares Substation,substation,SECO,28.801,-81.753
FL,Tavares Substation,substation,Duke Energy,28.811,-81.731
FL,Tavernier Substation,substation,FKEC,25.006,-80.521
FL,Taylor Creek Solar,plant,Taylor Creek Solar LLC,28.505,-81.039
FL,Taylor Substation,substation,Florida Power & Light,29.113,-80.993
FL,Tenmile Creek,plant,Florida Power & Light Co,30.501,-85.177
FL,Terminal Substation,substation,Florida Power & Light,26.735,-80.064
FL,Terry Substation,substation,Florida Power & Light,26.356,-81.756
FL,Tesoro Substation,substation,Florida Power & Light,27.237,-80.343
FL,Thompson Street Substation,substation,KEYS,24.556,-81.785
FL,TIA Solar,plant,Tampa Electric Co,27.966,-82.534
FL,Tiger Bay Plant Substation,substation,Duke Energy,27.749,-81.853
FL,Tiger Bay Power Plant,plant,Duke Energy,27.747,-81.85
FL,Tiger Bay Substation,substation,,27.747,-81.85
FL,Timber Substation,substation,Florida Power & Light,30.236,-82.243
FL,Timberlake Substation,substation,Florida Power & Light,26.055,-80.251
FL,Titusville Substation FPL,substation,Florida Power & Light,28.611,-80.814
FL,Tocoi Substation FPL,substation,Florida Power & Light,29.87,-81.519
FL,Tom G Smith Power Plant,plant,City of Lake Worth,26.613,-80.068
FL,Town Center Substation FPL,substation,Florida Power & Light,29.476,-81.193
FL,TP8 Substation CLAY,substation,Clay Electric Cooperative,29.891,-82.171
FL,Trace Substation,substation,Florida Power & Light,26.116,-80.387
FL,Trail Ridge Substation FPL,substation,Florida Power & Light,29.956,-82.046
FL,Trailside Solar Center,plant,Florida Power & Light,29.768,-81.434
FL,Trapnell Substation TECO,substation,TECO,27.966,-82.147
FL,Treasure Coast Energy Center,plant,Fort Pierce Utilities Authority,27.385,-80.377
FL,Treasure Substation FPL,substation,Florida Power & Light,27.337,-80.436
FL,Trenton Solar Farm,plant,Duke Energy,29.632,-82.836
FL,Tropic Isle Substation,substation,Lee County Electric Cooperative,26.654,-81.923
FL,Tropical Substation,substation,Florida Power & Light,25.754,-80.349
FL,Tropicana Products Bradent,plant,Tropicana Products,27.483,-82.548
FL,Tropicana Substation,substation,Florida Power & Light,27.381,-80.392
FL,Trout Lake Substation,substation,Duke Energy,28.656,-81.412
FL,Tuckers Substation,substation,Florida Power & Light,26.858,-81.744
FL,Turkey Ford Substation,substation,TECO,28.127,-82.542
FL,Turkey Lake Substation,substation,Orlando Utilities Commission,28.513,-81.442
FL,Turkey Point Nuclear Generating Station,plant,Florida Power & Light,25.435,-80.333
FL,Turkey Point Substation,substation,Florida Power & Light,25.436,-80.334
FL,Turner Power Plant Substation DUKE,substation,,28.87,-81.273
FL,Turner Substation,substation,Florida Power & Light,30.463,-86.626
FL,Turnpike Substation,substation,Florida Power & Light,27.273,-80.356
FL,Tustenuggee Substation #?? CLAY,substation,Clay Electric Cooperative,30.105,-82.632
FL,Tuttle Substation,substation,Florida Power & Light,27.343,-82.513
FL,Twenty First & Hubbard Substation JEA,substation,Jacksonville Electric Authority,30.357,-81.652
FL,Twin Lakes Solar Energy Center,plant,Florida Power & Light,29.606,-81.834
FL,Twin Rivers Solar,plant,Duke Energy,30.457,-83.191
FL,UF Substation #10,substation,University of Florida,29.636,-82.368
FL,UF Substation #12,substation,University of Florida,29.646,-82.345
FL,UF Substation #3,substation,University of Florida,29.649,-82.343
FL,UF Substation #4,substation,University of Florida,29.644,-82.343
FL,UF Substation #5,substation,,29.645,-82.356
FL,UF Substation #7,substation,,29.649,-82.341
FL,Uleta Substation,substation,Florida Power & Light,25.924,-80.172
FL,Ulmerton Substation DUKE,substation,,27.891,-82.707
FL,Ulmerton Substation DUKE,substation,Duke Energy,27.893,-82.707
FL,Umatilla Substation,substation,Duke Energy,28.91,-81.675
FL,Union Correctional Institution CLAY,substation,Clay Electric Cooperative,30.061,-82.188
FL,Union Correctional Institution North CLAY,substation,Clay Electric Cooperative,30.073,-82.188
FL,Union Springs Solar Center,plant,Florida Power & Light,30.002,-82.301
FL,University of Florida Cogeneration Plant,plant,Duke Energy,29.64,-82.349
FL,University of Florida Substation,substation,Duke Energy,29.641,-82.349
FL,University of South Florida Substation,substation,TECO,28.067,-82.43
FL,University Park Substation JEA,substation,Jacksonville Electric Authority,30.367,-81.601
FL,University Substation,substation,Florida Power & Light,25.717,-80.276
FL,"UNKNOWN 14-04-25-007938-003-47 ""T"" Switch CLAY",substation,Clay Electric Cooperative,30.16,-81.768
FL,Upthegrove Substation,substation,Florida Power & Light,26.764,-80.107
FL,Urban Substation,substation,Florida Power & Light,25.854,-80.368
FL,Utsey Road Switching Station,substation,Jacksonville Electric Authority,30.395,-81.781
FL,Valencia Substation,substation,Florida Power & Light,26.094,-80.321
FL,Valparaiso Substation,substation,Florida Power & Light,30.515,-86.51
FL,Vamo Substation,substation,Florida Power & Light,27.229,-82.496
FL,Vanderbilt Substation,substation,Florida Power & Light,26.274,-81.756
FL,Vandolah Plant Substation,substation,,27.524,-81.924
FL,Vandolah Power Plant VPC,plant,Vandolah Power Company LLC,27.525,-81.923
FL,Vandolah Substation,substation,Florida Power & Light,27.523,-81.926
FL,Venetian Substation,substation,Florida Power & Light,25.795,-80.142
FL,Venice Substation,substation,Florida Power & Light,27.105,-82.434
FL,Verena Substation,substation,Florida Power & Light,26.145,-80.131
FL,Vernon Substation,substation,Florida Power & Light,30.574,-85.746
FL,Victory Way Substation,substation,Reedy Creek Improvement District,28.35,-81.554
FL,Viera Substation,substation,Florida Power & Light,28.251,-80.756
FL,Villa Tasso Substation,substation,PowerSouth Energy Cooperative,30.468,-86.368
FL,Village Green Substation,substation,Florida Power & Light,25.728,-80.385
FL,Vineland Substation,substation,Duke Energy,28.407,-81.504
FL,Vinoy Substation DUKE,substation,Duke Energy,27.777,-82.634
FL,Virginia Key Substation,substation,Florida Power & Light,25.748,-80.153
FL,Volusia Substation,substation,Florida Power & Light,29.21,-81.087
FL,Wabasso Substation,substation,Florida Power & Light,27.741,-80.462
FL,Waldo Substation #56,substation,Clay Electric Cooperative,29.773,-82.189
FL,Walker Substation,substation,Florida Power & Light,27.491,-82.597
FL,Wallace Substation,substation,PowerSouth Energy Cooperative,30.707,-87.183
FL,Walsingham Substation,substation,Duke Energy,27.88,-82.812
FL,Walt Disney World Solar Facility,plant,Duke Energy,28.375,-81.563
FL,Warner Rd Substation CLAY,substation,Clay Electric Cooperative,29.868,-81.702
FL,Washington Street Substation,substation,TECO,27.948,-82.454
FL,Washington Substation,substation,,30.338,-86.13
FL,Water Oak Sub #12,substation,Clay Electric Cooperative,30.059,-82.188
FL,Water Street Substation,substation,Jacksonville Electric Authority,30.325,-81.656
FL,Waterleaf Substation JEA,substation,Jacksonville Electric Authority,30.336,-81.488
FL,Waterman Substation SECO,substation,,28.825,-81.709
FL,Waters Substation,substation,TECO,28.025,-82.518
FL,Watt Substation,substation,Florida Power & Light,26.882,-80.112
FL,Wauchula Substation,substation,Duke Energy,27.568,-81.818
FL,Weber Substation,substation,Florida Power & Light,26.232,-81.687
FL,Weber Substation,substation,Orlando Utilities Commission,28.558,-81.375
FL,Webster Substation SECO,substation,SECO,28.589,-82.063
FL,Wesconnett Substation #06 CLAY,substation,Clay Electric Cooperative,30.166,-81.742
FL,Wesconnett Switch #1 CLAY,substation,Clay Electric Cooperative,30.167,-81.743
FL,Wesconnett Switch #2 CLAY,substation,Clay Electric Cooperative,30.166,-81.743
FL,West 9 Mile Substation,substation,Florida Power & Light,30.534,-87.368
FL,West Berry Substation,substation,,30.351,-85.892
FL,West Cape Substation,substation,Lee County Electric Cooperative,26.591,-82.014
FL,West Clewiston Substation,substation,Glades Electric Co-Op,26.766,-80.977
FL,West County Energy Center,plant,Florida Power & Light,26.697,-80.375
FL,West County Energy Center Substation,substation,Florida Power & Light,26.693,-80.375
FL,West County Energy Center Unit #1 FPL,substation,Florida Power & Light,26.703,-80.376
FL,West County Energy Center Unit #2 FPL,substation,Florida Power & Light,26.699,-80.376
FL,West County Energy Center Unit #3 FPL,substation,Florida Power & Light,26.696,-80.376
FL,West Deland Substation DUKE,substation,Duke Energy,29.015,-81.372
FL,West Lake Substation,substation,Jacksonville Electric Authority,30.384,-81.817
FL,West Lake Wales Substation DUKE,substation,Duke Energy,27.903,-81.663
FL,West Nassau Substation,substation,Florida Power & Light,30.561,-81.85
FL,West Palm Beach Substation FPL,substation,Florida Power & Light,26.705,-80.064
FL,West Substation,substation,City of Vero Beach,27.635,-80.446
FL,West Substation,substation,City of Lakeland,28.032,-81.999
FL,Westchase Substation,substation,TECO,28.04,-82.591
FL,Westinghouse Substation,substation,Florida Power & Light,26.287,-80.288
FL,Westlake Substation,substation,Florida Power & Light,26.754,-80.314
FL,Weston Substation,substation,Florida Power & Light,26.064,-80.359
FL,Weston Village Substation,substation,Florida Power & Light,25.947,-80.205
FL,Westville Substation,substation,PowerSouth Energy Cooperative,30.779,-85.868
FL,Westward Substation FPL,substation,Florida Power & Light,26.709,-80.102
FL,Wetumpka Sub,substation,Talquin Electric Cooperative,30.483,-84.622
FL,Wewa Road Substation,substation,Florida Power & Light,30.155,-85.607
FL,Wewahitchka Substation,substation,PowerSouth Energy Cooperative,30.11,-85.21
FL,Wewahootee Substation DUKE,substation,Duke Energy,28.416,-81.215
FL,Wheelabrator South Broward,plant,Wheelabrator Environmental Systems,26.069,-80.205
FL,Wheeler Road Substation,substation,TECO,27.972,-82.248
FL,Wheeler Substation,substation,Florida Power & Light,26.722,-80.666
FL,Whidden Substation,substation,Florida Power & Light,27.225,-81.809
FL,Whispering Pines Substation,substation,Florida Power & Light,25.584,-80.33
FL,White City Substation,substation,Florida Power & Light,27.382,-80.333
FL,White Springs Substation,substation,,30.34,-82.754
FL,White Street Substation,substation,City of Key West,24.563,-81.797
FL,White Tail Solar,plant,Florida Power & Light,27.077,-80.379
FL,Whitfield Substation,substation,Florida Power & Light,27.419,-82.541
FL,Whiting Field Substation,substation,,30.714,-87.006
FL,Whitney Rd Substation DUKE,substation,Duke Energy,27.922,-82.724
FL,Wild Azalea Solar Energy Center,plant,Florida Power & Light,30.677,-84.739
FL,Wildflower Solar Energy Center,plant,Florida Power & Light,27.315,-81.772
FL,Wildwood Substation,substation,,28.825,-81.989
FL,Williston Substation,substation,Duke Energy,29.403,-82.45
FL,Willow Solar Energy Center,plant,Florida Power & Light,27.452,-82.08
FL,Willow Substation FPL,substation,Florida Power & Light,29.129,-81.036
FL,Wimauma Solar,plant,Tampa Electric Company,27.736,-82.272
FL,Windermere Substation,substation,Duke Energy,28.484,-81.455
FL,Windmill Substation,substation,Florida Power & Light,26.059,-80.402
FL,Windover Substation,substation,Florida Power & Light,28.185,-80.67
FL,Winkler Substation,substation,Florida Power & Light,26.604,-81.848
FL,Winners Substation,substation,Florida Power & Light,26.428,-80.205
FL,Winston Power Plant,plant,City of Lakeland - (FL),28.028,-82.016
FL,Winston Substation,substation,City of Lakeland,28.028,-82.015
FL,Winter Garden Substation,substation,Duke Energy,28.558,-81.583
FL,Winter Park East Substation,substation,Duke Energy,28.603,-81.319
FL,Winter Park East Substation,substation,Duke Energy,28.619,-81.285
FL,Winter Springs Substation,substation,Duke Energy,28.685,-81.285
FL,Wiremill Substation FPL,substation,Florida Power & Light,30.252,-82.26
FL,Woodlands Substation FPL,substation,Florida Power & Light,26.179,-80.223
FL,Woods Substation,substation,Florida Power & Light,27.428,-82.522
FL,Woodsmere Substation,substation,,28.578,-81.456
FL,Worthington Springs Substation #49 CLAY,substation,Clay Electric Cooperative,29.939,-82.425
FL,Wright Substation,substation,Florida Power & Light,29.24,-81.076
FL,Wright Substation,substation,Florida Power & Light,30.443,-86.654
FL,Wycliffe Substation,substation,Florida Power & Light,26.608,-80.223
FL,Wye Junction Switching Station,substation,PowerSouth Energy Cooperative,30.895,-87.093
FL,Wynwood Energy Storage,plant,Florida Power & Light,25.799,-80.197
FL,Yamato Substation FPL,substation,Florida Power & Light,26.411,-80.1
FL,Yorke Substation,substation,Florida Power & Light,28.27,-80.695
FL,Youngstown Substation,substation,Florida Power & Light,30.414,-85.447
FL,Yukon Substation,substation,TECO,28.029,-82.443
FL,Yulee Substation FPL,substation,Florida Power & Light,30.623,-81.607
FL,Zellwood Substation,substation,Duke Energy,28.728,-81.601
FL,Zephyhills Substation,substation,,28.23,-82.191
GA,15th Street Substation,substation,Georgia Power,33.48,-81.985
GA,52nd Street Substation,substation,Georgia Power,32.047,-81.111
GA,Abbeville Substation,substation,,31.993,-83.313
GA,Abercorn Creek Substation,substation,Georgia Power,32.255,-81.178
GA,Achord Road Substation,substation,,32.503,-82.946
GA,Acree Substation,substation,Mitchell EMC,31.562,-83.996
GA,Acworth Primary Substation,substation,,34.062,-84.65
GA,Acworth Water Treatment Substation,substation,,34.047,-84.655
GA,Adairsville Substation,substation,,34.369,-84.941
GA,Addlestone Substation,substation,Georgia Power,32.406,-82.05
GA,ADS Renewable Energy-Wolf Creek LLC,plant,"ADS Renewable Energy- Wolf Creek, LLC",32.775,-83.435
GA,Ailey Substation,substation,Georgia Power,32.185,-82.581
GA,Air Products Substation,substation,,33.656,-83.993
GA,Alamo Substation,substation,Georgia Power,32.155,-82.784
GA,Alapaha Substation,substation,,31.382,-83.218
GA,Albany Green Energy,plant,Albany Green Energy,31.555,-84.108
GA,Albany Green Energy Substation,substation,,31.555,-84.108
GA,Albany Green Energy Switching Station,substation,Georgia Power,31.557,-84.11
GA,Albany Primary Substation,substation,Georgia Power,31.564,-84.111
GA,Albion Substation,substation,Georgia Power,33.315,-82.119
GA,Aldora Mills Substation,substation,Georgia Power,33.052,-84.177
GA,Alexander Substation,substation,Georgia Power,33.025,-81.881
GA,Alimenta Substation,substation,Georgia Power,31.529,-83.81
GA,Allatoona Dam,plant,USCE-Mobile District,34.163,-84.729
GA,Allatoona Substation,substation,,34.087,-84.719
GA,Allatoona Switching Station,substation,,34.086,-84.719
GA,Alpharetta Substation,substation,Georgia Power,34.064,-84.311
GA,Alston Substation,substation,Georgia Power,32.079,-82.474
GA,Altman Road Substation,substation,Flint Energies,32.563,-83.74
GA,Aludyne Substation,substation,,32.53,-84.969
GA,Amercord Substation,substation,Georgia Power,31.926,-82.683
GA,Americus Primary Substation,substation,Georgia Power,32.08,-84.232
GA,Ampco Performance Products Substation,substation,Georgia Power,33.369,-82.008
GA,Anchor Glass Substation,substation,Georgia Power,32.585,-83.593
GA,Andersonville Substation,substation,,32.197,-84.155
GA,Anheuser-Busch Substation,substation,Georgia Power,34.261,-84.779
GA,Anthony Shoals Substation,substation,Georgia Power,34.002,-82.636
GA,Antioch Substation,substation,,32.688,-85.022
GA,Apac Substation,substation,Georgia Power,33.474,-82.64
GA,Apalachicola Solar,plant,Westbound Solar LLC,33.336,-82.061
GA,Aragon Primary Substation,substation,Georgia Power,34.044,-85.05
GA,Aragon Substation,substation,Georgia Power,34.04,-85.061
GA,Ararat Substation,substation,,32.063,-83.125
GA,Archer Daniels Midland Substation,substation,Georgia Power,30.833,-83.251
GA,Arglass Substation,substation,,30.795,-83.344
GA,Argos Cement Substation,substation,,33.824,-84.469
GA,Arkwight Substation,substation,Georgia Power,32.922,-83.726
GA,Arkwight Substation,substation,Georgia Power,32.927,-83.699
GA,Arlington Substation,substation,Georgia Power,31.44,-84.722
GA,Armstrong Substation,substation,Georgia Power,32.775,-83.654
GA,Arnold Cochran Solar,plant,Westbound Solar LLC,32.398,-83.345
GA,Arnold Mill Road Substation,substation,Georgia Power,34.106,-84.379
GA,Arnoldsville Substation,substation,Georgia Power,33.918,-83.201
GA,Asama Coldwater Manufacturing Substation,substation,Georgia Power,33.414,-82.639
GA,Ashburn Substation,substation,Georgia Power,31.694,-83.653
GA,Ashbury Substation,substation,Georgia Power,32.799,-83.371
GA,Athena Substation,substation,Georgia Power,33.976,-83.346
GA,Athens Substation,substation,Georgia Power,33.971,-83.393
GA,Atlanta Falcons Solar,plant,Georgia Power Co,33.755,-84.399
GA,Auraria Substation,substation,,34.466,-84.02
GA,Austell Substation,substation,,33.814,-84.639
GA,Avery Substation,substation,Georgia Power,34.217,-84.386
GA,Avonlea Substation,substation,Georgia Power,34.043,-84.052
GA,Azalea Park Substation,substation,Colquitt EMC,30.806,-83.288
GA,Azalea Solar,plant,Dominion Renewable Energy,32.979,-82.592
GA,Baconton and Sowega Power Plant,plant,SOWEGA Power LLC;Baconton Power LLC,31.386,-84.081
GA,Baconton Substation,substation,Georgia Power,31.388,-84.081
GA,Bainbridge Solar,plant,"Bainbridge Solar, LLC",30.975,-84.62
GA,Bainbridge Substation,substation,Georgia Power,30.913,-84.567
GA,Baker Heights Substation,substation,,31.575,-84.11
GA,Baker Heights Switching Station,substation,,31.576,-84.11
GA,Baldwin County Solar #1,plant,SolAmerica,33.025,-83.227
GA,Baldwin County Solar #2,plant,SolAmerica,33.088,-83.291
GA,Banks Creek Substation,substation,,32.564,-81.871
GA,Bark Camp Substation,substation,Georgia Power,34.365,-83.866
GA,Barnesville #1 Substation,substation,Georgia Power,33.056,-84.153
GA,Barnesville Primary Substation,substation,Georgia Power,33.032,-84.201
GA,Barnett Shoals Substation,substation,Georgia Power,33.887,-83.317
GA,Barton Chapel Substation,substation,Georgia Power,33.425,-82.086
GA,Bartow Substation,substation,Georgia Power,32.886,-82.469
GA,BASF Substation,substation,Georgia Power,32.071,-81.059
GA,Bass Road Substation,substation,Georgia Power,32.937,-83.713
GA,Battle Creek Substation,substation,Georgia Power,33.55,-84.343
GA,Battlefield Substation,substation,,33.961,-84.786
GA,Battlefield Substation,substation,,34.935,-85.179
GA,Baxley Solar,plant,"SR Baxley, LLC",31.878,-82.327
GA,Baxley Substation,substation,Georgia Power,31.789,-82.334
GA,Bay Creek Substation,substation,Georgia Power,33.868,-83.882
GA,BE Solar LLC,plant,Alchemy Renewable Energy,30.913,-84.547
GA,Bear Branch Substation,substation,Flint Energies,32.494,-83.657
GA,Beasley Timber Substation,substation,Georgia Power,31.903,-82.564
GA,Beaver Road Substation,substation,Georgia Power,33.471,-82.081
GA,Bekaert Steel Wire Substation,substation,Georgia Power,34.22,-85.171
GA,Bellevue Substation,substation,Georgia Power,32.853,-83.687
GA,Bells Ferry Road Substation,substation,Georgia Power,34.086,-84.55
GA,Bellville Substation,substation,Georgia Power,32.161,-82.001
GA,Bemiss Substation,substation,,30.932,-83.24
GA,Berckman Road Substation,substation,Georgia Power,33.489,-82.036
GA,Berlin Substation,substation,Georgia Power,31.067,-83.594
GA,Bethabara Substation,substation,Georgia Power,33.902,-83.578
GA,Bibb Jones Solar,plant,Westbound Solar LLC,32.778,-83.759
GA,Bibb MFG Company Substation,substation,Georgia Power,33.419,-84.857
GA,Big Creek Substation,substation,Satilla EMC,31.662,-82.428
GA,Big Shanty Substation,substation,,33.994,-84.569
GA,Birdsong Peanut Solar,plant,Hannah Solar,31.172,-84.762
GA,Birdsong Substation,substation,Georgia Power,31.545,-83.901
GA,Birmingham Substation,substation,Georgia Power,34.165,-84.331
GA,Black Creek Substation,substation,Georgia Power,32.206,-81.558
GA,Blackshear Substation,substation,Georgia Power,31.308,-82.238
GA,Blacksville Substation,substation,Georgia Power,33.427,-84.155
GA,Blackwater Solar,plant,"Blackwater Solar, LLC",31.401,-82.614
GA,Blackwells Substation,substation,Georgia Power,34.02,-84.516
GA,Blakely Primary Substation,substation,Georgia Power,31.372,-84.906
GA,Blakely Substation,substation,Municipal Electric Authority of Georgia,31.394,-84.93
GA,Blandford Substation,substation,Georgia Power,32.274,-81.282
GA,Blandford Substation 230,substation,,32.279,-81.281
GA,Blankets Creek Substation,substation,Georgia Power,34.186,-84.508
GA,Bleyle America Substation,substation,Georgia Power,33.405,-84.752
GA,Bloomfield Substation,substation,Georgia Power,32.802,-83.715
GA,Blue Ridge Dam Substation,substation,Tennessee Valley Authority,34.884,-84.285
GA,Blue Ridge Hydroelectric Station,plant,Tennessee Valley Authority,34.884,-84.282
GA,Bobby C. Smith Jr. Energy Facility,plant,Oglethorpe Power Corporation,32.278,-81.284
GA,Bold Springs Substation,substation,Georgia Power,33.928,-83.815
GA,Bolingbroke Substation,substation,Georgia Power,32.951,-83.776
GA,Bolton Street Substation,substation,Georgia Power,32.064,-81.089
GA,Bonaire,substation,Flint Energies,32.563,-83.598
GA,Bonaire Primary Substation,substation,Georgia Power,32.565,-83.6
GA,Boston Substation,substation,Georgia Power,30.806,-83.783
GA,Boulevard Substation,substation,Georgia Power,32.041,-81.144
GA,Bowdon Substation,substation,,33.537,-85.251
GA,Bowdon Substation,substation,Georgia Power,33.543,-85.251
GA,Bowen NDPES Substation,substation,Georgia Power,34.116,-84.922
GA,Bowen Pumping Substation,substation,Georgia Power,34.134,-84.922
GA,Bowen Substation,substation,Georgia Power,34.122,-84.922
GA,Boykin Road Substation,substation,Georgia Power,33.367,-82.078
GA,Brady Solar,plant,Alchemy Renewable Energy,32.056,-84.199
GA,Braselton Substation,substation,Georgia Power,34.106,-83.77
GA,Bremen Primary Substation,substation,Georgia Power,33.709,-85.143
GA,Bremen Switching Station,substation,,33.708,-85.143
GA,Brentwood Substation,substation,Georgia Power,31.687,-82.119
GA,Brison Substation,substation,North Georgia EMC,34.594,-85.277
GA,Broad River Stone Substation,substation,Georgia Power,34.062,-82.979
GA,Brodie Meter Substation,substation,Georgia Power,32.487,-81.749
GA,Bronwood Substation,substation,,31.823,-84.361
GA,Brookfield Substation,substation,,31.425,-83.384
GA,Brooklet Substation,substation,Georgia Power,32.373,-81.659
GA,Brooks County Solar,plant,SolAmerica,30.782,-83.48
GA,Brookwood Substation,substation,Georgia Power,34.094,-84.175
GA,Brown Solar,plant,,34.125,-84.867
GA,Buck Creek Substation,substation,Georgia Power,33.613,-85.111
GA,Buckhead Point Substation,substation,Georgia Power,33.927,-82.569
GA,Buena Vista Substation,substation,,32.305,-84.523
GA,Buford Dam,plant,U.S. Army Corps of Engineers,34.162,-84.076
GA,Buford Dam Substation,substation,Georgia Power,34.162,-84.077
GA,Buford Substation,substation,Georgia Power,34.131,-84.006
GA,Buford Substation#4,substation,Georgia Power,34.135,-83.969
GA,Buhler Substation,substation,Georgia Power,34.094,-83.568
GA,Bull Moose Tube Substation,substation,Georgia Power,34.881,-85.501
GA,Bull Sluice Substation,substation,Georgia Power,33.967,-84.379
GA,Bulloch County GA S3,plant,SolRiver Capital LLC,32.387,-81.816
GA,Bulloch County GA S4,plant,SolRiver Capital LLC,32.388,-81.82
GA,Bulloch Neville Solar Farms,plant,"Safari Energy, LLC",32.384,-81.685
GA,Burbank Substation,substation,Metropolitan Atlanta Rapid Transit Authority,33.756,-84.429
GA,Burkhalter Road Substation,substation,Georgia Power,34.046,-85.22
GA,Burnt Church Substation,substation,Georgia Power,31.878,-81.272
GA,Burton Dam Hydroelectric Station,plant,Georgia Power,34.794,-83.541
GA,Burton Substation,substation,Georgia Power,34.793,-83.541
GA,Burton Switching Station,substation,,34.793,-83.536
GA,Busbee Parkway Substation,substation,Georgia Power,34.05,-84.585
GA,Butler Primary Substation,substation,,32.571,-84.29
GA,Butler Solar Facility,plant,Southern Power Company,32.562,-84.288
GA,Butler Solar Farm,plant,Southern Power Company,32.576,-84.317
GA,Butler Solar Substation,substation,,32.568,-84.286
GA,Butler Solar Substation,substation,,32.577,-84.312
GA,Cadwell Substation,substation,,32.34,-83.045
GA,"Cairo Solar Farm, LLC",plant,"Southeastern Solar Farm Fund, LLC",30.912,-84.228
GA,Calhoun State Prison Substation,substation,Georgia Power,31.542,-84.61
GA,Calhoun Substation #2,substation,MEAG,34.498,-84.958
GA,Camilla Solar Plant,plant,Axium US Solar Holdings LLC,31.186,-84.133
GA,Camp Jose V Substation,substation,Georgia Power,33.342,-82.15
GA,Camp Solar Plant,plant,Axium US Solar Holdings LLC,32.964,-84.544
GA,Campton Substation,substation,Georgia Power,33.847,-83.699
GA,Cane Creek Substation,substation,,34.572,-84.003
GA,Canon Subsstation,substation,Georgia Power,34.345,-83.107
GA,Canton Substation,substation,Georgia Power,34.239,-84.495
GA,Canyon Road Substation,substation,Georgia Power,33.506,-84.93
GA,Caraustar Substation,substation,,33.817,-84.649
GA,Caraustar Substation #2,substation,,33.82,-84.649
GA,Carbo Ceramics Substation,substation,Georgia Power,32.856,-83.131
GA,Cargill Substation,substation,,34.198,-83.913
GA,Cargill Substation,substation,Georgia Power,34.29,-83.811
GA,Carlton Rural Substation,substation,Georgia Power,34.055,-83.099
GA,Carnesville Substation,substation,Georgia Power,34.364,-83.22
GA,Carter Hill Substation,substation,Georgia Power,33.951,-83.753
GA,Carters Dam,plant,U.S. Corps of Engineers,34.614,-84.674
GA,Carters Dam Substation,substation,,34.612,-84.674
GA,Cartersville Primary Substation,substation,Georgia Power,34.18,-84.811
GA,Cartersville Wastewater Treatment Substation,substation,,34.141,-84.831
GA,Cascade Heights Substation,substation,Georgia Power,33.723,-84.465
GA,Caterpillar Substation,substation,Georgia Power,33.944,-83.511
GA,Catlin Substation,substation,,32.51,-82.835
GA,Catoosa Substation,substation,North Georgia EMC,34.961,-85.17
GA,Cave Spring Substation,substation,,34.113,-85.34
GA,Cay Creek Substation,substation,Georgia Power,31.799,-81.436
GA,"Cedar Creek Solar, LLC",plant,"Southeastern Solar Farm Fund, LLC",34.028,-83.757
GA,Cedar Hill Substation,substation,Georgia Power,34.008,-85.223
GA,Cedar Mountain Substation,substation,,33.757,-84.78
GA,Cedarcrest Substation,substation,,34.019,-84.769
GA,Cedartown Substation,substation,,33.996,-85.289
GA,Center Hill Substation,substation,,33.779,-84.474
GA,Center Primary Substation,substation,Georgia Power,34.053,-83.398
GA,Centerpoint Substation,substation,,31.969,-84.554
GA,Centerville Substation,substation,,32.632,-83.691
GA,Central Avenue Substation,substation,Georgia Power,33.47,-82.026
GA,Central State Hospital Substation,substation,Georgia Power,33.048,-83.218
GA,CertainTeed Substation,substation,,33.67,-83.708
GA,Certainteed Substation,substation,Georgia Power,33.978,-83.332
GA,Chapel Hill Substation,substation,Georgia Power,33.698,-84.717
GA,Chapel Street Substation,substation,Municipal Electric Authority of Georgia,30.779,-83.557
GA,Charing Substation,substation,,32.473,-84.357
GA,Chatsworth Substation,substation,,34.762,-84.78
GA,Chattahoochee Energy Facility,plant,Oglethorpe Power Corporation,33.407,-85.039
GA,Chattahoochee Energy Facility Switchyard,substation,,33.408,-85.038
GA,Chehaw Substation,substation,,31.705,-84.051
GA,Chehaw Switching Station,substation,,31.705,-84.051
GA,Cherokee Road Substation,substation,Georgia Power,33.953,-83.301
GA,Cherokee Substation,substation,Georgia Power,32.149,-81.18
GA,Cherokee Substation,substation,Georgia Power,34.297,-84.495
GA,Cherokee Water Works Substation,substation,Georgia Power,34.293,-84.378
GA,Chickamauga Substation,substation,,34.882,-85.28
GA,Chula Substation,substation,Georgia Power,31.557,-83.548
GA,City of Calhoun Gas Turbine,plant,City of Calhoun,34.512,-84.966
GA,Clark Road Substation,substation,Georgia Power,33.278,-81.982
GA,Claxton Substation,substation,Georgia Power,32.174,-81.9
GA,Clay Solar,plant,"SR Clay, LLC",31.554,-84.913
GA,Clayton Substation,substation,Georgia Power,34.882,-83.396
GA,Clem Substation,substation,Caroll EMC,33.512,-84.995
GA,Clermont Substation,substation,Georgia Power,34.476,-83.785
GA,Cleveland Substation,substation,,34.591,-83.773
GA,Clinton Substation,substation,Georgia Power,32.999,-83.558
GA,Clito Substation,substation,Georgia Power,32.514,-81.746
GA,Clyattville Substation,substation,Georgia Power,30.695,-83.308
GA,Coats & Clark Substation,substation,Georgia Power,31.534,-84.12
GA,Cobb Hospital Substation,substation,,33.858,-84.608
GA,Cobb Place Substation,substation,Georgia Power,34.028,-84.562
GA,Cochran Substation,substation,,32.397,-83.344
GA,Cogdell Substation,substation,,31.173,-82.73
GA,Coleman Substation,substation,Georgia Power,32.097,-81.116
GA,Coleman Substation,substation,Georgia Power,32.108,-81.227
GA,College Square Substation,substation,Georgia Power,34.235,-83.896
GA,Collins Hill Substation,substation,Georgia Power,34.001,-84.015
GA,Collins Substation,substation,Georgia Power,32.173,-82.126
GA,Colonels Island Substation,substation,,31.124,-81.545
GA,Colonial Pipeline Substation,substation,Georgia Power,32.882,-83.727
GA,Colonial Pipeline Substation,substation,Colonial Pipeline,33.74,-85.172
GA,Colonial Pipeline Substation,substation,,33.915,-84.271
GA,Colonial Pipeline Substation,substation,Georgia Power,34.094,-83.234
GA,Colonial Pipeline Substation,substation,,34.38,-85.132
GA,Colonial Pipeline Substation - Dacula,substation,Georgia Power,33.977,-83.918
GA,Colonial Substation,substation,,33.856,-84.63
GA,Colonial Substation,substation,Georgia Power,33.882,-84.476
GA,Colquitt Substation,substation,Georgia Power,31.166,-84.731
GA,Columbia Bryson Solar,plant,Westbound Solar LLC,33.433,-82.193
GA,Columbia Substation Solar,plant,Westbound Solar LLC,33.568,-82.302
GA,Columbus Water Works Substation,substation,,32.41,-84.977
GA,Comer Primary Substation,substation,Georgia Power,34.067,-83.115
GA,Comer Solar,plant,Georgia Power,34.095,-83.145
GA,Commerce Primary Substation,substation,Georgia Power,34.212,-83.465
GA,Commerce Substation #4,substation,Georgia Power,34.184,-83.442
GA,Conasauga Substation,substation,,34.703,-84.908
GA,Concord Substation,substation,Georgia Power,33.087,-84.434
GA,Consolidated Gold Mine Substation,substation,,34.537,-83.975
GA,Coody Cochran Solar,plant,Westbound Solar LLC,32.368,-83.368
GA,Cool Springs Solar,plant,"Cool Springs Solar, LLC",30.749,-84.687
GA,Cool Springs Substation,substation,Georgia Power,31.264,-83.566
GA,Coolidge Substation,substation,Georgia Power,31.004,-83.872
GA,Cooper Tire Substation,substation,Georgia Power,31.567,-84.052
GA,Cooper Tools Substation,substation,Georgia Power,32.541,-81.714
GA,Corinth Road Substation,substation,Georgia Power,33.484,-84.407
GA,Coronet Industries Substation,substation,Georgia Power,34.265,-83.847
GA,Covenant College Substation,substation,TVA,34.962,-85.378
GA,Covington Airport Substation,substation,,33.627,-83.836
GA,Covington Substation,substation,Georgia Power,33.586,-83.904
GA,Crawfish Creek Substation,substation,,34.818,-85.536
GA,Crawfordville Substation,substation,Georgia Power,33.576,-82.895
GA,Crisp County Hydroelectric Power Dam,plant,Crisp County Commision,31.848,-83.942
GA,Crisp Plant,plant,Crisp County Commision,31.845,-83.941
GA,Crisp Substation,substation,,31.844,-83.94
GA,Culverton Substation,substation,Georgia Power,33.302,-82.889
GA,Cumming Substation,substation,Georgia Power,34.2,-84.13
GA,Curry Solar,plant,Altus Power America Management,32.037,-82.141
GA,Cusetta Substation,substation,Georgia Power,32.297,-84.776
GA,Cuthbert Primary Substation,substation,Georgia Power,31.766,-84.762
GA,Dahlonega Substation,substation,,34.52,-83.977
GA,Dallas Substation,substation,,33.919,-84.858
GA,Dalton Solar,plant,Georgia Power,34.71,-84.924
GA,Dalton Wastewater Substation,substation,,34.725,-84.93
GA,Damascus Substation,substation,,31.304,-84.715
GA,Dames Ferry Substation,substation,Georgia Power,33.047,-83.742
GA,Daniel Siding Substation,substation,,31.93,-81.379
GA,Danville Substation,substation,,32.599,-83.259
GA,Darien Substation,substation,,31.375,-81.432
GA,Dasher Substation,substation,Georgia Transmission Corporation,30.714,-83.241
GA,Davidsboro Substation,substation,Georgia Power,32.982,-82.604
GA,Dawson Crossing Substation,substation,Georgia Power,34.378,-84.134
GA,Dawson Forest Substation,substation,Georgia Power,34.376,-84.121
GA,Dawson Substation,substation,,31.758,-84.43
GA,Dawsonville Substation,substation,Georgia Power,34.37,-84.04
GA,Deal Branch Substation,substation,Georgia Power,32.505,-81.772
GA,Dean Forest Substation,substation,Georgia Power,32.084,-81.189
GA,Dearing Substation,substation,Georgia Power,33.419,-82.379
GA,Decatur County Industrial Substation,substation,Georgia Power,30.986,-84.619
GA,Decatur County Solar Project,plant,Southern Power Co,30.966,-84.626
GA,Decatur Parkway Solar Project,plant,Southern Power,30.993,-84.635
GA,Decatur Solar,plant,"Washington County Solar, LLC",30.856,-84.443
GA,Deepstep Substation,substation,Georgia Power,33.016,-83.009
GA,Deerfield / US Highway 9 Substation,substation,Georgia Power,34.099,-84.267
GA,DeKalb Water Substation,substation,Georgia Power,33.934,-84.274
GA,Delhi Substation,substation,,33.915,-82.673
GA,Democrest Substation,substation,,34.555,-83.55
GA,Denton Substation,substation,,31.721,-82.75
GA,Denver Braswell Solar,plant,"IGS ORIX Solar I, LLC",31.218,-83.78
GA,Deptford Substation,substation,Georgia Power,32.067,-81.048
GA,Derst Baking Company,plant,,32.049,-81.123
GA,Devereux Substation,substation,Georgia Power,33.227,-83.073
GA,Devereux Substation,substation,Georgia Power,33.278,-83.007
GA,Dexter Substation,substation,,32.419,-83.044
GA,Dirt Road Substation,substation,,32.522,-82.923
GA,Dividend Road Substation,substation,Georgia Power,33.371,-84.575
GA,Dixie Pipeline Substation,substation,,32.042,-84.763
GA,Dixie Pipeline Substation,substation,Georgia Power,32.776,-84.733
GA,Dixie Pipeline Substation,substation,Georgia Power,33.15,-84.206
GA,Dixie Pipeline Substation,substation,,33.28,-83.875
GA,Dixie Pipeline Substation,substation,,33.363,-83.448
GA,Dixie Pipeline Substation,substation,Georgia Power,33.496,-82.714
GA,Doerun Substation,substation,Colquitt EMC,31.31,-83.911
GA,Dolco Packaging Substation,substation,Georgia Power,33.97,-83.972
GA,Doles Substation,substation,,31.705,-83.885
GA,Donald Substation,substation,Georgia Power,31.792,-81.828
GA,Donaldsonville Substation,substation,Georgia Power,31.043,-84.884
GA,Dooly Prison Substation,substation,,32.282,-83.72
GA,Dorchester Substation,substation,Georgia Power,31.812,-81.5
GA,Double Branches Road Substation,substation,Georgia Power,33.774,-82.403
GA,Dougherty County Solar,plant,"Dougherty County Solar, LLC",31.516,-84.039
GA,Dougherty County Solar Substation,substation,Georgia Power,31.51,-84.052
GA,Douglas Substation,substation,Georgia Power,31.531,-82.878
GA,Douglas Switching Station,substation,Georgia Power,31.533,-82.877
GA,Dover Substation,substation,Georgia Power,32.591,-81.7
GA,Doyle Energy Facility,plant,Oglethorpe Power Corporation,33.838,-83.7
GA,Doyle Substation,substation,Georgia Power,33.838,-83.699
GA,Dresden Substation,substation,,33.351,-84.906
GA,Dublin Primary Substation,substation,,32.541,-82.895
GA,Dublin Solar I,plant,AES Distributed Energy,32.581,-82.926
GA,Ducktown Substation,substation,,34.247,-84.24
GA,Dudley Substation,substation,,32.542,-83.061
GA,Due West Substation,substation,,33.966,-84.667
GA,Dug Gap Substation,substation,,34.745,-85.002
GA,Dum Jon Substation,substation,Georgia Power,33.452,-82.082
GA,Duncan Mill Road Substation,substation,Georgia Power,34.321,-83.816
GA,Durand - Troup Substation #20,substation,Georgia Power,32.919,-84.737
GA,Dutchtown Substation,substation,Georgia Power,31.981,-81.223
GA,E. C. Lavender Substation,substation,Georgia Power,32.91,-83.282
GA,E. C. Lavender Substation,substation,Georgia Power,33.022,-83.111
GA,Eagle Granite Substation,substation,Georgia Power,34.138,-82.907
GA,Eason Substation,substation,Georgia Transmission Corporation,30.813,-83.849
GA,East Athens Substation,substation,Georgia Power,33.931,-83.352
GA,East Bainbridge Substation,substation,Georgia Power,30.911,-84.549
GA,East Colquitt Substation,substation,Three Notch EMC,31.187,-84.689
GA,East Lake Substation,substation,Georgia Power,33.503,-84.073
GA,East Macon Substation,substation,Georgia Power,32.838,-83.561
GA,East Maysville Substation,substation,Georgia Power,34.246,-83.546
GA,East Moultrie Substation,substation,Georgia Power,31.242,-83.743
GA,East Point 12kV Switching Station,substation,,33.675,-84.462
GA,East Point Primary Substation,substation,Georgia Power,33.676,-84.463
GA,East Point Water Works Substation,substation,,33.69,-84.452
GA,East Social Circle Substation,substation,,33.674,-83.679
GA,East Thomson Substation,substation,Georgia Power,33.459,-82.439
GA,East Valdosta Substation,substation,Georgia Power,30.846,-83.254
GA,East Vidalia Substation,substation,Georgia Power,32.208,-82.385
GA,East Warrenton Substation,substation,,33.387,-82.636
GA,East Watkinsville Substation,substation,Georgia Power,33.861,-83.385
GA,Eastman Primary Substation,substation,,32.213,-83.161
GA,Eatonton Substation,substation,Georgia Power,33.304,-83.403
GA,Ebenezer Substation,substation,Georgia Power,32.978,-82.482
GA,ECI Substation,substation,,32.574,-82.116
GA,Edison Substation,substation,,31.559,-84.693
GA,Edison Substation,substation,Georgia Power,31.56,-84.733
GA,Edward L. Addison Generating Plant,plant,Southern Power,32.911,-84.307
GA,Edward L. Addison Switchyard,substation,,32.911,-84.307
GA,Edwin I Hatch,substation,,31.934,-82.345
GA,Egypt Substation,substation,Georgia Power,32.496,-81.432
GA,Elba Island LNG Facility,plant,Southern LNG,32.089,-81.004
GA,Elberta Substation,substation,Flint Energies,32.652,-83.631
GA,Elberton Primary Substation,substation,,34.142,-82.812
GA,Elberton Substation,substation,Georgia Power,34.114,-82.864
GA,Ellabell Substation,substation,Georgia Power,32.14,-81.533
GA,Ellenwood Substation,substation,Georgia Power,33.609,-84.302
GA,Ellijay Primary Substation,substation,,34.685,-84.488
GA,Elmodel Substation,substation,,31.345,-84.473
GA,EMD Chemicals Substation,substation,Georgia Power,32.201,-81.171
GA,Empire Substation,substation,,32.344,-83.276
GA,Encore Recycling Substation,substation,,33.732,-84.112
GA,Engelhard Substation,substation,Georgia Power,32.849,-83.229
GA,Engineered Floors Substation,substation,,34.66,-84.995
GA,Enon Grove Substation,substation,Georgia Power,33.325,-85.014
GA,Epworth Substation,substation,TVA,34.948,-84.37
GA,ERCO Worldwide Substation,substation,Georgia Power,30.834,-83.224
GA,Eulonia Substation,substation,,31.526,-81.428
GA,Evans County Solar Farm,plant,SolAmerica,32.141,-81.956
GA,Evans Primary Substation,substation,Georgia Power,33.544,-82.169
GA,Exit 44 Substation,substation,Georgia Power,34.034,-84.041
GA,Fair Road Substation,substation,Georgia Power,32.401,-81.76
GA,Fairmount Substation,substation,,34.442,-84.707
GA,Fairplay Substation,substation,,33.629,-84.856
GA,Fairplay Switching Station,substation,,33.629,-84.857
GA,Fairview Substation,substation,Georgia Power,33.603,-84.224
GA,Fargo Substation,substation,Georgia Transmission Corporation,30.685,-82.564
GA,Fiber Visions Substation,substation,,33.61,-83.852
GA,Fieldale Farms Substation,substation,,34.484,-83.556
GA,Findlay Substation,substation,,32.144,-83.785
GA,Fishing Creek Substation,substation,Georgia Power,33.086,-83.28
GA,Fitz Forest Products Substation,substation,,31.702,-83.205
GA,Fitzgerald Substation,substation,,31.729,-83.292
GA,Flanbeau Plastics Corp. Substation,substation,Georgia Power,33.77,-83.708
GA,Flat Creek Sewage Treatment Substation,substation,Georgia Power,34.266,-83.87
GA,Flat Creek Substation,substation,Georgia Power,33.35,-84.549
GA,Flat Rock Substation,substation,,32.549,-84.872
GA,Flint River Operations,plant,International Paper - Flint River Mill,32.253,-84.07
GA,Flint River Power Plant,plant,Georgia Power,31.603,-84.137
GA,Flint River Primary Substation,substation,Georgia Power,31.604,-84.147
GA,Flint River Substation,substation,Georgia Power,31.604,-84.138
GA,Flint Substation,substation,,31.316,-84.203
GA,Flintside Substation,substation,,31.952,-83.954
GA,Flintstone Substation,substation,TVA,34.941,-85.35
GA,Flippen Substation,substation,Georgia Power,33.493,-84.179
GA,Folkston Primary Substation,substation,Georgia Power,30.88,-82.032
GA,Forstmann & Co Substation,substation,Georgia Power,33.006,-82.459
GA,Forsyth Substation,substation,Georgia Power,33.048,-83.94
GA,Fort Argyle Substation,substation,,32.082,-81.35
GA,Fort Gaines Substation,substation,Georgia Power,31.615,-85.047
GA,Fort Gillem Substation,substation,,33.627,-84.327
GA,Fort Gordon Hospital Substation,substation,Georgia Power,33.431,-82.128
GA,Fort Gordon Solar Facility,plant,Georgia Power,33.387,-82.13
GA,Fort Gordon Solar Substation,substation,Georgia Power,33.383,-82.136
GA,Fort Gordon Substation,substation,Georgia Power,33.427,-82.147
GA,Fort Gordon Substation #2,substation,Georgia Power,33.416,-82.17
GA,Fort Stewart Solar Facilitiy,plant,Georgia Power,31.897,-81.583
GA,Fort Stewart Substation,substation,Georgia Power,31.878,-81.61
GA,Fort Valley State University Solar,plant,Georgia Power,32.501,-83.881
GA,Fort Valley Substation,substation,,32.561,-83.872
GA,Fortson Substation,substation,,32.61,-84.916
GA,Fosters Crossroad Substation,substation,Georgia Power,33.862,-83.956
GA,Fountain Folkston,plant,Westbound Solar LLC,30.859,-81.991
GA,Four Lakes Substation,substation,Georgia Power,32.1,-81.373
GA,Fox Solar,plant,Soldev Solar,31.07,-84.944
GA,Foxboro Substation,substation,,33.858,-84.733
GA,Franklin Aluminium Substation,substation,Georgia Power,33.237,-84.833
GA,Franklin Milliken,plant,"Safari Energy, LLC",34.456,-83.092
GA,Franklin Substation,substation,Georgia Power,33.267,-85.083
GA,Freeman Avenue Solar,plant,Westbound Solar LLC,32.183,-84.149
GA,Ft. Stewart Solar Substation,substation,Georgia Power,31.894,-81.59
GA,GA Solar 3,plant,Tanglewood Solar,31.196,-84.137
GA,Gainer Cotton Gin Substation,substation,Georgia Power,31.618,-82.255
GA,Gaines Ferry Substation,substation,Georgia Power,34.171,-83.961
GA,Gainesville Mills Substation,substation,Georgia Power,34.307,-83.8
GA,Gainesville Primary Substation (#1),substation,Georgia Power,34.34,-83.84
GA,Gainesville Substation #2,substation,Georgia Power,34.263,-83.81
GA,Gainesville Water Works Substation #1,substation,Georgia Power,34.34,-83.83
GA,Gainesville Water Works Substation #2,substation,Georgia Power,34.336,-83.831
GA,Gay - Lamar EMC Substation #4,substation,Georgia Power,33.137,-84.589
GA,Geneva Substation,substation,,32.58,-84.551
GA,Geo Speciality Chemicals Substation,substation,Georgia Power,34.016,-85.267
GA,Georgetown Substation,substation,Alabama Power,31.883,-85.082
GA,Georgia Iron Works Substation,substation,Georgia Power,33.458,-82.188
GA,Georgia Kaolin Substation,substation,Georgia Power,33.258,-82.434
GA,Georgia LFG Pine Ridge Plant,plant,"Cube District Energy, LLC",33.244,-84.122
GA,Georgia Pacific (Durand) Substation,substation,,32.914,-84.779
GA,Georgia Pacific Gypsum Substation,substation,Georgia Power,32.075,-81.054
GA,Georgia Pacific Substation,substation,,31.171,-85.094
GA,Georgia Pacific Substation,substation,Georgia Power,31.175,-81.522
GA,Georgia Pacific Substation,substation,Georgia Power,31.277,-81.544
GA,Georgia Pacific Substation,substation,,31.564,-84.063
GA,Georgia Pacific Substation,substation,Georgia Power,33.409,-82.644
GA,Georgia Pacific Substation,substation,,33.614,-83.42
GA,Georgia Pacific Substation,substation,,34.254,-85.325
GA,Georgia Ports Authority Substation,substation,Georgia Power,32.139,-81.15
GA,Georgia Power at Jakin GA PV,plant,"Constellation Solar Georgia 2, LLC",31.136,-85.031
GA,Georgia Power at Swainsboro,plant,"Luminace Solar Georgia 2, LLC",32.605,-82.321
GA,Georgia Power at Wadley GA,plant,"Luminace Solar Georgia, LLC",32.883,-82.41
GA,Georgia Power Substation,substation,Georgia Power,32.096,-81.146
GA,Georgia Tech Research Substation,substation,,33.91,-84.524
GA,Georgia Transmission Substation - Terrell Mill,substation,Marietta Power & Georgia Transmission,33.921,-84.469
GA,Georgia World Congress Substation,substation,,33.763,-84.4
GA,Gerdau Ameristeel Substation,substation,Georgia Power,34.244,-84.796
GA,Gibson Substation,substation,Georgia Power,33.238,-82.569
GA,Gilmer Logistics Substation,substation,,32.46,-83.764
GA,Glennville Substation,substation,Georgia Power,31.93,-81.913
GA,Glenwood Substation,substation,Georgia Power,32.186,-82.667
GA,Glyndale Road Substation,substation,Georgia Power,31.222,-81.512
GA,Glynn Solar,plant,Cypress Creek Renewables,31.274,-81.449
GA,Godley Tract Substation,substation,Georgia Power,32.162,-81.24
GA,Goodyear Substation,substation,,33.666,-83.707
GA,Google Substation,substation,Georgia Power,33.751,-84.584
GA,Gordon Substation,substation,Georgia Power,32.882,-83.317
GA,Goshen Substation,substation,Georgia Power,32.249,-81.209
GA,Goshen Substation,substation,Georgia Power,33.32,-81.995
GA,Gough City Substation,substation,Georgia Power,33.096,-82.178
GA,Gough Substation #9,substation,Georgia Power,33.089,-82.05
GA,Grange Road Substation,substation,Georgia Power,32.14,-81.151
GA,Graphic Packaging International Augusta Mill Power Plant,plant,Graphic Packaging International - Augusta,33.329,-81.953
GA,Graphic Packaging Substation,substation,,32.774,-83.63
GA,Gratis Road Solar Facility,plant,Walton Solar,33.846,-83.698
GA,Gray Substation,substation,Georgia Power,32.995,-83.564
GA,Greene Durham Solar,plant,"Safari Energy, LLC",33.635,-83.093
GA,Greens Cut Substation,substation,Georgia Power,33.195,-81.968
GA,Greensboro Substation,substation,,33.573,-83.174
GA,Greenville Primary Substation,substation,Georgia Power,33.024,-84.72
GA,Greenville Solar,plant,Terraform Arcadia,33.045,-84.715
GA,Greenville Substation,substation,,30.81,-81.83
GA,Greenville Substation,substation,Georgia Power,33.025,-84.719
GA,Gregory Mill Substation,substation,North Georgia EMC,34.938,-84.786
GA,Griffin Substation,substation,Georgia Power,33.249,-84.24
GA,Grove Point Road Substation,substation,Georgia Power,31.95,-81.107
GA,Grove Point Road Substation,substation,Georgia Power,32.002,-81.245
GA,Grovetown Primary Substation,substation,Georgia Power,33.463,-82.179
GA,GRP Franklin Renewable Energy Facility,plant,"GRP Franklin Renewable Energy Facility, LLC",34.377,-83.33
GA,GRP Madison Renewable Energy Facility,plant,GRP Madison Renewable Energy Facility,34.041,-83.193
GA,Gulfstream 1 Substation,substation,Georgia Power,32.138,-81.197
GA,Gulfstream 2 Substation,substation,Georgia Power,32.137,-81.193
GA,Gulfstream 3 Substation,substation,Georgia Power,32.137,-81.191
GA,Gulfstream Hangar Substation,substation,Georgia Power,32.121,-81.206
GA,Gunn Road Substation,substation,Flint Energies,32.618,-83.728
GA,Guyton Solar,plant,Georgia Power,32.232,-81.367
GA,Guyton Substation,substation,Georgia Power,32.317,-81.424
GA,Habersham Dam,substation,,34.59,-83.557
GA,Hahira Substation,substation,Georgia Power,30.895,-83.377
GA,Hahira Substation,substation,Georgia Power,30.995,-83.367
GA,Hammod Substation,substation,Georgia Power,34.251,-85.346
GA,Hannah Solar,plant,Hannah Solar Energy LLC,30.997,-84.519
GA,Hannah Solar,plant,"Hannah Solar, LLC",32.293,-84.05
GA,Hanson Aggregates Substation,substation,,33.73,-84.098
GA,Hanson Aggregates Substation,substation,Georgia Power,33.954,-83.338
GA,Harlee Branch Substation,substation,Georgia Power,33.196,-83.298
GA,Harlem Substation,substation,Georgia Power,33.421,-82.313
GA,Harris Shiloh Solar,plant,Westbound Solar LLC,32.795,-84.694
GA,Harrison Poultry Substation,substation,Georgia Power,33.93,-83.706
GA,Harrisons Mill Substation,substation,Georgia Power,31.553,-84.889
GA,Hartford Substation,substation,,32.281,-83.449
GA,Hartwell Energy Facility,plant,Oglethorpe Power Corporation,34.339,-82.82
GA,Hartwell Energy Facility Substation,substation,,34.341,-82.821
GA,Hartwell Lake Dam,plant,U.S. Corps of Engineers,34.357,-82.821
GA,Hartwell Lake Dam Substation,substation,Duke Energy,34.355,-82.821
GA,Hatch Nuclear Plant Substation,substation,Georgia Power,31.935,-82.348
GA,Hatch Nuclear Power Plant,plant,Southern Nuclear,31.933,-82.343
GA,Hatch Site Substation #1,substation,Georgia Power,31.932,-82.353
GA,Haw Creek Substation,substation,Georgia Power,34.163,-84.113
GA,Hawk Road Energy Facility,plant,Oglethorpe Power Corporation,33.358,-84.991
GA,Hawk Road Substation,substation,Georgia Power,33.358,-84.992
GA,Hawkins Store Road Substation,substation,Georgia Power,34.057,-84.555
GA,Hazlehurst II Solar,plant,"SR South Loving, LLC",31.82,-82.602
GA,Hazlehurst III Solar,plant,"SR Hazlehurst III, LLC",31.832,-82.603
GA,Hazlehurst Primary Substation,substation,Georgia Power,31.872,-82.58
GA,Hazlehurst Wood Pellets Substation,substation,,31.855,-82.572
GA,Heard County Substation,substation,,33.359,-84.994
GA,Heardmont Substation,substation,,34.054,-82.731
GA,Herty Substation,substation,Georgia Power,32.111,-81.144
GA,Hickory Grove Substation,substation,Georgia Transmission Corporation,30.765,-83.21
GA,Hickory Ridge Landfill Solar Project,plant,"BFI Waste Systems of GA, LLC",33.663,-84.335
GA,Hickory Solar Park,plant,RWE Renewables Americas LLC,31.299,-84.138
GA,Highlands Dam Substation,substation,,32.495,-84.994
GA,Highway 90 Substation,substation,Crisp County Power Commision,31.9,-83.695
GA,Highway 96,substation,Flint Energies,32.554,-83.622
GA,Hiltonia Substation,substation,Georgia Power,32.889,-81.661
GA,Hinesville Primary Substation,substation,Georgia Power,31.852,-81.609
GA,Hiwassee Substation,substation,,34.937,-83.739
GA,Hoboken Substation,substation,Georgia Power,31.181,-82.114
GA,Hogansville Substation,substation,Georgia Power,33.187,-84.924
GA,Hogansville Substation #2,substation,Georgia Power,33.168,-84.913
GA,Holly Springs Substation,substation,Georgia Power,34.195,-84.535
GA,Hollywood Substation,substation,,34.647,-83.455
GA,Hollywood Switching Station,substation,,34.647,-83.455
GA,Homerville Substation,substation,PWR,31.043,-82.756
GA,Honda Substation,substation,Georgia Power,33.693,-85.285
GA,Hopewell Substation,substation,Georgia Power,34.174,-84.283
GA,Horse Creek Substation,substation,Georgia Power,31.812,-81.659
GA,Hothouse Substation,substation,TVA,34.935,-84.318
GA,Houston County Landfill Substation,substation,,32.395,-83.56
GA,Hudson Wire Substation,substation,Georgia Power,34.883,-85.501
GA,Hunter Field Substation,substation,Georgia Power,32.031,-81.13
GA,Huntsville Substation,substation,,34.012,-84.864
GA,Hutchinson Island Substation,substation,Georgia Power,32.094,-81.091
GA,Hyundai Motors Substation,substation,,32.167,-81.461
GA,I-16 Substation,substation,Georgia Power,32.295,-81.851
GA,IKEA Savannah 490,plant,IKEA Property Inc,32.177,-81.173
GA,Imerys Substation,substation,,32.184,-84.118
GA,Imperial Sugar Substation,substation,Georgia Power,32.145,-81.146
GA,Inland Paperboard Packaging Rome,plant,Inland Paperboard - Rome Mill,34.253,-85.327
GA,Interfor Substation,substation,Georgia Power,33.241,-83.357
GA,International Paper Savannah Mill Power Station,plant,International Paper Co,32.104,-81.126
GA,International Paper Substation,substation,,32.251,-84.072
GA,International Paper Substation,substation,Georgia Power,32.892,-83.302
GA,Interstate Center Substation,substation,Georgia Power,32.165,-81.438
GA,Interstate Paper Substation,substation,Georgia Power,31.741,-81.407
GA,Iron Hill Substation #15,substation,Georgia Power,33.402,-82.42
GA,Irving Tissue Substation,substation,Georgia Power,32.744,-83.637
GA,Ivanhoe Substation,substation,Georgia Power,32.283,-81.476
GA,Ivy Creek Substation,substation,Georgia Power,34.048,-83.99
GA,J. M. Huber Substation (Reids),substation,Georgia Power,32.705,-83.557
GA,J.M. Huber Substation,substation,,32.715,-83.523
GA,J.M. Huber Substation,substation,Georgia Power,34.164,-83.433
GA,Jackson Substation,substation,Georgia Power,33.285,-83.966
GA,JC Edwards Substation,substation,North Georgia EMC,34.965,-85.226
GA,Jebco Substation,substation,Georgia Power,33.403,-82.678
GA,Jefferson Mills Substation,substation,Georgia Power,34.116,-83.582
GA,Jefferson Rd Substation,substation,Georgia Power,33.978,-83.579
GA,Jefferson Substation,substation,Georgia Power,34.118,-83.57
GA,Jekyll Island Solar,plant,Cherry Street Energy,31.083,-81.415
GA,Jekyll Island Substation,substation,,31.05,-81.421
GA,Jesup City Substation,substation,Georgia Power,31.604,-81.891
GA,Jesup Substation,substation,Georgia Power,31.603,-81.925
GA,Jewell Substation,substation,Georgia Power,33.304,-82.768
GA,Jim Moore Road Substation,substation,Georgia Power,34.035,-83.907
GA,Jimps Substation,substation,Georgia Power,32.388,-81.838
GA,John Ward Road Substation,substation,,33.933,-84.611
GA,John's Manville Substation,substation,Georgia Power,33.994,-83.773
GA,Johns Creek Substation,substation,Georgia Power,34.051,-84.172
GA,Jonesboro Substation,substation,Georgia Power,33.523,-84.351
GA,Jonesboro Substation,substation,Georgia Power,33.535,-84.312
GA,Jonesville Substation,substation,Georgia Power,33.561,-85.24
GA,Junction City Substation,substation,,32.599,-84.459
GA,Juno Substation,substation,,34.474,-84.195
GA,Kamin Substation,substation,Georgia Power,33.274,-82.409
GA,Kaolin Mine Substation,substation,Georgia Power,33.329,-82.444
GA,Kaolin Substation,substation,,32.976,-82.825
GA,Kedron Substation,substation,Georgia Power,33.443,-84.592
GA,Keller Substation,substation,Georgia Power,31.847,-81.246
GA,Kensigton Substation,substation,,34.817,-85.324
GA,Kia Substation,substation,,32.92,-85.124
GA,Kibee Substation,substation,Georgia Power,32.271,-82.509
GA,Kimball Bridge Substation,substation,Georgia Power,34.058,-84.276
GA,Kimberley-Clark Solar,plant,DG Georgia Solar II,33.001,-85.035
GA,Kings Bay Base Substation #1,substation,Georgia Power,30.797,-81.558
GA,Kings Bay Base Substation #2,substation,,30.791,-81.557
GA,Kings Bay Base Substation #3,substation,Georgia Power,30.802,-81.526
GA,Kings Bay Base Substation #4,substation,Georgia Power,30.776,-81.541
GA,Kings Bay Base Switching Station,substation,Georgia Power,30.783,-81.563
GA,Kings Bay Solar Facility,plant,Georgia Power,30.831,-81.559
GA,Kingsland Primary Substation,substation,Georgia Power,30.795,-81.672
GA,Kite Substation,substation,Georgia Power,32.696,-82.517
GA,Klondike Substation,substation,Georgia Power,33.637,-84.124
GA,Kraft Substation,substation,Georgia Power,32.148,-81.146
GA,Kubota Substation,substation,Georgia Power,34.349,-83.786
GA,Kumho Tire Substation,substation,,32.744,-83.646
GA,Laconte Substation,substation,,31.204,-83.451
GA,LaFayette Primary Substation,substation,,34.703,-85.273
GA,LaFayette Substation #3,substation,,34.678,-85.29
GA,LaFayette Switching Station,substation,,34.704,-85.273
GA,LaGrange Primary Substation,substation,Georgia Power,33.024,-85.016
GA,LaGrange Substation #12,substation,Georgia Power,33.031,-85.03
GA,Lake Beatrice Switching Station,substation,,31.665,-83.256
GA,Lake Joy Road Substation,substation,Flint Energies,32.562,-83.69
GA,Lake Lanier Substation,substation,Georgia Power,34.147,-84.032
GA,Lake Oconee Substation,substation,,33.46,-83.247
GA,Lake Sinclair Substation,substation,Georgia Power,33.137,-83.206
GA,Lalekand Solar Energy,plant,Invenergy Services LLC,31.026,-83.054
GA,Landford Substation,substation,Georgia Power,33.87,-84.133
GA,Langboard Substation,substation,Georgia Power,30.785,-83.48
GA,Langdale Substation,substation,Langdale Forest Products Co.,30.814,-83.283
GA,Lanier Road Substation,substation,Georgia Power,32.958,-84.987
GA,Lanzatech Substation,substation,Georgia Power,32.4,-82.623
GA,Laredo Bus Facility Solar Canopies,plant,MARTA,33.783,-84.267
GA,Lassiter Road Substation,substation,Georgia Power,34.031,-84.438
GA,Lawrenceville Primary Substation,substation,Georgia Power,33.986,-84.001
GA,Lawrenceville Substation #1,substation,Georgia Power,33.945,-83.956
GA,Lawrenceville Substation #1,substation,Georgia Power,33.958,-84.02
GA,Lawrenceville Substation #2,substation,Georgia Power,33.941,-83.995
GA,Leach Road Substation,substation,Georgia Power,34.365,-83.929
GA,Leary Substation,substation,,31.521,-84.533
GA,Leesburg Substation,substation,,31.731,-84.173
GA,Lenox Substation,substation,Georgia Power,31.273,-83.466
GA,Leslie Substation,substation,Georgia Power,31.956,-84.084
GA,Lester Substation,substation,Mitchell EMC,31.379,-84.039
GA,Lexington Substation,substation,Georgia Power,33.915,-83.11
GA,Lift Station,plant,,32.07,-81.049
GA,Lincolton Substation,substation,Georgia Power,33.793,-82.512
GA,Lindale Substation,substation,,34.189,-85.165
GA,Linwood Substation,substation,Georgia Power,34.329,-83.849
GA,Little Ogeechee Substation,substation,Georgia Power,32.007,-81.253
GA,Little Ten Substation,substation,,33.828,-84.008
GA,Live Oak Solar,plant,Live Oak Solar,32.422,-82.107
GA,Lizella Substation,substation,Georgia Power,32.823,-83.821
GA,Lloyd Shoals Dam,plant,Georgia Power,33.321,-83.841
GA,Loop Road Substation,substation,Georgia Power,32.233,-82.362
GA,Lorraine Substation,substation,Georgia Power,33.592,-84.126
GA,Lost Mountain Substation,substation,,33.938,-84.709
GA,Louisiana Pacific Substation,substation,Georgia Power,34.043,-83.406
GA,Louisville Primary Substation,substation,Georgia Power,33.015,-82.402
GA,Louisville Substation,substation,Georgia Power,33.014,-82.406
GA,Lowndes IDA SOlar,plant,"Safari Energy, LLC",30.833,-83.22
GA,Lowndes Tycor Farms Solar,plant,"Safari Energy, LLC",30.69,-83.166
GA,Ludowici Primary Substation,substation,Georgia Power,31.722,-81.744
GA,Lumber City Substation,substation,Georgia Power,31.925,-82.677
GA,Lumpkin Substation,substation,,32.052,-84.787
GA,M&M Mars Substation,substation,Georgia Power,31.552,-84.182
GA,Macland Substation,substation,,33.877,-84.659
GA,Macon County Solar Farm,plant,SolAmerica,32.281,-84.063
GA,Madison Substation,substation,,33.608,-83.464
GA,Madras Substation,substation,Georgia Power,33.422,-84.764
GA,Magnolia Park Substation,substation,Georgia Power,31.413,-83.491
GA,Magnolia Substation,substation,Georgia Power,32.023,-81.086
GA,Mall of Georgia Substation,substation,Georgia Power,34.065,-83.97
GA,Manor Substation,substation,Georgia Transmission Corporation,31.107,-82.576
GA,Mansfield Substation,substation,,33.518,-83.733
GA,Marietta Primary Substation,substation,Georgia Power,33.962,-84.536
GA,Marietta Water Authority Substation,substation,,34.046,-84.687
GA,Marine Corps Logistics Base Solar,plant,Georgia Power,31.559,-84.083
GA,Marine Corps Solar Substation,substation,Georgia Power,31.561,-84.093
GA,Mars Hill Substation,substation,Georgia Power,33.912,-83.458
GA,Martin Marietta Substation,substation,Georgia Power,33.383,-82.64
GA,Martin Marietta Substation,substation,Georgia Power,33.447,-84.621
GA,Martin Marietta Substation,substation,Georgia Power,33.511,-82.618
GA,Martin Marietta Substation,substation,,33.635,-83.889
GA,Martin Marietta Substation,substation,,33.736,-84.788
GA,Martin Marietta Substation,substation,,33.751,-84.073
GA,Martin Marietta Substation,substation,,34.363,-84.358
GA,Marvin Griffin Road Substation,substation,Georgia Power,33.395,-81.995
GA,MAS ASB Cogen Plant,plant,Cube District Energy,33.655,-84.394
GA,Matt Substation,substation,Georgia Power,34.296,-84.156
GA,Maybreeze Substation,substation,Georgia Power,34.053,-84.516
GA,Mcbean Road Substation,substation,Georgia Power,33.36,-81.992
GA,McCleskey Cotton Solar,plant,Westbound Solar LLC,31.823,-84.381
GA,McConnell Road Substation,substation,,33.935,-84.71
GA,McCullers Road Substation,substation,,33.798,-83.935
GA,McEver Road Substation,substation,Georgia Power,34.273,-83.874
GA,McGrau Ford Substation,substation,,34.326,-84.337
GA,McGregor Substation,substation,Georgia Power,32.191,-82.535
GA,McIntosh Combined Cycle Facility,plant,Georgia Power,32.348,-81.182
GA,McIntosh Combined Cycle Facility Substation,substation,,32.349,-81.182
GA,McIntosh Substation,substation,Georgia Power,32.352,-81.175
GA,McIntosh Trail Substation,substation,Georgia Power,33.343,-84.583
GA,McManus Switchyard,substation,,31.213,-81.545
GA,McPherson Road Substation,substation,Georgia Power,34.019,-84.412
GA,McRae Solar Farm,plant,Beltline Energy,32.081,-82.902
GA,McRae Substation,substation,Georgia Power,32.05,-82.911
GA,Mead Cooperation Substation,substation,Georgia Power,33.087,-84.721
GA,Medusa Portland Cement Substation,substation,Georgia Power,32.417,-83.631
GA,Medusa Portland Cement Substation #2,substation,Georgia Power,32.405,-83.642
GA,Medusa Portland Cement Substation #3,substation,Georgia Power,32.397,-83.666
GA,Meldrim Substation,substation,Georgia Power,32.155,-81.368
GA,Menlo Substation,substation,Georgia Power,34.485,-85.464
GA,Meridian Brick Substation,substation,Georgia Power,33.45,-81.961
GA,Meriweter Substation,substation,Georgia Power,33.095,-83.261
GA,Meriwether Jackson Solar,plant,"Safari Energy, LLC",32.881,-84.649
GA,Mesena Substation,substation,,33.453,-82.54
GA,Messer Substation,substation,,31.099,-83.407
GA,Metcalfe Substation,substation,MEAG,30.7,-83.989
GA,Metter Substation,substation,,32.405,-82.066
GA,Mid-Georgia Cogeneration Facility Gas Plant,plant,"SEPG Operating Services, LLC",32.485,-83.604
GA,Mid-Georgia Cogeneration Substation,substation,Georgia Power,32.485,-83.603
GA,Midville Substation,substation,Georgia Power,32.829,-82.233
GA,Midville Substation #9,substation,Georgia Power,32.829,-82.234
GA,Milford Substation,substation,Georgia Power,33.886,-84.598
GA,Milford Switching Station,substation,Georgia Power,33.887,-84.598
GA,Mill Irons Substation,substation,Georgia Power,32.816,-83.669
GA,Milledgeville Primary Substation,substation,Georgia Power,33.078,-83.241
GA,Millen Primary Substation,substation,Georgia Power,32.819,-81.989
GA,Millen Substation,substation,Georgia Power,32.808,-81.948
GA,Miller Brewing Substation,substation,Georgia Power,31.592,-84.091
GA,Milliken Solar,plant,SolAmerica,31.536,-82.551
GA,Milliken Substation,substation,Georgia Power,31.539,-82.556
GA,Milliken Substation,substation,Georgia Power,33.529,-82.503
GA,Mills Road Substation,substation,Georgia Power,33.104,-82.001
GA,Milner Substation #7,substation,Georgia Power,33.121,-84.172
GA,Milstead Substation,substation,,33.689,-83.99
GA,Milton Substation,substation,Georgia Power,34.156,-84.276
GA,Mineola Substation,substation,Georgia Transmission Corporation,30.907,-83.344
GA,Mitchell Substation (115kV),substation,Georgia Power,31.444,-84.135
GA,Mitchell Substation (230kV),substation,Georgia Power,31.447,-84.134
GA,Mobley Bridge Road Substation,substation,Georgia Power,33.165,-84.938
GA,Modern Dispersions Substation,substation,,31.681,-83.256
GA,Mohawk Substation,substation,,34.694,-84.985
GA,Molena 46/12 Substation,substation,Georgia Power,33.012,-84.49
GA,Molena Primary Substation,substation,Georgia Power,33.039,-84.483
GA,Monk Road Substation,substation,Georgia Power,31.476,-83.485
GA,Monroe #2 Substation,substation,Georgia Power,33.794,-83.717
GA,Monroe #3 (Old Athens Hwy) Substation,substation,Georgia Power,33.817,-83.696
GA,Monroe Switch Station,substation,Georgia Power,33.814,-83.695
GA,Monsanto Peachtree Substation,substation,Georgia Power,33.422,-81.941
GA,Montezuma Substation,substation,,32.291,-84.007
GA,Montgomeryville Substation,substation,Georgia Power,33.152,-83.26
GA,Monticello Substation,substation,MEAG,33.302,-83.683
GA,Moody AFB Solar Substation,substation,Georgia Power,30.953,-83.22
GA,Moody AFB Substation,substation,Moody Air Force Base,30.968,-83.212
GA,Moody Air Force Base Solar,plant,Georgia Power,30.955,-83.22
GA,Moon Road Substation,substation,Georgia Power,33.93,-84.0
GA,Moose Lodge Substation,substation,,33.602,-85.031
GA,Moreland Substation,substation,Georgia Power,33.309,-84.778
GA,Morgan Falls Dam,plant,Georgia Power,33.968,-84.383
GA,Morgan Falls Substation,substation,Georgia Power,33.968,-84.382
GA,Morgan Primary Substation,substation,Georgia Power,31.528,-84.585
GA,Morgan Substation,substation,,31.542,-84.597
GA,Morganville Substation,substation,TVA,34.943,-85.443
GA,Morrow Substation,substation,Georgia Power,33.606,-84.333
GA,Mossy Branch Battery Facility,plant,Georgia Power Co,32.802,-84.661
GA,Mostellar Springs Substation,substation,,34.385,-84.882
GA,Moultrie Primary Substation,substation,Georgia Power,31.217,-83.776
GA,Moultrie Switching Station,substation,,31.216,-83.776
GA,Mount Olive Substation #15,substation,Mitchell EMC,31.123,-84.233
GA,Mount Vernon Mills Substation,substation,Georgia Power,34.549,-85.314
GA,Mount Vernon Solar,plant,Walton Electric Member Corp,33.839,-83.638
GA,Mount Zion Substation,substation,Georgia Power,33.631,-85.181
GA,Mountain Park Substation,substation,Georgia Power,34.067,-84.424
GA,MPC Generating Power Plant,plant,SEPG Operating Services,33.811,-83.696
GA,MPC Substation,substation,,33.811,-83.695
GA,Mud Creek Substation,substation,Georgia Power,30.804,-83.27
GA,Mulberry Grove Substation,substation,,32.671,-84.949
GA,Multitrade Rabun Gap Substation,substation,,34.954,-83.377
GA,Murray Treadwell Solar Farms,plant,"Safari Energy, LLC",34.769,-84.817
GA,Murrayville Substation,substation,,34.412,-83.898
GA,Muscogee Public Works Solar,plant,Westbound Solar LLC,32.494,-84.863
GA,Mystic Substation,substation,,31.625,-83.339
GA,Nacoochee Dam Hydroelectric Station,plant,Georgia Power,34.755,-83.501
GA,Nacoochee Substation,substation,Georgia Power,34.756,-83.501
GA,Nahunta Substation,substation,Georgia Power,31.217,-81.972
GA,Nashville Substation,substation,,31.208,-83.26
GA,National Beef Substation,substation,Georgia Power,31.195,-83.792
GA,Naval Submarine Base Kings Bay Plant,plant,Kings Bay Naval Base,30.786,-81.561
GA,Nebo Substation,substation,,33.839,-84.831
GA,Neeseneese Substation,substation,Georgia Power,34.066,-83.319
GA,Nelson Substation,substation,,34.383,-84.37
GA,Nelson Substation,substation,Georgia Power,34.387,-84.379
GA,Nestle Purina Substation,substation,,34.34,-82.954
GA,New Georgia Substation,substation,,33.805,-84.883
GA,New Hope Rd,substation,Georgia Power,33.484,-84.461
GA,New Light Church Substation,substation,,34.177,-84.475
GA,New Sumner Substation,substation,Mitchell EMC,31.501,-83.741
GA,Newell Recycling Substation,substation,Georgia Power,32.102,-81.175
GA,Newnan Primary Substation,substation,Georgia Power,33.373,-84.786
GA,Newton Data Center Substation,substation,Georgia Power,33.604,-83.703
GA,Newton Road Substation,substation,Georgia Power,32.113,-81.373
GA,Nixon Substation #4,substation,Georgia Power,32.928,-83.504
GA,Norcross Substation,substation,Georgia Power,33.933,-84.213
GA,Norcross Substation #2 MEAG,substation,MEAG,33.941,-84.205
GA,North Americus Substation,substation,Georgia Power,32.098,-84.212
GA,North AWRF Substation,substation,Georgia Power,34.056,-84.018
GA,North Commerce Substation (Jackson),substation,Georgia Power,34.222,-83.442
GA,North Glennville Substation,substation,Georgia Power,32.001,-81.916
GA,North Highlands Dam,plant,Georgia Power,32.499,-84.995
GA,North Jackson Substation,substation,Georgia Power,34.182,-83.665
GA,North Jefferson Substation,substation,Georgia Power,34.13,-83.579
GA,North Jesup Substation,substation,Georgia Power,31.629,-81.899
GA,North LaGrange Substation,substation,Georgia Power,33.086,-84.984
GA,North Lakeland Substation,substation,,31.051,-83.061
GA,North Lawrenceville Substation,substation,Georgia Power,33.974,-83.99
GA,North Lumber City Substation,substation,Georgia Power,31.94,-82.693
GA,North Macon Substation,substation,Georgia Power,32.836,-83.618
GA,North McRae Substation,substation,Georgia Power,32.074,-82.901
GA,North Milledgville Substation,substation,Georgia Power,33.11,-83.233
GA,North Mount Zion Substation,substation,,33.643,-85.174
GA,North Rockmart Substation,substation,,34.011,-85.047
GA,North Statesboro Substation,substation,Georgia Power,32.477,-81.799
GA,North Thomaston Substation,substation,Georgia Power,32.929,-84.311
GA,North Thomaston Substation,substation,Georgia Power,33.19,-84.202
GA,North Thomson Substation,substation,Georgia Power,33.507,-82.498
GA,North Tifton Substation (115kV),substation,Georgia Power,31.475,-83.545
GA,North Tifton Substation (500kV),substation,Georgia Power,31.478,-83.549
GA,North Valdosta Substation,substation,Georgia Power,30.879,-83.292
GA,North Warner Robins Substation,substation,Flint Energies,32.627,-83.622
GA,North Zebulon Substation,substation,Georgia Power,33.114,-84.342
GA,Northeast Emanuel Substation,substation,Georgia Power,32.783,-82.244
GA,Nottely Dam Substation,substation,Tennessee Valley Authority,34.959,-84.088
GA,Nottely Hydroelectric Station,plant,Tennessee Valley Authority,34.959,-84.088
GA,Nottely Substation,substation,Tennessee Valley Authority,34.961,-84.084
GA,Novelis Substation,substation,,33.56,-83.203
GA,Nunez Substation,substation,Georgia Power,32.533,-82.344
GA,Nutrasweet Co. Substation,substation,Georgia Power,33.426,-81.938
GA,O'Hara Substation,substation,,33.482,-84.367
GA,Oak Grove Substation,substation,Georgia Power,33.878,-83.929
GA,Oak Street Substation,substation,Georgia Power,34.3,-83.832
GA,Oakdale Substation,substation,Georgia Power,32.011,-81.097
GA,Oakwood Substation,substation,Georgia Power,34.265,-83.871
GA,Ocee Substation,substation,Georgia Power,34.057,-84.229
GA,Ocilla Substation,substation,Georgia Power,31.61,-83.252
GA,Oconee Substation,substation,Georgia Power,32.853,-82.965
GA,Odom Solar Substation,substation,,31.068,-83.593
GA,Offerman Chips Substation,substation,Georgia Power,31.415,-82.098
GA,Offerman Substation,substation,Georgia Power,31.423,-82.144
GA,Oglethorpe Substation,substation,,32.293,-84.052
GA,Oglethorpe Substation,substation,Electric Power Board of Chattanooga,34.955,-85.265
GA,Ohoopee River Substation,substation,Georgia Power,32.006,-82.162
GA,Oil Dri 2 Solar,plant,Westbound Solar,30.991,-84.065
GA,Okefenoke Solar,plant,Okefenoke EMC,30.837,-81.681
GA,Ola Substation,substation,Georgia Power,33.482,-84.03
GA,Old Alabama Road Substation,substation,Georgia Power,34.036,-84.311
GA,Old Atlanta Road Substation,substation,Georgia Power,34.099,-84.135
GA,Old Midville Solar,plant,Citizens Enterprises Corporation,32.824,-81.987
GA,Olin Corp. Substation,substation,Georgia Power,33.345,-81.95
GA,Oliver Dam,plant,Georgia Power,32.516,-84.999
GA,Oliver Dam Substation,substation,Georgia Power,32.517,-84.995
GA,Oliver Road Substation,substation,Georgia Power,32.453,-81.756
GA,Orange Substation,substation,Georgia Power,34.242,-84.405
GA,Osborne Solar,plant,,32.045,-84.174
GA,Owens Corning Substation,substation,Georgia Power,33.541,-84.615
GA,Packaging Corporation Substation,substation,Georgia Power,30.693,-83.305
GA,Pactiv Substation,substation,,33.676,-84.037
GA,Palmer Creek Substation,substation,Georgia Power,34.393,-84.082
GA,Palmetto Substation,substation,Georgia Power,33.524,-84.662
GA,Parkdale Mills Substation,substation,,34.943,-83.402
GA,Patterson Substation,substation,Georgia Power,31.391,-82.135
GA,Patterson Switchyard,substation,Georgia Power,31.393,-82.136
GA,Pawpaw Solar Facility,plant,Southern Power Company,32.572,-84.263
GA,Pawpaw Solar Substation,substation,,32.57,-84.274
GA,PCA-Valdosta Mill,plant,PCA-Valdosta Mill,30.694,-83.305
GA,PCS Nitrogen Substation,substation,Georgia Power,33.436,-81.936
GA,Peach Blossom,substation,Flint Energies,32.563,-83.658
GA,Peach Orchard Substation,substation,Georgia Power,33.328,-82.057
GA,Peach Orchard Switching Station,substation,,33.328,-82.055
GA,Peachtree City Substation #2,substation,Georgia Power,33.391,-84.591
GA,Pearson Substation,substation,Georgia Power,31.294,-82.842
GA,Pecan City Substation,substation,Mitchell EMC,31.507,-84.051
GA,Pecan Row Landfill To Electric Facility,plant,"EDL, Inc.",30.819,-83.36
GA,Pegamore Switching Station,substation,,34.015,-84.891
GA,Pembroke Substation,substation,Georgia Power,32.154,-81.632
GA,Percale Substation,substation,Georgia Power,33.092,-83.787
GA,Perdue Substation,substation,Georgia Power,32.441,-83.627
GA,Perry Primary Substation,substation,,32.455,-83.702
GA,Phoenix Substation,substation,,33.367,-83.277
GA,Piedmont Green Power,plant,Piedmont Green Power,33.045,-84.126
GA,Pilgrims Pride Substation,substation,Georgia Power,34.305,-84.406
GA,Pine Grove Primary Substation,substation,Georgia Power,30.882,-83.228
GA,Pine Grove Substation,substation,Satilla EMC,31.82,-82.445
GA,Pine Mountain Substation,substation,Georgia Power,32.882,-84.889
GA,Pine Mountain Switching Station,substation,,32.882,-84.89
GA,Pinehurst Substation,substation,,32.184,-83.768
GA,Pinetucky Substation,substation,Georgia Power,32.686,-82.448
GA,Piney Grove Church Substation,substation,,32.375,-84.015
GA,Pinova Substation,substation,Georgia Power,31.162,-81.482
GA,Plainfield Substation,substation,,32.295,-83.123
GA,Plains Substation,substation,,32.035,-84.391
GA,Plant Bowen,plant,Georgia Power,34.127,-84.918
GA,Plant Dahlberg,plant,Southern Power,34.041,-83.398
GA,Plant McDonough-Atkinson,plant,Georgia Power,33.825,-84.471
GA,Plant McIntosh,plant,Georgia Power,32.357,-81.17
GA,Plant McManus,plant,Georgia Power,31.216,-81.544
GA,Plant Yates,plant,Georgia Power,33.458,-84.897
GA,Plantation Pipeline Substation,substation,Georgia Power,33.703,-85.141
GA,Plantation Pipeline Substation,substation,Georgia Power,34.066,-83.318
GA,Plantation Pipeline Substation,substation,Georgia Power,34.119,-85.101
GA,Plantation Pipeline Substation,substation,Georgia Power,34.474,-85.19
GA,Plantation Road Substation,substation,Georgia Power,33.911,-84.031
GA,Pleasant Valley Solar,plant,Walton Electric Member Corp,33.736,-83.697
GA,Polar Beverages Substation,substation,,31.713,-83.226
GA,Polk Cedartown,plant,Westbound Solar LLC,34.021,-85.278
GA,Polk County GA S1,plant,"Safari Energy, LLC",34.042,-85.213
GA,Polycor Marble Substation,substation,,34.411,-84.368
GA,Portland Substation,substation,,34.045,-85.046
GA,Poulan Substation,substation,Georgia Power,31.51,-83.79
GA,Powder Springs Substation,substation,,33.882,-84.689
GA,PPL Pipeline Substation,substation,Georgia Power,33.759,-84.674
GA,Pratt Industries Substation,substation,,33.661,-83.991
GA,President Street Sewage Substation,substation,Georgia Power,32.075,-81.07
GA,Preston Substation,substation,,32.07,-84.547
GA,Proctor & Gamble Substation,substation,Georgia Power,31.552,-84.108
GA,Proctor & Gamble Substation,substation,Georgia Power,33.391,-82.0
GA,Providence Canyon Substation,substation,,32.067,-84.895
GA,Pulaski State Prison Substation,substation,,32.312,-83.453
GA,Pumpkin Center Substation,substation,Jefferson EMC,33.487,-82.33
GA,Putnam Erickson Solar,plant,,33.318,-83.402
GA,Putnam Erikson 2,plant,"SolAmerica Energy, LLC",33.278,-83.298
GA,QTS Substation #1,substation,Georgia Power,33.78,-84.421
GA,QTS Substation #2,substation,Georgia Power,33.776,-84.419
GA,Quacco Road Substation,substation,Georgia Power,32.078,-81.271
GA,Quill Substation,substation,,34.644,-84.39
GA,Quitman II Solar,plant,"Quitman II Solar, LLC",30.86,-83.656
GA,Quitman Solar,plant,Quitman Solar,30.848,-83.633
GA,Raccoon Creek Substation,substation,,31.368,-84.107
GA,Radium Springs Substation,substation,Georgia Power,31.501,-84.124
GA,Rainbow Plastics Substation,substation,Georgia Power,33.24,-84.835
GA,Ralston Purina Mills Substation,substation,Georgia Power,34.296,-83.808
GA,Randolph County Solar Farm,plant,SolAmerica,31.764,-84.61
GA,Ray Place Road Switching Station,substation,,33.468,-82.82
GA,Rayle Substation,substation,,33.783,-82.91
GA,Rayonier Substation,substation,Georgia Power,31.657,-81.844
GA,Rayonier Substation,substation,Georgia Power,31.768,-82.322
GA,Rayonier Substation,substation,Georgia Power,32.13,-82.124
GA,Rayonier Substation,substation,,32.22,-83.207
GA,Rayonier Substation,substation,Georgia Power,33.076,-84.203
GA,Rebecca Substation,substation,Georgia Power,31.811,-83.481
GA,Reed Creek Substation,substation,,34.451,-82.923
GA,Reed Creek Switching Station,substation,,34.451,-82.923
GA,Register Substation,substation,Georgia Power,32.42,-81.879
GA,Reid Street Substation,substation,Georgia Power,33.962,-83.986
GA,Reids Primary Substation,substation,Georgia Power,32.728,-83.562
GA,Reids Substation,substation,Georgia Power,32.728,-83.561
GA,Reidsville Renewables Solar,plant,"Safari Energy, LLC",32.066,-82.134
GA,Reidsville Substation,substation,Georgia Power,32.061,-82.135
GA,Remerton Substation,substation,Georgia Power,30.843,-83.304
GA,Reno Substation,substation,Grady EMC,30.777,-84.287
GA,Rentz Substation,substation,Little Ogmulgee EMC,32.384,-83.001
GA,Rest Haven Substation,substation,Georgia Power,34.137,-83.976
GA,Reynoldsville Substation,substation,Georgia Transmission Cooperative,30.877,-84.777
GA,Riceboro Substation,substation,Georgia Power,31.745,-81.445
GA,Richard B. Russell Dam,plant,U.S. Corps of Engineers,34.025,-82.595
GA,Richland Solar,plant,Terraform Arcadia,32.091,-84.678
GA,Richland Solar Center,plant,Onward Energy,32.623,-83.38
GA,Richland Substation,substation,Georgia Power,32.087,-84.691
GA,Richland Switching Station,substation,Georgia Power,32.087,-84.691
GA,Richmond Hayes Solar,plant,Westbound Solar LLC,33.364,-82.022
GA,Richmond Hill Substation,substation,,31.947,-81.313
GA,Riggins Mill Road Substation,substation,Georgia Power,32.788,-83.513
GA,Rincon Solar I,plant,"Rincon Solar I, LLC",32.289,-81.283
GA,Rising Fawn Substation,substation,Georgia Power,34.767,-85.534
GA,Riverdale Substation,substation,Georgia Power,33.585,-84.418
GA,Riverside Mills Substation,substation,Georgia Power,31.179,-83.802
GA,Riverside Substation,substation,Georgia Power,32.085,-81.097
GA,Riverside Substation,substation,Georgia Power,32.894,-83.681
GA,Riverwood International Macon Mill,plant,Riverwood Intl USA Inc,32.772,-83.629
GA,Robert W Scherer Power Plant,plant,Georgia Power,33.061,-83.806
GA,Roberta Substation,substation,,32.717,-84.009
GA,Robins AFB Solar Substation,substation,,32.682,-83.617
GA,Robins AFB Substation,substation,Georgia Power,32.623,-83.59
GA,Robins Air Force Base Solar,plant,Georgia Power,32.682,-83.624
GA,Robins Power Plant,plant,,32.58,-83.582
GA,Robins Spring Substation,substation,Georgia Power,33.005,-82.88
GA,Robins Substation,substation,Georgia Power,32.579,-83.583
GA,Rochelle Substation,substation,,31.95,-83.457
GA,Rock Quarry Substation,substation,Georgia Power,34.079,-83.928
GA,Rock Spring Substation,substation,TVA,34.839,-85.28
GA,Rockmart,plant,Alchemy Renewable Energy,34.023,-85.036
GA,Rockmart Substation,substation,Georgia Power,34.001,-85.043
GA,Rocky Branch Substation,substation,Georgia Power,31.886,-82.595
GA,Rocky Mountain Hydroelectric Plant,plant,Oglethorpe Power,34.356,-85.304
GA,Rocky Mountain Switch Station,substation,,34.326,-85.329
GA,Roopville Substation,substation,,33.443,-85.131
GA,Roper Industries Substation #1,substation,Georgia Power,34.214,-83.483
GA,Roper Industries Substation #2,substation,Georgia Power,34.213,-83.482
GA,Roper Substation,substation,North Georgia EMC,34.678,-85.302
GA,Ropers Corner Substation,substation,Georgia Power,33.507,-82.138
GA,Rosipr Road Substation,substation,Georgia Power,33.399,-82.054
GA,Royston Substation,substation,Georgia Power,34.29,-83.118
GA,Rumble Road Substation,substation,Georgia Power,32.984,-83.848
GA,Russell Dam Substation,substation,Georgia Power,34.024,-82.598
GA,SA Recycling Substation,substation,,33.923,-84.253
GA,Saint George Substation,substation,,30.523,-82.026
GA,Saint Marys Substation,substation,Georgia Power,30.737,-81.547
GA,Sale City Substation,substation,Georgia Power,31.262,-84.025
GA,Sand Hill Substation,substation,,33.637,-84.977
GA,Sand Hill Switching Station,substation,,33.637,-84.977
GA,Sand Hills Solar Substation,substation,,32.596,-84.31
GA,Sandersville Energy Facility,plant,SEPG Operating Services,33.119,-82.862
GA,Sandersville Substation #1,substation,Georgia Power,32.998,-82.802
GA,Sandersville Substation #6,substation,,33.002,-82.833
GA,Sandhills Solar Facilty,plant,Southern Power Company,32.585,-84.302
GA,Sandhills Solar Switching Station,substation,,32.597,-84.312
GA,Sardis Substation,substation,Georgia Power,32.983,-81.758
GA,Sargent Substation,substation,Georgia Power,33.425,-84.863
GA,Sasser Substation,substation,,31.723,-84.346
GA,Satilla Creek Substation,substation,Georgia Power,31.495,-82.008
GA,Satilla Substation,substation,Georgia Power,31.58,-81.884
GA,Savage Rd Substation,substation,Georgia Power,33.986,-83.512
GA,Savannah River Mill Power Station,plant,Georgia-Pacific Consr Prods LP-Savannah,32.334,-81.201
GA,Scherer Substation,substation,,33.061,-83.813
GA,Screven Substation,substation,Georgia Power,31.56,-81.97
GA,Seminole Solar,plant,Terraform Arcadia,31.062,-84.899
GA,Sewell Creek Energy Facility,plant,Oglethorpe Power Corporation,33.949,-85.276
GA,Sewell Creek Energy Substation,substation,,33.949,-85.277
GA,Shakerag Substation,substation,Georgia Power,34.055,-84.134
GA,Sharon Springs Substation,substation,Georgia Power,34.128,-84.172
GA,Sharps Church Substation,substation,Georgia Power,34.097,-83.807
GA,Sharpsburg Substation,substation,Georgia Power,33.342,-84.64
GA,Shaw Industries Substation,substation,Georgia Power,33.449,-82.543
GA,Shawnee - GA,plant,Westbound Solar LLC,33.068,-82.04
GA,Shellman Substation,substation,Georgia Power,31.766,-84.614
GA,Shoreline Chemical Substation,substation,Georgia Power,32.898,-83.404
GA,Silgan Plastics Substation,substation,Georgia Power,33.767,-83.712
GA,Silk Hope Substation,substation,Georgia Power,32.035,-81.215
GA,Simon Solar Farm,plant,"Simon Solar Farm, LLC",33.675,-83.674
GA,Simon Solar Substation,substation,,33.676,-83.68
GA,Simpson Lumber Substation,substation,Georgia Power,32.102,-81.127
GA,Sinclair Dam,plant,Georgia Power,33.14,-83.204
GA,Sinclair Dam Hydro Substation,substation,Georgia Power,33.14,-83.204
GA,Singleton Substation,substation,Georgia Power,33.91,-84.167
GA,Six Flags Substation,substation,,33.766,-84.554
GA,Six Mile Substation,substation,Georgia Power,34.18,-85.209
GA,SK Battery Substation,substation,,34.239,-83.48
GA,Skidaway Substation,substation,Georgia Power,31.959,-81.031
GA,Smarr Energy Center,plant,Oglethorpe Power Corporation,32.983,-83.848
GA,Smarr Substation,substation,Georgia Power,32.952,-83.853
GA,Smithville Churck Road Substation,substation,Flint Energies,32.603,-83.703
GA,Smithville Substation,substation,,31.905,-84.256
GA,Smyrna Substation,substation,,33.595,-83.398
GA,Snellville Substation,substation,Georgia Power,33.839,-84.048
GA,Snipesville Solar Farm,plant,SR Snipesville,31.709,-82.744
GA,Social Circle Primary Substation,substation,,33.681,-83.704
GA,SolAmerica,plant,SolAmerica,34.449,-83.095
GA,Sonny Solar,plant,Pine Gate Renewables,34.053,-82.722
GA,Soperton #2 Switching Station,substation,Altamaha EMC,32.409,-82.665
GA,Soperton Primary Substation,substation,Georgia Power,32.37,-82.597
GA,Soperton Substation #2,substation,Altamaha EMC,32.409,-82.665
GA,Soperton Switchgear,substation,Georgia Power,32.37,-82.598
GA,South,substation,Flint Energies,32.609,-83.614
GA,South Athens Substation,substation,Georgia Power,33.932,-83.392
GA,South Augusta Substation,substation,Georgia Power,33.434,-81.995
GA,South Bainbridge Substation,substation,Georgia Power,30.84,-84.489
GA,South Coweta Substation,substation,Georgia Power,33.326,-84.534
GA,South Effigham Substation,substation,Georgia Power,32.197,-81.282
GA,South Gainesville Substation,substation,Georgia Power,34.282,-83.83
GA,South Glennville Substation,substation,Georgia Power,31.866,-81.886
GA,South Hall Substation,substation,Georgia Power,34.219,-83.803
GA,South Hazlehurst Substation,substation,Georgia Power,31.811,-82.567
GA,South Lowndes Substation,substation,Georgia Transmission Corporation,30.706,-83.306
GA,South Macon Substation,substation,Georgia Power,32.82,-83.626
GA,South McRae Substation,substation,Georgia Power,32.05,-82.91
GA,South Richmond Substation,substation,Georgia Power,33.333,-82.163
GA,South Tifton Substation,substation,Georgia Power,31.438,-83.509
GA,South Villa Rica Substation,substation,,33.721,-84.921
GA,South Wadley Substation,substation,,32.858,-82.408
GA,Southeast Bulloch Substation,substation,Georgia Power,32.364,-81.672
GA,Southeast Toyota Distributors Solar,plant,Radiance Solar,34.184,-83.43
GA,Southeast Toyota Substation,substation,Georgia Power,34.17,-83.432
GA,Southern Chips Substation,substation,,32.961,-82.797
GA,Southern LNG Substation,substation,Savannah Electric and Power Company,32.087,-81.001
GA,Southern Mills Substation,substation,Georgia Power,33.071,-84.343
GA,Southern Mills Substation #1 (Senoia),substation,Georgia Power,33.302,-84.563
GA,Southern Mills Substation #2 (Senoia),substation,Georgia Power,33.302,-84.561
GA,Southern Natural Gas Substation,substation,Georgia Power,31.211,-81.701
GA,Southern Natural Gas Substation,substation,Georgia Power,33.251,-82.413
GA,Southern Oak Solar Energy Center,plant,Invenergy,31.278,-84.22
GA,Southern Oak Solar Energy Substation,substation,,31.269,-84.194
GA,Southern Wood Supply Substation,substation,,32.336,-84.13
GA,Southwest Substation #25,substation,FlintEnergies,32.596,-83.67
GA,Spivey Lake Substation,substation,Georgia Power,33.532,-84.274
GA,Split Silk Substation,substation,Georgia Power,33.83,-83.841
GA,Spout Springs Road Substation,substation,Georgia Power,34.122,-83.874
GA,Spring Bluff Substation,substation,,31.104,-81.623
GA,Spring Branch Substation,substation,Georgia Power,31.873,-82.341
GA,Spring Creek Switching Station,substation,,31.153,-84.76
GA,SR Arlington I,plant,"SR Arlington, LLC",31.405,-84.837
GA,SR Arlington II,plant,"SR Arlington II, LLC",31.419,-84.829
GA,SR Cedar Springs,plant,"SR Cedar Springs, LLC",31.234,-85.083
GA,SR DeSoto I,plant,"SR DeSoto I, LLC",31.88,-84.033
GA,SR Hazlehurst,plant,"SR Hazlehurst, LLC",31.809,-82.576
GA,SR Lumpkin Solar,plant,"SR Lumpkin, LLC",32.025,-84.737
GA,SR Odom,plant,Odom Solar,31.073,-83.594
GA,SR Perry Solar,plant,"SR Perry, LLC",32.38,-83.762
GA,SR Snipesville II,plant,"SR Snipesville II, LLC",31.71,-82.718
GA,SR Snipesville III,plant,"SR Snipesville III, LLC",31.705,-82.748
GA,SR Terrell Solar Farm,plant,"SR Terrell, LLC",31.869,-84.36
GA,SR Toombs Solar,plant,"SR Toombs I, LLC",32.316,-82.412
GA,SRG Global Substation,substation,,33.613,-83.836
GA,Stanley Substation,substation,Georgia Power,31.979,-82.361
GA,Starrsville Substation,substation,Georgia Power,33.546,-83.846
GA,State Farm Support Center East,plant,State Farm Mutual Auto Ins Co,34.086,-84.245
GA,Statenville Substation,substation,Georgia Power,30.707,-83.029
GA,Statesboro Primary Substation,substation,Georgia Power,32.413,-81.798
GA,Statesboro Solar LLC,plant,Alchemy Renewable Energy,32.466,-81.806
GA,Statham Substation,substation,Georgia Power,33.959,-83.587
GA,Sterling Creek Substation,substation,,31.917,-81.306
GA,Stevens Creek Dam Substation,substation,,33.562,-82.053
GA,Stevens Creek Power Plant,plant,"Dominion Energy South Carolina, Inc",33.563,-82.051
GA,Stillmore Substation,substation,Georgia Power,32.487,-82.171
GA,Stockbridge Substation,substation,Georgia Power,33.532,-84.224
GA,Stone Church Substation,substation,,34.904,-85.078
GA,Stoney Hill Substation,substation,Georgia Power,31.988,-82.032
GA,Summer Grove Substation,substation,Georgia Power,33.378,-84.677
GA,Summerville Substation,substation,,34.472,-85.338
GA,Sumner Substation,substation,Georgia Power,31.501,-83.741
GA,Sundance Products Substation,substation,Georgia Power,34.293,-83.813
GA,Superior Landfill Gas Recovery,plant,WM Renewable Energy,32.026,-81.275
GA,Suttons Corner Substation,substation,Georgia Power,31.601,-84.846
GA,Suwanee Substation,substation,Georgia Power,34.066,-84.069
GA,Swainsboro Substation,substation,Georgia Power,32.592,-82.319
GA,Swainsboro Substation #2,substation,Georgia Power,32.614,-82.334
GA,Sweet City Substation,substation,Georgia Power,34.102,-82.932
GA,Sycamore Substation,substation,Georgia Power,31.653,-83.635
GA,Sylvania Substation,substation,Georgia Power,32.764,-81.661
GA,Sylvania Substation #2,substation,Georgia Power,32.749,-81.644
GA,Sylvester Primary Substation,substation,Georgia Power,31.512,-83.804
GA,Symrise Substation,substation,,31.109,-81.551
GA,Talbot County Energy Substation,substation,,32.589,-84.693
GA,Talbot Energy Power Plant,plant,Oglethorpe Power Corporation,32.588,-84.692
GA,Tallapoosa Substation,substation,,33.739,-85.29
GA,Tallassee Hydro Project,plant,Tallassee Shoals,33.989,-83.499
GA,Tallassee Hydro Project Substation,substation,Georgia Power,33.989,-83.498
GA,Tallulah Falls Power Plant,plant,Georgia Power,34.731,-83.376
GA,Talmadge Substation,substation,,34.428,-84.585
GA,Talmo Substation,substation,Georgia Power,34.18,-83.699
GA,Talulah Falls Substation,substation,,34.728,-83.378
GA,Tank Road Substation,substation,Georgia Power,31.634,-81.935
GA,Tara Substation,substation,Georgia Power,33.528,-84.423
GA,Tarver Substation,substation,Georgia Power,30.7,-82.919
GA,Taylor Power Plant,plant,EDL Inc,32.452,-84.388
GA,Taylorsville Substation,substation,Georgia Power,34.083,-84.989
GA,Tazeville Substation,substation,,32.363,-84.477
GA,Telfair Thompson Solar,plant,Westbound Solar LLC,32.057,-82.873
GA,Tenaska Georgia Generation Facility,plant,Tenaska Georgia Partners,33.352,-85.0
GA,Tenaska Georgia Substation,substation,Georgia Power,33.352,-84.998
GA,Tennille City Substation,substation,Georgia Power,32.944,-82.802
GA,Terrell Riles Stovall,plant,"Safari Energy, LLC",31.789,-84.458
GA,Terrell Solar Substation,substation,,31.873,-84.368
GA,Terrell Solar Switching Station,substation,,31.874,-84.368
GA,Terrora Hydroelectric Station,plant,Georgia Power,34.75,-83.406
GA,Terrora Substation,substation,,34.751,-83.406
GA,Thalmann Substation,substation,Georgia Power,31.293,-81.681
GA,The Rock Substation,substation,Georgia Power,32.961,-84.252
GA,Thiele Kaolin Substation,substation,Georgia Power,32.967,-82.863
GA,Thiele Kaolin Substation,substation,Georgia Power,33.265,-82.45
GA,Thiele Kaolin Substation,substation,Georgia Power,33.316,-82.43
GA,Thomas A Energy Switching Station,substation,,34.709,-84.923
GA,Thomas A Smith Energy Facility,plant,Oglethorpe Power Corporation,34.709,-84.918
GA,Thomaston #3 Substation,substation,Georgia Power,32.947,-84.266
GA,Thomaston Mills Substation #2,substation,Georgia Power,33.071,-84.343
GA,Thomaston Primary Substation,substation,Georgia Power,32.9,-84.313
GA,Thomaston Substation #2 - Southern Mills,substation,Georgia Power,32.968,-84.491
GA,Thomasville Substation,substation,Georgia Transmission Corporation,30.909,-84.005
GA,Thompson Mill Road Substation,substation,Georgia Power,34.112,-83.95
GA,Thomson Primary Substation,substation,Georgia Power,33.454,-82.414
GA,Thomson Substation,substation,Georgia Power,33.47,-82.495
GA,Tift Boyd,plant,"Westbound Solar 3, LLC",31.5,-83.513
GA,Tift Fletcher,plant,Madison Energy Investments LLC,31.494,-83.496
GA,Tifton Primary Substation,substation,Georgia Power,31.456,-83.515
GA,Tifton Substation,substation,Colquitt EMC,31.458,-83.546
GA,Tiger Creek Substation,substation,Georgia Power,33.095,-82.982
GA,Timberland Solar,plant,RWE Clean Energy,33.965,-82.828
GA,Timbermen Substation,substation,Georgia Power,33.459,-82.636
GA,Timbermen Substation #1,substation,Georgia Power,33.418,-82.647
GA,Tobacco Road Substation,substation,Georgia Power,33.395,-82.109
GA,Toccoa Primary Substation,substation,Georgia Power,34.581,-83.353
GA,Toccoa River Substation,substation,Tennessee Valley Authority,34.887,-84.284
GA,Tolleson Lumber Substation,substation,,32.036,-84.49
GA,Town Creek Substation,substation,Georgia Power,32.908,-83.665
GA,Townsend Substation,substation,Georgia Power,31.56,-81.63
GA,Toyo Tire Substation,substation,,34.289,-84.729
GA,Transco 115 Substation,substation,Georgia Power,33.37,-84.91
GA,Transco 125 Substation,substation,Georgia Power,33.831,-83.69
GA,Trenton Substation,substation,Georgia Power,34.867,-85.512
GA,Treutlen Substation,substation,Georgia Power,32.353,-81.349
GA,Tri-County Solar Facility,plant,Georgia Power,33.307,-83.392
GA,Trion Substation,substation,,34.541,-85.299
GA,Troup County Solar Farm,plant,SolAmerica,33.001,-85.012
GA,Troup RC50 II Solar,plant,"Safari Energy, LLC",32.9,-84.894
GA,Troup RC50 Solar,plant,Westbound Solar,32.895,-84.894
GA,Tugalo Dam Hydroelectric Station,plant,Georgia Power,34.713,-83.352
GA,Tugalo Dam Substation,substation,,34.714,-83.352
GA,Tunnel Hill Substation,substation,,34.857,-85.014
GA,Turnipseed Solar,plant,VeloSolar,33.699,-84.679
GA,Turphy Hill Substation,substation,Georgia Power,33.448,-81.989
GA,Twiggs Solar,plant,GA Solar 4,32.594,-83.5
GA,Twiggs Solar,substation,,32.609,-83.487
GA,Twiggs Solar Switching Station,substation,,32.61,-83.487
GA,Twilight Substation,substation,Georgia Power,33.585,-84.327
GA,Twin City Substation,substation,Georgia Power,32.58,-82.146
GA,Twin Lakes Substation,substation,Georgia Power,30.728,-83.218
GA,Twin Pines Substation,substation,Georgia Power,32.836,-83.746
GA,Ty Ty Substation,substation,Georgia Power,31.467,-83.651
GA,Tybee Substation,substation,Georgia Power,32.007,-80.845
GA,Tyson Foods Substation,substation,,31.278,-84.181
GA,Tyson Substation,substation,Flint Energies,32.334,-84.113
GA,Tyus Substation,substation,,33.469,-85.202
GA,U.S. Hwy 19 Substation,substation,Georgia Power,31.519,-84.112
GA,U.S. Marine Corps Supply Depot Substation,substation,Georgia Power,31.558,-84.055
GA,U.S. Naval Air Station Substation,substation,,33.913,-84.526
GA,Unadilla Substation,substation,,32.243,-83.749
GA,Unadilla Switching Station,substation,,32.243,-83.754
GA,Union Point Substation,substation,,33.607,-83.049
GA,Union School Substation,substation,Georgia Power,31.645,-82.247
GA,Union Substation,substation,Georgia Power,33.553,-84.509
GA,Union Substation,substation,,33.838,-84.998
GA,University of Georgia Substation,substation,Georgia Power,33.94,-83.371
GA,University of West GA Switching Station,substation,Georgia Power,33.576,-85.125
GA,UPS Substation,substation,Georgia Power,33.792,-84.507
GA,Upson Rocky Creek Solar Plant,plant,Axium US Solar Holdings LLC,32.921,-84.343
GA,Uvalda Substation,substation,Georgia Power,32.034,-82.503
GA,Valdosta,plant,Terraform Arcadia,30.807,-83.228
GA,Valdosta City Solar,plant,City of Valdosta,30.843,-83.346
GA,Valdosta Substation,substation,Georgia Power,30.824,-83.288
GA,Valley Hill Road Substation,substation,Georgia Power,33.558,-84.388
GA,Vaughn Substation,substation,Georgia Power,33.298,-84.386
GA,Vidalia Substation,substation,Georgia Power,32.232,-82.407
GA,Vienna Primary Substation,substation,,32.083,-83.799
GA,Villa Rica Substation,substation,,33.741,-84.855
GA,Vineville Substation,substation,Georgia Power,32.841,-83.663
GA,Vinson Medical Center Substation,substation,,32.535,-82.944
GA,Vinson Road Substation,substation,Georgia Power,33.021,-83.215
GA,Vogtle 500KV Switchyard,substation,Georgia Power,33.145,-81.77
GA,Vogtle Electric Generating Plant,plant,Southern Nuclear,33.139,-81.769
GA,Vogtle Substation (500KV/230KV),substation,Georgia Power,33.146,-81.763
GA,Vulcan Materials Substation,substation,Georgia Power,33.453,-84.696
GA,Vulcan Materials Substation,substation,,33.538,-83.07
GA,Vulcan Materials Substation,substation,,33.773,-84.669
GA,Vulcan Materials Substation,substation,Georgia Power,33.881,-83.885
GA,Vulcan Materials Substation #1,substation,,33.707,-84.073
GA,Vulcan Materials Substation #2,substation,,33.707,-84.075
GA,W.L. Bonnell Substation,substation,Georgia Power,33.379,-84.814
GA,W.L. Bonnell Substation #1,substation,Georgia Power,33.382,-84.818
GA,Wabash,substation,Georgia Power,33.765,-84.371
GA,Wadley #4 Substation,substation,Georgia Power,32.809,-82.397
GA,Wadley Substation,substation,Georgia Power,32.885,-82.416
GA,Walkerville Substation,substation,Georgia Power,31.44,-83.476
GA,Wallace Hydroelectric Plant,plant,Georgia Power,33.35,-83.157
GA,Wallaceville Substation,substation,,34.92,-85.3
GA,Walmart Substation,substation,Georgia Power,33.636,-85.123
GA,Walnut Creek Substation #5,substation,Georgia Power,32.915,-83.638
GA,Walnut Grove Substation,substation,,33.76,-83.849
GA,Walter F. George Dam,plant,U.S. Corps of Engineers,31.625,-85.065
GA,Waltertown Substation,substation,Georgia Power,31.319,-82.362
GA,Walton Bainbridge Power Facility,plant,Walton Bainbridge,30.911,-84.547
GA,Walton County Power LLC,plant,SEPG Operating Services,33.814,-83.696
GA,Wansley Combined Cycle,plant,Southern Power,33.406,-85.037
GA,Wansley Combined Cycle Switchyard,substation,,33.407,-85.036
GA,Wansley Pump Station Substation,substation,Georgia Power,33.427,-85.017
GA,Wansley Substation,substation,,33.411,-85.031
GA,Wansley Unit #9 Switchyard,substation,,33.409,-85.039
GA,Wansley Unit 9,plant,MEAG,33.408,-85.04
GA,Ware Avra I Solar,plant,"Safari Energy, LLC",31.184,-82.323
GA,Ware Avra II Solar,plant,"Safari Energy, LLC",31.188,-82.325
GA,Warrenton Primary Substation,substation,Georgia Power,33.381,-82.687
GA,Warrenton Substation,substation,Georgia Power,33.406,-82.671
GA,Warthen Substation,substation,,33.12,-82.859
GA,Warwick Substation,substation,,31.821,-83.939
GA,Washington County Power LLC,plant,Washington County Power LLC,33.092,-82.98
GA,Washington County Solar,plant,"Washington County Solar, LLC",32.99,-82.721
GA,Washington Primary Substation,substation,Georgia Power,33.732,-82.751
GA,Washington Substation #2,substation,Georgia Power,33.707,-82.753
GA,Washington Substation #2 Stepup,substation,Georgia Power,33.706,-82.754
GA,Washington Switching Station,substation,MEAG,33.732,-82.751
GA,Waterford,substation,Flint Energies,32.545,-83.583
GA,Waterloo Substation,substation,Georgia Power,31.574,-83.514
GA,Watkinsville Substation,substation,Georgia Power,33.864,-83.392
GA,Waverly Substation,substation,,31.097,-81.725
GA,Waverly Switching Station,substation,,31.097,-81.725
GA,Wax Substation,substation,Georgia Power,34.119,-85.101
GA,Waycross Primary Substation,substation,Georgia Power,31.223,-82.399
GA,Wayne Farms Substation,substation,Georgia Power,34.179,-83.672
GA,Waynesboro Community Solar,plant,Georgia Power,33.133,-81.782
GA,Waynesboro Substation,substation,Georgia Power,33.089,-82.02
GA,Waynesville Substation,substation,,31.23,-81.775
GA,Weaver Substation,substation,Blue Ridge EMC,34.886,-83.974
GA,West Athens Substation,substation,Georgia Power,33.968,-83.399
GA,West Augusta Substation,substation,Georgia Power,33.452,-82.041
GA,West Brunswick Substation,substation,Georgia Power,31.28,-81.559
GA,West Crawfordville Substation,substation,Georgia Power,33.566,-82.912
GA,West Donaldsonville Substation,substation,Three Notch EMC,31.046,-84.89
GA,West Fraser Substation,substation,,31.322,-82.217
GA,West Fraser Substation,substation,,31.963,-83.799
GA,West Gainesville Substation,substation,Georgia Power,34.305,-83.863
GA,West Lyons Substation,substation,Georgia Power,32.201,-82.342
GA,West McIntosh Substation,substation,Georgia Power,32.354,-81.182
GA,West Milledgeville Substation,substation,Georgia Power,33.129,-83.316
GA,West Moultrie Substation,substation,Georgia Power,31.183,-83.801
GA,West Point Dam,plant,U.S. Corps of Engineers,32.919,-85.189
GA,West Point Dam Substation,substation,,32.919,-85.19
GA,West Point Substation,substation,,32.883,-85.166
GA,West Ringgold Substation,substation,,34.893,-85.138
GA,West Thomson Substation,substation,,33.493,-82.566
GA,West Villa Rica Substation,substation,,33.742,-84.96
GA,West Warner Robins Substation,substation,,32.618,-83.661
GA,Westberry Jesup Solar,plant,Westbound Solar LLC,31.602,-81.934
GA,WestRock Substation,substation,Georgia Power,32.504,-82.843
GA,Weyerheuser Substation,substation,Georgia Power,33.083,-84.2
GA,Wheeler Road Substation,substation,Georgia Power,33.483,-82.097
GA,White Bluff Substation,substation,Georgia Power,31.952,-81.144
GA,White Oak Solar,plant,"White Oak Solar, LLC",33.035,-82.107
GA,White Oak Solar Substation,substation,,33.039,-82.116
GA,White Oak Solar Switching Station,substation,,33.038,-82.115
GA,White Pine Solar,plant,White Pine Solar,32.505,-84.262
GA,White Pine Solar Substation,substation,,32.503,-84.262
GA,White Pine Solar Switching Station,substation,,32.498,-84.277
GA,Whitemarsh Island Substation,substation,Georgia Power,32.041,-81.001
GA,Whitesburg Substation,substation,Georgia Power,33.493,-84.913
GA,Whittle Substation,substation,,31.923,-83.457
GA,Wilkinson DeFore - Safari Energy,plant,"Safari Energy, LLC",32.864,-83.312
GA,Wilkinson DeFore - Westbound Solar,plant,Westbound Solar LLC,32.861,-83.311
GA,Willachoochee Substation,substation,Georgia Power,31.328,-83.044
GA,Wilmington Island Substation,substation,Georgia Power,32.021,-80.97
GA,Wilson Power Station,plant,Georgia Power,33.138,-81.747
GA,Wilsonville Substation,substation,Georgia Power,31.412,-82.682
GA,Winder Primary Substation,substation,Georgia Power,33.995,-83.753
GA,Winder Substation,substation,Georgia Power,34.024,-83.758
GA,Windward Substation,substation,Georgia Power,34.097,-84.243
GA,Winterville Substation,substation,Georgia Power,33.955,-83.28
GA,Wolfskin Solar,plant,,33.878,-83.246
GA,Wolfskin Substation,substation,Georgia Power,33.857,-83.228
GA,Woodbine Substation,substation,Georgia Power,30.957,-81.708
GA,Woodbury Substation,substation,Georgia Power,32.97,-84.569
GA,Woodlore Substation,substation,,33.972,-84.74
GA,Woodrum Solar,plant,,32.51,-81.825
GA,Woodstock Substation,substation,Georgia Power,34.085,-84.513
GA,Woodstock Switch Station,substation,Georgia Power,34.087,-84.513
GA,Woodvalley Substation,substation,Georgia Power,30.858,-83.318
GA,Woolsey Substation,substation,Georgia Power,33.404,-84.364
GA,Wrens 46/12 kV Substation,substation,Georgia Power,33.217,-82.384
GA,Wrens Primary Substation,substation,Georgia Power,33.234,-82.381
GA,Wrights Chapel Substation,substation,Georgia Transmission Corporation,30.666,-83.069
GA,Wrightsboro Road Substation,substation,Georgia Power,33.478,-82.138
GA,Wrightsville Substation,substation,Georgia Power,32.738,-82.738
GA,Wrigleys Substation,substation,Georgia Power,34.197,-83.9
GA,Yamaha Substation,substation,Georgia Power,33.403,-84.726
GA,Yates Common Substation,substation,Georgia Power,33.462,-84.904
GA,Yates Switchyard,substation,,33.461,-84.897
GA,Yonah Dam Hydroelectric Station,plant,Georgia Power,34.681,-83.343
GA,Yonah Dam Substation,substation,Georgia Power,34.681,-83.343
GA,Yorkville Substation,substation,,33.913,-85.019
GA,Yoshida Substation,substation,Georgia Power,32.811,-83.54
GA,Young Harris Substation,substation,,34.947,-83.846
GA,Young Substation,substation,North Georgia EMC,34.751,-85.274
GA,Youngcane Substation,substation,TVA,34.859,-84.1
GA,Zebulon Road Substation,substation,Georgia Power,32.88,-83.778
GA,Zuta Substation,substation,Georgia Power,31.319,-81.589
KY,Adairville Substation,substation,Tennessee Valley Authority,36.669,-86.875
KY,Adams Substation,substation,Kentucky Utilities Company,38.21,-84.572
KY,Aero Solar Facility,plant,Duke Energy Kentucky Inc,39.031,-84.66
KY,Allen City Substation,substation,Kentucky Power,37.607,-82.729
KY,American Avenue,substation,Kentucky Utilities Company,38.032,-84.515
KY,Ashby Substation,substation,Louisville Gas & Electric Company,38.104,-85.864
KY,Ashbyburg Substation,substation,,37.538,-87.366
KY,Augusta Substation,substation,,38.772,-83.997
KY,Baker Substation,substation,,38.181,-82.61
KY,Bardwell Substation,substation,,36.878,-89.006
KY,Barkley Power Plant,plant,United States Army Corps of Engineers,37.021,-88.221
KY,Barlow Substation,substation,Kentucky Utilities Company,37.058,-89.043
KY,Bavarian LFGTE,plant,"East Kentucky Power Coop, Inc",38.862,-84.656
KY,Bavarian Substation,substation,East Kentucky Power Cooperative,38.865,-84.652
KY,Beattyville Substation,substation,Kentucky Utilities Company,37.587,-83.725
KY,Beaver Dam North Substation,substation,Kentucky Utilities Company,37.42,-86.886
KY,Beaver Dam Substation,substation,Kentucky Utilities Company,37.368,-86.879
KY,Beaver Sam Substation,substation,Kentucky Utilities Company,37.403,-86.887
KY,Bee Spring Substation,substation,,37.291,-86.296
KY,Belfry Substation,substation,Kentucky Power,37.626,-82.267
KY,Bellefonte Substation,substation,American Electric Power,38.497,-82.673
KY,Benton Substation,substation,,36.856,-88.337
KY,Bever Creek,substation,,37.388,-82.73
KY,Big Bone Substation,substation,East Kentucky Power Cooperative,38.886,-84.737
KY,Big Sandy Plant,plant,Kentucky Power Company,38.173,-82.619
KY,Big Sandy Substation,substation,,38.173,-82.619
KY,Blue Ridge Generating Facility,plant,"North American Biofuels, LLC",37.739,-83.98
KY,Bluebird Solar,plant,MN8 Energy LLC,38.297,-84.382
KY,Bluegrass Generating Station,plant,East Kentucky Power Cooperative,38.39,-85.414
KY,Bonnieville Substation,substation,Kentucky Utilities Company,37.385,-85.903
KY,Boone Co Distribution Substation,substation,East Kentucky Power Cooperative,38.976,-84.719
KY,Boone Substation,substation,"East Kentucky Power Cooperative, Inc.",38.975,-84.719
KY,Booneville Substation,substation,"East Kentucky Power Cooperative, Inc.",37.482,-83.688
KY,Bowling Green Substation,substation,Tennessee Valley Authority,37.014,-86.446
KY,Bulan,substation,,37.302,-83.166
KY,Burkesville Substation,substation,,36.787,-85.376
KY,Burna Substation,substation,,37.246,-88.362
KY,Cadiz Primary Substation,substation,Tennessee Valley Authority,36.867,-87.81
KY,Cadiz St Substation,substation,,37.098,-87.881
KY,Calvert City Power Plant,plant,DTE Calvert City LLC,37.048,-88.353
KY,Calvert Substation,substation,,37.056,-88.351
KY,Campbellsville Substation,substation,Kentucky Utilities Company,38.521,-85.184
KY,Cane Run Switching Substation,substation,Louisville Gas and Electric Company,38.173,-85.851
KY,Cane Run Unit 7,plant,Louisville Gas and Electric Company,38.182,-85.884
KY,Cannelton Hydroelectric Plant,plant,"American Municipal Power, Inc.",37.895,-86.701
KY,Carntown Substation,substation,,38.834,-84.242
KY,Carrollton Substation,substation,Kentucky Utilities Company,38.668,-85.173
KY,Casky Substation,substation,Tennessee Valley Authority,36.843,-87.419
KY,Cawood Substation,substation,Kentucky Utilities Company,36.78,-83.217
KY,Centertown Substation,substation,,37.414,-86.985
KY,Central City South Substation,substation,Kentucky Utilities Company,37.288,-87.124
KY,Central City Substation,substation,Kentucky Utilities Company,37.298,-87.129
KY,Central Hardin Substation,substation,,37.669,-85.932
KY,Cerulean Substation,substation,Tennessee Valley Authority,36.961,-87.698
KY,Chavies Substation,substation,,37.345,-83.362
KY,City of Paris Power Plant,plant,City of Paris,38.205,-84.239
KY,Clarkson Substation,substation,Kentucky Utilities Company,37.492,-86.225
KY,Claryville Substation,substation,Duke Energy,38.915,-84.396
KY,Clay Lick Substation,substation,,37.903,-84.856
KY,Clay Substation,substation,,37.474,-87.823
KY,Clinton Primary Substation,substation,Tennessee Valley Authority,36.634,-88.98
KY,Clinton Substation,substation,,36.664,-88.996
KY,Cloverport Substation,substation,,37.823,-86.623
KY,Coldwater Substation,substation,Tennessee Valley Authority,36.66,-88.489
KY,Colemansville Substation,substation,,38.528,-84.408
KY,Cooper Power Plant,plant,East Kentucky Power Cooperative,36.998,-84.59
KY,Cooper Substation,substation,,36.999,-84.592
KY,Cooper Substation,substation,,37.046,-84.538
KY,Cooperative Solar One,plant,"East Kentucky Power Coop, Inc",38.029,-84.253
KY,Corydon Substation,substation,Kentucky Utilities Company,37.742,-87.715
KY,Crab Orchard Substation,substation,,37.471,-84.511
KY,Crittenden Solar Power Plant,plant,Duke Energy,38.752,-84.611
KY,Crockett Substation,substation,East Kentucky Power Cooperative,37.956,-83.165
KY,Crooksville Substation,substation,,37.658,-84.208
KY,Cumberland Substation,substation,Kentucky Utilities Company,36.97,-82.968
KY,Custer Substation,substation,,37.738,-86.251
KY,Cynthiana Substation,substation,,38.387,-84.297
KY,D.B. Wilson Station,plant,Big Rivers Electric Corp,37.448,-87.08
KY,Daniel Boone Substation,substation,Kentucky Utilities Company,37.179,-87.508
KY,Dark Hollow Substation,substation,Kentucky Utilities Company,37.697,-83.992
KY,Daviess County Substation,substation,Kentucky Utilities Company,37.756,-86.936
KY,Davis Substation,substation,Kentucky Utilities Company,37.925,-84.471
KY,Del Park Electrical Substation,substation,,38.253,-85.805
KY,Denny Substation,substation,East Kentucky Power Cooperative,36.812,-84.659
KY,Denny Substation,substation,East Kentucky Power Cooperative,36.813,-84.658
KY,Dewey Substation,substation,,37.763,-82.676
KY,Dix Dam Generating Station,plant,Kentucky Utilities Company,37.786,-84.703
KY,Dix Dam Substation,substation,Kentucky Utilities Company,37.787,-84.704
KY,Dorton,substation,,37.239,-82.569
KY,Duke Energy Kenton County Solar Park,plant,Duke Energy,38.851,-84.592
KY,Dunmor Substation,substation,Tennessee Valley Authority,37.08,-86.992
KY,Dycusburg Substation,substation,Kentucky Utilities Company,37.162,-88.178
KY,E.W. Brown Generating Station,plant,Kentucky Utilities Company,37.79,-84.716
KY,E.W. Brown Solar Facility,plant,,37.776,-84.719
KY,Earlington North Substation,substation,Kentucky Utilities Company,37.276,-87.527
KY,East Bend Power Plant,plant,Duke Energy,38.905,-84.851
KY,East Bowling Green Substation,substation,Tennessee Valley Authority,37.015,-86.362
KY,East Calvert Substation,substation,,37.045,-88.331
KY,East Prestonburg Substation,substation,,37.673,-82.75
KY,Eastwood Substation,substation,,38.236,-85.443
KY,Edgoten Substation,substation,Tennessee Valley Authority,36.648,-87.437
KY,Elihu Substation,substation,Kentucky Utilities Company,37.057,-84.579
KY,Elizabethtown 2 Substation,substation,Kentucky Utilities,37.712,-85.878
KY,Elizabethtown Substation,substation,East Kentucky Power Cooperative,37.715,-85.887
KY,Elliott Co Prison Substation,substation,East Kentucky Power Cooperative,38.136,-83.074
KY,Elmer Smith Substation,substation,,37.794,-87.059
KY,Elwood,substation,,37.317,-82.584
KY,Eminence Substation,substation,Kentucky Utilities Company,38.367,-85.196
KY,Fayette Substation,substation,Kentucky Utilities Company,37.963,-84.464
KY,Fords Branch,substation,,37.433,-82.511
KY,Fordsville Substation,substation,,37.628,-86.694
KY,Forks of Elkhorn Substation,substation,,38.212,-84.81
KY,Fort Campbell Solar #1,plant,,36.641,-87.474
KY,Fort Campbell Solar #2,plant,,36.644,-87.474
KY,Gap of the Ridge Substation,substation,East Kentucky Power Cooperative,36.902,-84.778
KY,Ghent Generating Station,plant,Kentucky Utilities Company,38.75,-85.035
KY,Ghent Station,substation,,38.746,-85.035
KY,Goddard Substation,substation,Kentucky Utilities Company,38.369,-83.603
KY,Grant's Lick #1 & #2,substation,,38.856,-84.387
KY,"Green City Recovery, LLC",plant,"Green City Recovery, LLC",38.345,-84.549
KY,Green River Steel Substation,substation,Kentucky Utilities Company,37.796,-87.054
KY,Green River Substation,substation,Kentucky Utilities Company,37.364,-87.122
KY,Greensburg Substation,substation,"East Kentucky Power Cooperative, Inc.",37.277,-85.51
KY,Gregory Road Substation,substation,East Kentucky Power Cooperative,36.825,-84.723
KY,Gund Mine Substation,substation,Customer Owned,37.663,-82.35
KY,Haefling Generating Station,plant,Kentucky Utilities Company,38.079,-84.519
KY,Hardin County LFGTE,plant,"East Kentucky Power Cooperative, Inc.",37.719,-85.726
KY,Hardin Substation,substation,Kentucky Utilities Company,37.669,-85.902
KY,Harlan Substation,substation,Kentucky Utilities Company,36.843,-83.326
KY,Harrodsburg North,substation,Kentucky Utilities Company,37.779,-84.842
KY,Hartford Substation,substation,Kentucky Utilities Company,37.447,-86.911
KY,Hatfield Substation,substation,,37.652,-82.341
KY,Hazard,substation,,37.245,-83.175
KY,Headquarters Substation,substation,"East Kentucky Power Cooperative, Inc.",38.36,-84.113
KY,Hebron Substation,substation,Duke Energy,39.09,-84.729
KY,Hilda Substation,substation,,38.243,-83.509
KY,Holloway Substation,substation,Kentucky Utilities Company,37.937,-84.605
KY,Holmes Mill Substation,substation,,36.875,-83.01
KY,Homestead Street Substation,substation,East Kentucky Power Cooperative,36.838,-84.848
KY,Hopkinsville Substation,substation,Tennessee Valley Authority,36.944,-87.48
KY,Horse Cave Industrial Substation,substation,Kentucky Utilities Company,37.171,-85.915
KY,Horse Cave Substation,substation,Kentucky Utilities Company,37.174,-85.897
KY,IBM North Substation,substation,,38.076,-84.489
KY,Inez Substation,substation,,37.767,-82.473
KY,Irvine Substation,substation,Kentucky Utilities Company,37.696,-83.969
KY,Irvington Substation,substation,,37.884,-86.291
KY,Jacksonville Substation,substation,,38.286,-84.364
KY,JK Smith Generating Station,plant,East Kentucky Power Cooperative,37.884,-84.102
KY,Joy Substation,substation,,37.357,-88.386
KY,Kentenia Substation,substation,Kentucky Utilities Company,36.799,-83.403
KY,Kenton,substation,,38.637,-83.8
KY,Kentucky Dam Powerhouse,plant,Tennessee Valley Authority,37.014,-88.269
KY,Kentucky Dam Substation,substation,,37.016,-88.269
KY,Kentucky Mills Power Station,plant,Domtar Paper Company LLC,37.895,-86.685
KY,Kentucky State Hospital Substation,substation,Kentucky Utilities Company,37.703,-84.758
KY,Krebs Station Road Substation,substation,,36.994,-88.674
KY,L'Oreal Solar - Florence,plant,L'Oreal USA Products Inc,38.988,-84.608
KY,Lake Reba Substation,substation,Kentucky Utilities Company,37.766,-84.235
KY,Lancaster Substation,substation,Kentucky Utilities Company,37.619,-84.573
KY,Lancaster Switching Station,substation,Kentucky Utilities Company,37.62,-84.566
KY,Laurel River Dam,plant,United States Army Corps of Engineers,36.961,-84.27
KY,Lebanon Substation,substation,Kentucky Utilities Company,37.605,-85.25
KY,Lebanon West Substation,substation,Kentucky Utilities Company,37.575,-85.317
KY,Leitchfield East Substation,substation,Kentucky Utilities Company,37.479,-86.274
KY,Leitchfield Substation,substation,Kentucky Utilities Company,37.481,-86.311
KY,Leslie,substation,,37.143,-83.321
KY,Lewisport Substation,substation,,37.922,-86.895
KY,LG&E-KU Solar Share Facility,plant,Kentucky Utilities Co,38.217,-85.388
KY,Limaburg Substation,substation,Duke Energy,39.037,-84.695
KY,Livia Substation,substation,,37.562,-87.11
KY,Lovelaceville Substation,substation,,36.962,-88.828
KY,Lovely Substation,substation,,37.82,-82.4
KY,Lyndon South Substation,substation,Louisville Gas & Electric Company,38.26,-85.596
KY,Manslick Substation,substation,Louisville Gas & Electric Company,38.124,-85.795
KY,Marion Substation,substation,"East Kentucky Power Cooperative, Inc.",37.605,-85.248
KY,Marshall Energy Facility,plant,Tennessee Valley Authority,37.029,-88.396
KY,Martin County Solar Project,plant,"Martin County Solar Project, LLC",37.759,-82.468
KY,Mayfield Primary Substation,substation,Tennessee Valley Authority,36.699,-88.563
KY,Mazie Substation,substation,East Kentucky Power Cooperative,38.027,-82.973
KY,Meldahl Hydroelectric Project,plant,City of Hamilton - (OH),38.791,-84.173
KY,Meredith Substation,substation,Kentucky Utilities Company,37.384,-86.256
KY,Middle Creek Substation,substation,,37.602,-82.88
KY,Middlesboro Substation,substation,Kentucky Utilities Company,36.613,-83.714
KY,Mill Creek Generating Station,plant,Louisville Gas & Electric Co,38.052,-85.907
KY,Mill Creek Station,substation,,38.053,-85.908
KY,Millers Creek Substation,substation,,37.67,-83.857
KY,Morehead Generating Station,plant,,38.191,-83.545
KY,Morgan County Switching Station,substation,,37.939,-83.292
KY,Morgan Fork,substation,,37.499,-82.691
KY,Morganfield Substation,substation,Kentucky Utilities Company,37.689,-87.918
KY,Moscow Substation,substation,Marathon Pipe Line LLC,36.622,-89.047
KY,Mother Ann Lee Hydroelectric Station,plant,Lock 7 Hydro Partners LLC,37.83,-84.725
KY,Mount Olive Substation,substation,"East Kentucky Power Cooperative, Inc.",37.28,-84.768
KY,Munfordville Substation,substation,Kentucky Utilities Company,37.271,-85.903
KY,New Camp Substation,substation,,37.663,-82.29
KY,New Clifton Sub,substation,,38.253,-85.711
KY,New Hardinsburg Substation,substation,,37.775,-86.483
KY,Newfoundland Substation,substation,East Kentucky Power Cooperative,38.129,-83.099
KY,North Princeton Substation,substation,Kentucky Utilities Company,37.168,-87.974
KY,Nortonville Substation,substation,Kentucky Utilities Company,37.192,-87.456
KY,Oakbrook Substation,substation,Duke Energy,39.017,-84.682
KY,Old Clifton Sub,substation,,38.253,-85.71
KY,Onton Substation,substation,,37.557,-87.441
KY,Paddy's Run Substation,substation,Louisville Gas and Electric Company,38.22,-85.845
KY,Paddys Run Power Plant,plant,Louisville Gas and Electric Company,38.221,-85.845
KY,Paris 12KV,substation,,38.206,-84.24
KY,Park City Substation,substation,,37.088,-86.054
KY,Pendleton County LFGTE,plant,"East Kentucky Power Coop, Inc",38.734,-84.406
KY,Picadome Substation,substation,,38.031,-84.526
KY,Pilot Oak Substation,substation,,36.549,-88.716
KY,Pineville,substation,,36.798,-83.758
KY,Pineville Substation,substation,,36.795,-83.756
KY,Pleasure Ridge Substation,substation,Louisville Gas & Electric Company,38.139,-85.84
KY,Poole Substation,substation,,37.64,-87.64
KY,PPS Power Plant #1,plant,Paducah Power System,37.034,-88.616
KY,Prestonburg Substation,substation,,37.679,-82.782
KY,Princeton Substation,substation,Kentucky Utilities Company,37.121,-87.894
KY,R D Green Power Station,plant,Big Rivers Electric Corp,37.646,-87.501
KY,Radcliff Substation,substation,East Kentucky Power Cooperative,37.834,-85.971
KY,Radcliff Substation,substation,Kentucky Utilities,37.846,-85.946
KY,Ragland Substation,substation,BrightNight,37.169,-88.904
KY,Rectorville Substation,substation,"East Kentucky Power Cooperative, Inc.",38.583,-83.648
KY,Reynolds Substation,substation,Kentucky Utilities Company,37.993,-84.529
KY,Rineyville Substation,substation,Kentucky Utilities,37.77,-85.917
KY,Rineyville Substation,substation,"East Kentucky Power Cooperative, Inc.",37.774,-86.014
KY,Riverside Generating,plant,Riverside Generating LLC,38.192,-82.604
KY,Robert Reid Power Station,plant,Big Rivers Electric Corp,37.646,-87.503
KY,Rodburn Substation,substation,Kentucky Utilities Company,38.201,-83.41
KY,Russellville North Substation,substation,,36.86,-86.906
KY,Saint Charles Substation,substation,,37.201,-87.571
KY,Sandy Hook Substation,substation,,38.085,-83.125
KY,Sebree Substation,substation,Kentucky Utilities Company,37.646,-87.504
KY,Sedalia Substation,substation,,36.633,-88.605
KY,Shawnee Fossil Plant,plant,Tennessee Valley Authority,37.148,-88.778
KY,Shawnee Station,substation,,37.149,-88.777
KY,Shelbyville Substation,substation,Kentucky Utilities Company,38.219,-85.227
KY,Sideny Coal Substation,substation,Kentucky Power,37.664,-82.38
KY,Sidney or Leslie Metering No. 1 Substation,substation,,37.623,-82.363
KY,Sidney or Leslie Metering No. 1 Substation,substation,,37.625,-82.36
KY,Simpsonville Substation,substation,,38.222,-85.346
KY,Skaggs Substation,substation,,37.997,-82.968
KY,Slat Substation,substation,East Kentucky Power Cooperative,36.819,-84.899
KY,Smithersville #1&2 Substation,substation,East Kentucky Power Cooperative,37.753,-85.904
KY,Smithland Hydroelectric Plant,plant,"American Mun Power-Ohio, Inc",37.17,-88.419
KY,South Paducah Substation,substation,Kentucky Utilities Company,37.059,-88.593
KY,Spicewood,substation,,37.504,-83.123
KY,Spurlock Power Station,plant,"East Kentucky Power Coop, Inc",38.699,-83.817
KY,SR Russellville,plant,"SR Russellville, LLC",36.792,-86.936
KY,"SR Turkey Creek, LLC",plant,"SR Turkey Creek, LLC",37.591,-84.579
KY,Stanford Substation,substation,Kentucky Utilities Company,37.529,-84.679
KY,Stanley Parker Substation,substation,"East Kentucky Power Cooperative, Inc.",38.896,-84.58
KY,Stone Substation,substation,,37.592,-82.27
KY,Summer Shade Substation,substation,TVA,36.882,-85.689
KY,Summersville Substation,substation,"East Kentucky Power Cooperative, Inc.",37.331,-85.537
KY,Taylor Substation,substation,Louisville Gas and Electric Company,38.272,-85.648
KY,Thelma Substation,substation,American Electric Power,37.826,-82.767
KY,Thelma Substation,substation,East Kentucky Power Cooperative,37.829,-82.765
KY,Trimble County Generating Station,plant,Louisville Gas & Electric,38.586,-85.413
KY,Trimble County Station,substation,,38.582,-85.409
KY,Tunnel Hill #1 &2 Substation,substation,East Kentucky Power Cooperative,37.729,-85.831
KY,Turkey Foot Substation,substation,East Kentucky Power Cooperative,38.973,-84.59
KY,TVA Paradise,plant,Tennessee Valley Authority,37.263,-86.982
KY,TVA Paradise Combined Cycle Plant,plant,Tennessee Valley Authority,37.269,-86.986
KY,TVA Tennessee Valley Authority,plant,,36.882,-88.679
KY,Uniontown Substation,substation,,37.763,-87.927
KY,Utica Substation,substation,,37.607,-87.1
KY,Verda Substation,substation,Kentucky Utilities,36.851,-83.224
KY,Vertrees Substation,substation,"East Kentucky Power Cooperative, Inc.",37.689,-86.128
KY,Viley Road,substation,Kentucky Utilities,38.077,-84.549
KY,Vine Grove Substation,substation,Kentucky Utilities,37.811,-85.981
KY,Vine Substation,substation,,38.206,-84.25
KY,Waveland Substation,substation,Kentucky Utilities Company,37.971,-84.541
KY,Webster Road Substation,substation,East Kentucky Power Cooperative,38.978,-84.559
KY,West Frankfort Substation,substation,Kentucky Utilities Company,38.164,-84.962
KY,West Garrard Substation,substation,Kentucky Utilities Company,37.637,-84.626
KY,West Murray Substation,substation,TVA,36.6,-88.329
KY,West Paintsville,substation,,37.822,-82.811
KY,Wheatcroft Substation,substation,,37.48,-87.849
KY,Wickliffe Substation,substation,Kentucky Utilities Company,36.953,-89.066
KY,Wickliffe Substation,substation,Kentucky Utilities Company,36.973,-89.083
KY,Williamsburg South Substation,substation,Kentucky Utilities Company,36.738,-84.156
KY,Williamsburg Switching Station,substation,Kentucky Utilities Company,36.774,-84.13
KY,Windsor Substation,substation,,37.126,-84.916
KY,Wolf Creek Hydroelectric Power Plant,plant,United States Army Corps of Engineers,36.871,-85.146
KY,Younger Creek Substation,substation,"East Kentucky Power Cooperative, Inc.",37.758,-85.721
MO,A G Edwards Substation,substation,Ameren Missouri,38.634,-90.217
MO,Adair Substation,substation,Ameren,40.149,-92.598
MO,Adelite Solar,plant,Birch Creek Development,39.757,-94.014
MO,Adrian Substation,substation,Evergy,38.395,-94.368
MO,Alabama Substation,substation,Evergy,39.711,-94.881
MO,Altona Solar,plant,"Birch Creek Power, LLC",39.277,-92.146
MO,Ameran Sunset Hills Substation,substation,,38.557,-90.406
MO,Ameren Sioux Power Plant,plant,Ameren,38.915,-90.29
MO,Ameren Substation,substation,Ameren Missouri,38.621,-90.209
MO,Ameren UE Sub Station,substation,,37.218,-89.523
MO,American Air Substation,substation,Evergy,39.298,-94.693
MO,Anheuser-Busch St. Louis Power Plant,plant,Anheuser-Busch Inc,38.597,-90.212
MO,Apache Flats Substation,substation,Ameren,38.576,-92.312
MO,Archie Substation,substation,Evergy,38.558,-94.356
MO,Arcola Substation,substation,KAMO Power,37.615,-93.854
MO,Arnold Substation,substation,Ameren Missouri,38.429,-90.411
MO,Asbury Substation,substation,Liberty Utilities,37.361,-94.592
MO,Ash Grove Substation,substation,KAMO Power,37.326,-93.551
MO,Ashley Energy,plant,Ashley Energy LLC,38.636,-90.181
MO,Ashley Street Power House,plant,,38.636,-90.181
MO,Atchison County Wind,plant,Ameren,40.52,-95.39
MO,Atchison Substation,substation,,40.525,-95.395
MO,Audobon Substation,substation,Ameren Missouri,38.624,-90.347
MO,Audrain Gas Power Plant,plant,Ameren,39.31,-91.537
MO,Aurora Substation,substation,,36.954,-93.718
MO,Avondale Substation,substation,Evergy,39.151,-94.549
MO,Bagnell Dam,plant,Ameren Missouri,38.203,-92.625
MO,Ballas Substation,substation,Ameren Missouri,38.639,-90.444
MO,Barnett Substation,substation,Associated Electric Cooperative,38.379,-92.606
MO,Barrett Station Substation,substation,Ameren Missouri,38.597,-90.473
MO,Barry Substation,substation,Evergy,39.262,-94.634
MO,Barton Substation,substation,Ameren Missouri,38.604,-90.205
MO,Bear Creek Substation,substation,Central Electric Co-Op,38.974,-92.326
MO,Belleau Substation,substation,Ameren Missouri,38.826,-90.681
MO,Belton City Substation,substation,Evergy,38.818,-94.535
MO,Belton South Substation,substation,Evergy,38.807,-94.511
MO,Belton Substation,substation,KAMO Power,38.807,-94.512
MO,Bentonville Substation,substation,KAMO Power,38.078,-93.461
MO,Berkeley Substation,substation,Ameren Missouri,38.758,-90.336
MO,Big Creek Substation,substation,Associated Electric Cooperative,38.878,-91.011
MO,Billings Northeast Substation,substation,,37.083,-93.53
MO,Birmingham Substation,substation,Evergy,39.163,-94.458
MO,BJH North Substation,substation,Ameren Missouri,38.638,-90.264
MO,Blackberry Substation,substation,Associated Electric Cooperative,37.332,-94.61
MO,Blackhawk Junction Substation,substation,,37.049,-93.23
MO,Bland Substation,substation,Ameren,38.385,-91.494
MO,Blue Bird Solar,plant,"Blue Bird Solar, LLC",38.917,-91.147
MO,Blue Mills Substation,substation,Evergy,39.161,-94.325
MO,Blue Ridge Mall,substation,Evergy,39.045,-94.448
MO,Blue Ridge Substation,substation,Columbia Water and Light,38.986,-92.29
MO,Blue Springs East Substation,substation,Evergy,39.009,-94.256
MO,Blue Springs South Substation,substation,Evergy,38.975,-94.261
MO,Blue Springs Substation,substation,Evergy,39.082,-94.279
MO,Blue Springs West Substation,substation,Evergy,39.015,-94.323
MO,Blue Valley Substation,substation,Evergy,39.105,-94.491
MO,Bluegrass Ridge wind farm,plant,"Wind Capital Holdings, LLC",40.09,-94.494
MO,Boyle Substation,substation,Ameren Missouri,38.633,-90.255
MO,Branson Northwest Substation,substation,,36.672,-93.258
MO,Branson Southwest Substation,substation,,36.633,-93.258
MO,Brentwood Substation,substation,Ameren Missouri,38.637,-90.345
MO,Brighton East,substation,Emprire District Electric,37.458,-93.308
MO,Brookline Substation,substation,Associated Electric Cooperative,37.171,-93.375
MO,Brunswick Substation,substation,Evergy,39.434,-93.156
MO,Brush Creek Transition Substation,substation,Evergy,39.038,-94.537
MO,Bugle Substation,substation,Ameren Missouri,38.68,-90.311
MO,Buick Mine Substation,substation,Ameren Missouri,37.606,-91.124
MO,Bundschu 1 Solar Farm,plant,Independence Power and Light,39.116,-94.288
MO,Bundschu 2 Solar Farm,plant,Independence Power and Light,39.116,-94.289
MO,Bunker Ridge Substation,substation,Evergy,38.946,-94.528
MO,Butler Municipal Power Plant,plant,City of Butler - (MO),38.265,-94.344
MO,Butler Solar Power Project,plant,MC Power Companies Inc,38.274,-94.353
MO,California Substation,substation,Ameren Missouri,38.631,-92.582
MO,Callaway Energy Center,plant,Ameren,38.763,-91.78
MO,Callaway Substation,substation,Ameren,38.759,-91.784
MO,Cambell Substation,substation,Ameren Missouri,38.694,-90.212
MO,Camp Clark Substation,substation,KAMO Power,37.78,-94.274
MO,Cape Girardeau Renewable Energy Center,plant,Union Electric Co - (MO),37.32,-89.526
MO,Cape Girardeau Substation,substation,Ameren,37.257,-89.566
MO,Carl Junction Northeast Substation,substation,,37.187,-94.542
MO,Carrollton Power Plant,plant,Carrollton Board of Public Wks,39.352,-93.503
MO,Carrollton Substation,substation,Evergy,39.389,-93.475
MO,Carthage Northwest Substation,substation,,37.181,-94.319
MO,Carthage Power Plant,plant,City of Carthage - (MO),37.176,-94.299
MO,Cass Substation,substation,Ameren Missouri,38.642,-90.214
MO,Castlewood Substation,substation,Ameren Missouri,38.569,-90.544
MO,Catalan Substation,substation,Ameren Missouri,38.539,-90.267
MO,Cement City Substation,substation,Evergy,39.144,-94.417
MO,Central Substation,substation,City of Harrisonville Electric Department,38.658,-94.348
MO,Chamois,substation,,38.684,-91.755
MO,Charlotte Substation,substation,Evergy,39.106,-94.573
MO,Chesapeake Substation,substation,,37.128,-93.691
MO,Chillicothe Power Plant,plant,Chillicothe Municipal Utils,39.783,-93.564
MO,Chillicothe Solar Farm,plant,MC Power Companies,39.788,-93.536
MO,Chouteau Substation,substation,Evergy,39.134,-94.527
MO,City of California Substation #5,substation,City of California,38.631,-92.582
MO,City of West Plains Power Station,plant,City of West Plains - (MO),36.75,-91.867
MO,Clarence Cannon Power Plant,plant,USCE-St Louis District,39.525,-91.644
MO,Clay Substation,substation,,37.154,-93.223
MO,Claycomo Substation,substation,Evergy,39.203,-94.484
MO,Clear Creek Wind,substation,Tenaska,40.433,-94.889
MO,Clear Creek Wind,plant,"Clear Creek Wind, LLC",40.484,-94.923
MO,Clever Substation,substation,Southwestern Power Administration,37.038,-93.446
MO,Clinton 161 Substation,substation,KAMO Power,38.389,-93.761
MO,Clinton 161 Substation,substation,Evergy,38.389,-93.76
MO,Clinton 69 Substation,substation,KAMO Power,38.389,-93.762
MO,Cliquat Substation,substation,KAMO Power,37.669,-93.486
MO,Cole Camp City Substation,substation,Evergy,38.462,-93.209
MO,Cologne Substation,substation,Ameren Missouri,38.577,-90.273
MO,Columbia Energy Center,plant,City of Columbia - (MO),39.019,-92.263
MO,Columbia Municipal Gas Power Plant,plant,City of Columbia - (MO),38.966,-92.317
MO,Conception Wind Farm,plant,"CR Clearing, LLC",40.221,-94.676
MO,Connecticut Substation,substation,Ameren Missouri,38.603,-90.272
MO,Cook Substation,substation,Evergy,39.807,-94.836
MO,Cow Branch Wind Power,plant,"Cow Branch Wind Power, LLC",40.453,-95.468
MO,Cox Substation,substation,,37.135,-93.325
MO,Crosstown Substation,substation,Evergy,39.091,-94.576
MO,Dadeville East Substation,substation,,37.479,-93.625
MO,Dale Substation,substation,Ameren Missouri,38.628,-90.321
MO,Dewing Substation,substation,Rolla Municipal Utilities,37.922,-91.729
MO,Dogwood Energy Facility,plant,"Dogwood Power Management, LLC",38.793,-94.301
MO,Dorcas Substation,substation,Ameren Missouri,38.597,-90.208
MO,Dorsett Substation,substation,Ameren Missouri,38.714,-90.425
MO,Duchesne substation,substation,Ameren,38.798,-90.502
MO,Duncan Substation,substation,Ameren Missouri,38.635,-90.256
MO,Duncan Substation,substation,Evergy,39.034,-94.228
MO,Dyer Substation,substation,Ameren Missouri,38.691,-90.385
MO,East Side Substation,substation,Evergy,39.772,-94.795
MO,Eastowne Substation,substation,Evergy,39.735,-94.761
MO,Eckles Road Substation,substation,Independence Power & Light,39.171,-94.241
MO,Edmond Street Substation,substation,Evergy,39.766,-94.859
MO,El Dorado Springs Solar Farm,plant,MC Power Companies,37.859,-94.003
MO,Eldon Substation,substation,Ameren,38.366,-92.607
MO,Ellendale Substation,substation,Ameren Missouri,38.613,-90.309
MO,Empire Energy Center,plant,Empire District Electric Company,37.139,-94.104
MO,Enon Substation,substation,Associated Electric Cooperative,38.869,-90.815
MO,Envoy Solar,plant,"Birch Creek Power, LLC",39.156,-91.849
MO,Essex Power Station,plant,"Associated Electric Coop, Inc",36.868,-89.84
MO,Essex Substation,substation,Associated Electric Cooperative,36.868,-89.84
MO,Evergy Northeast Power Plant,plant,Evergy,39.122,-94.56
MO,Evergy Raytown #2,substation,Evergy,39.036,-94.429
MO,Fairgrounds Power Plant,plant,Ameren,38.594,-92.221
MO,Fairport Substation,substation,Associated Electric Cooperative,40.006,-94.342
MO,Farmers City wind farm,plant,Avangrid Renewables LLC,40.553,-95.455
MO,Farmington Solar Farm,plant,MC Power Companies,37.756,-90.426
MO,Ferrelview Substation,substation,Evergy,39.313,-94.668
MO,Finn Substation,substation,Ameren Missouri,39.657,-91.367
MO,FIXME Substation,substation,KAMO Power,37.405,-93.933
MO,FIXME Substation,substation,KAMO Power,37.845,-93.426
MO,FIXME Substation,substation,KAMO Power,37.906,-93.277
MO,FIXME Substation,substation,KAMO Power,38.112,-92.912
MO,FIXME Substation,substation,KAMO Power,38.15,-93.012
MO,FIXME Substation,substation,Central Electric Power Co-Op,38.159,-92.776
MO,FIXME Substation,substation,KAMO Power,38.192,-93.072
MO,FIXME Substation,substation,KAMO Power,38.204,-93.323
MO,FIXME Substation,substation,KAMO Power,38.205,-93.296
MO,FIXME Substation,substation,Central Electric Power Co-Op,38.241,-92.846
MO,FIXME Substation,substation,KAMO Power,38.255,-94.365
MO,FIXME Substation,substation,Central Electric Power Co-Op,38.275,-92.959
MO,FIXME Substation,substation,Central Electric Power Co-op,38.3,-93.262
MO,FIXME Substation,substation,KAMO Power,38.396,-94.418
MO,FIXME Substation,substation,Central Electric Power Cooperative,38.411,-93.032
MO,FIXME Substation,substation,Evergy,38.465,-93.275
MO,FIXME Substation,substation,KAMO Power,38.529,-94.251
MO,FIXME Substation,substation,KAMO Power,38.589,-94.436
MO,FIXME Substation,substation,KAMO Power,38.619,-94.321
MO,FIXME Substation,substation,Ameren,38.645,-92.669
MO,FIXME Substation,substation,Ameren,38.654,-92.787
MO,FIXME Substation,substation,KAMO Power,38.674,-94.277
MO,FIXME Substation,substation,Ameren,38.683,-93.092
MO,FIXME Substation,substation,Ameren,38.697,-93.002
MO,FIXME Substation,substation,Evergy,38.702,-93.26
MO,FIXME Substation,substation,Evergy,38.703,-93.224
MO,FIXME Substation,substation,Evergy,38.717,-93.273
MO,FIXME Substation,substation,,38.921,-91.461
MO,FIXME Substation,substation,Ameren,38.958,-92.735
MO,FIXME Substation,substation,Central Electric Power Co-Op,39.025,-91.919
MO,Florissant Substation,substation,Ameren Missouri,38.801,-90.332
MO,Folsom Substation,substation,Ameren Missouri,38.621,-90.251
MO,Forest Substation,substation,Evergy,39.016,-94.574
MO,Foxboro Substation,substation,Ameren Missouri,38.637,-90.393
MO,Franks Substation,substation,Associated Electric Cooperative,37.952,-92.03
MO,Fredericktown Energy Center,plant,Missouri Jnt Muni.Pwr Elec. Ut. Comm.,37.572,-90.317
MO,Fredericktown M&A Substation,substation,Associated Electric Cooperative,37.475,-90.117
MO,Fredericktown Substation,substation,Ameren,37.584,-90.287
MO,Freeman Substation,substation,Evergy,38.621,-94.5
MO,Frost Road Substation,substation,Evergy,38.977,-94.433
MO,Fulton (MO),plant,City of Fulton - (MO),38.868,-91.948
MO,Gimblin Substation,substation,Ameren Missouri,38.717,-90.228
MO,Gladstone Substation,substation,Evergy,39.223,-94.555
MO,Glasgow Substation,substation,Evergy,39.229,-92.846
MO,Golden 69 Substation,substation,City Utilities of Springfield,37.163,-93.341
MO,Graham Substation,substation,Ameren Missouri,38.628,-90.291
MO,Grain Valley Substation,substation,Evergy,38.997,-94.191
MO,Grand Avenue Plant,plant,Veolia Energy,39.112,-94.581
MO,Grand Avenue Substation,substation,Evergy,39.112,-94.58
MO,Grand Avenue West Substation,substation,Evergy,39.111,-94.582
MO,Grandview City Substation,substation,Evergy,38.883,-94.527
MO,Grandview East Substation,substation,Evergy,38.878,-94.504
MO,Grandview West Substation,substation,Evergy,38.877,-94.555
MO,Gray Summit Substation,substation,,38.499,-90.88
MO,Gray Summit Substation,substation,Ameren,38.5,-90.88
MO,Greenfield Substation,substation,KAMO Power,37.391,-93.797
MO,Greenwood Energy Center,plant,Evergy,38.862,-94.298
MO,Greenwood Solar,plant,Evergy,38.863,-94.297
MO,Greenwood Substation,substation,Evergy,38.86,-94.297
MO,Gretna Substation,substation,,36.648,-93.274
MO,Grove Substation,substation,Rolla Municipal Utilities,37.986,-91.725
MO,Guinotte Transition Substation,substation,Evergy,39.118,-94.557
MO,Gustine Substation,substation,Ameren Missouri,38.578,-90.256
MO,Hallmark Substation,substation,Evergy,39.267,-94.406
MO,Hardy Solar Farm,plant,Independence Power and Light,39.071,-94.459
MO,Harris Road Substation,substation,Evergy,38.836,-94.292
MO,Harrisonville Substation,substation,Evergy,38.619,-94.321
MO,Harrisonville Switching Station,substation,Evergy,38.631,-94.302
MO,Harry Truman Power Plant,plant,USCE-Kansas City District,38.262,-93.406
MO,Hawthorn Solar,plant,Evergy,39.133,-94.486
MO,Hawthorn Station,plant,Evergy,39.128,-94.48
MO,Hawthorn Substation,substation,Evergy,39.13,-94.48
MO,Hayti North,substation,,36.22,-89.756
MO,Hayti South,substation,,36.219,-89.756
MO,Heritage Substation,substation,Ameren,37.311,-89.635
MO,Hickman Substation,substation,Evergy,38.916,-94.534
MO,Hickory Hill Substation,substation,Central Electric Power Cooperative,38.415,-92.381
MO,Hickory Substation,substation,Ameren Missouri,38.623,-90.23
MO,Higginsville Power Plant,plant,City of Higginsville - (MO),39.074,-93.714
MO,Higginsville Solar Farm,plant,MC Power Companies,39.002,-93.727
MO,High Prairie Wind Farm,plant,Ameren,40.372,-92.454
MO,Highway M Substation,substation,City Utilities of Springield,37.138,-93.263
MO,Hitt Substation,substation,Ameren,37.309,-89.632
MO,Holden Gen Substation,substation,Evergy,38.753,-93.998
MO,Holden Power Plant,plant,"Assosciated Electric Cooperative, Inc.",38.754,-93.998
MO,Holland,substation,,37.169,-93.287
MO,Hollister East Substation,substation,,36.624,-93.193
MO,Holt,substation,,39.435,-94.336
MO,Honeywell Substation,substation,Evergy,38.866,-94.556
MO,Hook Road Substation,substation,Evergy,38.865,-94.378
MO,Huben Substation,substation,Associated Electric Cooperative,37.583,-92.763
MO,Huck Finn Renewable Energy Center,plant,Union Electric Co - (MO),39.319,-91.552
MO,Hudlin Park Substation,substation,Ameren Missouri,38.633,-90.265
MO,Hunter Substation,substation,Ameren Missouri,38.651,-90.35
MO,Huster Substation,substation,Ameren Missouri,38.822,-90.53
MO,Iatan 161kV Substation,substation,Evergy,39.451,-94.976
MO,Iatan 345kV Substation,substation,Evergy,39.45,-94.977
MO,Iatan Generating Station,plant,Evergy,39.463,-94.986
MO,Iconium Substation,substation,KAMO Power,38.111,-93.548
MO,Idalia Substation,substation,Southwestern Power Administration,36.871,-89.855
MO,Independence Water Substation,substation,Independence Power & Light,39.159,-94.4
MO,Industrial Park Substation,substation,Rolla Municipal Utilities,37.983,-91.725
MO,Industrial Park Substation,substation,Evergy,39.725,-94.781
MO,Industrial Park Substation,substation,Evergy,39.725,-94.779
MO,IP&L Substation A,substation,Independence Power & Light,39.092,-94.327
MO,IP&L Substation B,substation,Independence Power & Light,39.08,-94.423
MO,IP&L Substation C,substation,Independence Power & Light,39.063,-94.42
MO,IP&L Substation E,substation,Independence Power & Light,39.06,-94.452
MO,IP&L Substation F,substation,Independence Power & Light,39.108,-94.465
MO,IP&L Substation H,substation,Independence Power & Light,39.106,-94.38
MO,IP&L Substation I,substation,Independence Power & Light,39.056,-94.393
MO,IP&L Substation J,substation,Independence Power & Light,39.095,-94.412
MO,IP&L Substation K,substation,Independence Power & Light,39.052,-94.359
MO,IP&L Substation M,substation,Independence Power & Light,39.096,-94.388
MO,IP&L Substation N,substation,Independence Power & Light,39.053,-94.454
MO,IP&L Substation P,substation,Independence Power & Light,39.077,-94.368
MO,IP&L Substation R,substation,Independence Power & Light,39.036,-94.375
MO,Ivory Substation,substation,Ameren Missouri,38.655,-90.281
MO,Jackson Square Power Plant,plant,City of Independence - (MO),39.095,-94.411
MO,James Power Plant Substation,substation,,37.11,-93.26
MO,James River Power Station,plant,City Utilities of Springfield - (MO),37.107,-93.262
MO,Jasper Substation,substation,,37.326,-94.339
MO,Jasper West,substation,,37.316,-94.337
MO,Jefferson City Zion Substation,substation,Ameren,38.548,-92.234
MO,Jim Hill,substation,,36.465,-90.116
MO,Joachim Substation,substation,Ameren,38.214,-90.451
MO,John Twitty Energy Center,plant,City Utilities of Springfield,37.147,-93.39
MO,Joplin Fir Road Substation,substation,,37.142,-94.523
MO,Junction,substation,City Utilities of Springfield,37.217,-93.362
MO,KC South Substation,substation,Evergy,38.931,-94.452
MO,KCI Substation,substation,Evergy,39.313,-94.711
MO,KCP&L SmartGrid Innovation Park,plant,Evergy,39.04,-94.571
MO,Kearney,substation,,39.347,-94.332
MO,Kelso Solar,plant,"Kelso Solar, LLC",37.041,-89.545
MO,Kelso Substation,substation,Ameren,37.179,-89.534
MO,Kennett Power Plant,plant,City of Kennett - (MO),36.233,-90.052
MO,Kennett Substation,substation,Southwestern Power Administration,36.272,-90.05
MO,Ketchum Substation,substation,Transource Energy,39.84,-94.492
MO,Kickapoo Substation,substation,City Utilities of Springfield,37.153,-93.286
MO,Kingdom Substation,substation,Central Electric Power Co-Op,38.926,-91.949
MO,Kings Point Wind Energy Center,plant,Empire District Electric Co,37.287,-94.034
MO,Kingsville Rural Substation,substation,Evergy,38.788,-94.089
MO,Labadie Energy Center,plant,Ameren,38.557,-90.835
MO,Labadie Substation,substation,Ameren,38.564,-90.835
MO,Laclede Substation,substation,Ameren Missouri,38.635,-90.24
MO,Lake City Sub J,substation,Evergy,39.104,-94.267
MO,Lake City Sub K,substation,Evergy,39.082,-94.259
MO,Lake Road (MO) Generating Station,plant,Evergy,39.724,-94.879
MO,Lake Road Substation,substation,Evergy,39.726,-94.878
MO,Lake Winnebago Substation,substation,Evergy,38.833,-94.349
MO,Lakewood Substation,substation,Evergy,39.012,-94.388
MO,Lamar Substation,substation,KAMO Power,37.503,-94.268
MO,Lanning Substation,substation,Rolla Municipal Utilities,37.932,-91.776
MO,Lathrop,substation,NW Electric Power Cooperative,39.527,-94.338
MO,Lathrop Load,substation,,39.528,-94.338
MO,Lebanon Solar Farm,plant,MC Power Companies,37.668,-92.67
MO,Lee's Summit East Substation,substation,Evergy,38.908,-94.317
MO,Leeds Substation,substation,Evergy,39.049,-94.497
MO,Lemay Substation,substation,Ameren Missouri,38.549,-90.285
MO,Lesperance Substation,substation,Ameren Missouri,38.606,-90.201
MO,Levee Substation,substation,Evergy,39.133,-94.482
MO,Lexington 69 Substation,substation,Evergy,39.18,-93.886
MO,Lexington Substation,substation,Evergy,39.159,-93.894
MO,Liberty MPS Substation,substation,Evergy,39.237,-94.43
MO,Liberty South,substation,Evergy,39.215,-94.432
MO,Liberty West Substation,substation,Evergy,39.282,-94.474
MO,Line Creek Substation,substation,Evergy,39.212,-94.627
MO,Loess Hills Wind Farm,plant,Loess Hills Wind Farm LLC,40.411,-95.538
MO,Loma Vista Substation,substation,Evergy,38.963,-94.511
MO,Longview Substation,substation,Evergy,38.904,-94.404
MO,Loose Creek Substation,substation,Ameren,38.473,-91.883
MO,Lost Creek Wind Energy Facility,plant,Pattern Operators LP,39.989,-94.509
MO,Lutesville Substation,substation,Ameren,37.258,-89.836
MO,Macklind Substation,substation,Ameren Missouri,38.622,-90.277
MO,Macon Solar Farm,plant,MC Power Companies,39.764,-92.456
MO,Magnolia Substation,substation,Ameren Missouri,38.603,-90.228
MO,Maline Substation,substation,Ameren Missouri,38.739,-90.222
MO,Malta Bend Substation,substation,Evergy,39.198,-93.389
MO,Maplewood Substation,substation,Ameren Missouri,38.605,-90.327
MO,Mariosa Delta Substation,substation,Ameren,38.55,-92.036
MO,Marshall Municipal Steam Plant (MO),plant,City of Marshall - (MO),39.122,-93.206
MO,Marshall Solar Farm,plant,MC Power Companies,39.095,-93.211
MO,Marshall Substation,substation,Ameren Missouri,38.563,-90.455
MO,Martin City East Substation,substation,Evergy,38.878,-94.581
MO,Martin City Substation,substation,Evergy,38.88,-94.598
MO,Maryland Heights Renewable Energy Center,plant,Ameren Missouri,38.741,-90.458
MO,Maryville Substation,substation,Evergy,40.346,-94.848
MO,Mason Substation,substation,Ameren Missouri,38.686,-90.474
MO,Maurer Lake Substation,substation,Ameren,39.326,-94.228
MO,Maywood Substation,substation,Ameren,39.837,-91.595
MO,McCartney Power Plant,plant,City Utilities of Springfield - (MO),37.249,-93.17
MO,McCausland Substation,substation,Ameren Missouri,38.632,-90.304
MO,McCredie Substation,substation,Associated Electric Cooperative,38.98,-91.98
MO,McKinley Substation,substation,Ameren Missouri,38.634,-90.262
MO,McPherson Substation,substation,Ameren Missouri,38.649,-90.261
MO,Mentor Substation,substation,,37.118,-93.198
MO,Meremac Substation,substation,Ameren Missouri,38.403,-90.335
MO,Metz Substation,substation,,37.844,-94.328
MO,Mexico Power Plant,plant,Ameren,39.148,-91.831
MO,Miami Substation,substation,Marshall Municipal Utilities,39.123,-93.208
MO,Mid Rivers Substation,substation,Ameren Missouri,38.758,-90.635
MO,Mid Rivers Substation,substation,Ameren,38.832,-90.701
MO,Midtown Substation,substation,Evergy,39.039,-94.571
MO,Midway Substation,substation,Evergy,40.128,-94.86
MO,Mill Substation,substation,,37.18,-93.226
MO,Miner Substation,substation,Ameren,36.905,-89.523
MO,Missouri Central Substation,substation,Ameren Missouri,38.631,-90.238
MO,Missouri City Substation,substation,NW Electric Power Cooperative,39.232,-94.309
MO,MLK Substation,substation,Ameren Missouri,38.637,-90.206
MO,Moberly Power Plant,plant,Ameren,39.424,-92.485
MO,Moberly Substation,substation,Ameren,39.424,-92.484
MO,Mochila Substation,substation,Evergy,39.736,-94.847
MO,Monett Substation,substation,,36.975,-93.916
MO,Montgomery County Community Solar Center,plant,Union Electric Co - (MO),38.892,-91.424
MO,Montgomery Substation,substation,Ameren,38.922,-91.46
MO,Moran Substation,substation,Associated Electric Cooperative,37.05,-89.662
MO,Moreau Power Plant,plant,Ameren,38.556,-92.103
MO,Morgan Substation,substation,Associated Electric Cooperative,37.49,-93.621
MO,Morris Solar,plant,AES,40.132,-92.557
MO,Mt. Hulda Substation,substation,Central Electric Power Cooperative,38.338,-93.156
MO,MU Combined Heat and Power Plant,plant,University of Missouri,38.947,-92.333
MO,Mullanphy Substation,substation,,38.641,-90.189
MO,Mullin Creek Substation,substation,Transource Energy,40.227,-94.872
MO,Nashua Substation,substation,Evergy,39.331,-94.58
MO,Navy Substation,substation,Evergy,39.112,-94.583
MO,Nevada Generating Station,plant,Evergy,37.856,-94.378
MO,Nevada Substation,substation,Evergy,37.856,-94.379
MO,New Madrid Power Plant,plant,"Associated Electric Coop, Inc",36.519,-89.566
MO,New Madrid Solar,plant,"New Madrid Solar, LLC",36.526,-89.641
MO,New Madrid Substation,substation,Associated Electric Cooperative,36.516,-89.568
MO,Nichols,substation,,37.22,-93.326
MO,Nichols,substation,,37.22,-93.325
MO,Nixa North Substation,substation,Empire,37.054,-93.295
MO,Nixa Solar Farm,plant,MC Power Companies,37.042,-93.34
MO,Nixa Substation,substation,Southwestern Power Administration,37.045,-93.338
MO,Nodaway Power Plant,plant,"Associated Electric Coop, Inc",40.288,-94.791
MO,North Broadway Substation,substation,Ameren Missouri,38.636,-90.185
MO,North Congress Substation,substation,Evergy,39.29,-94.667
MO,North Farmington Substation,substation,Ameren,37.803,-90.423
MO,North Fork Ridge Wind Energy Center,plant,Empire District Electric Co,37.416,-94.479
MO,North Kansas City Substation,substation,Evergy,39.126,-94.577
MO,North Park Substation,substation,Ameren Missouri,38.729,-90.329
MO,North Reeds Spring Substation,substation,,36.729,-93.399
MO,North Substation,substation,City of Harrisonville Electric Department,38.666,-94.365
MO,Northeast Power Plant,substation,Evergy,39.122,-94.56
MO,Northwest Electric Poer Cooperative Substation,substation,Northwest Electric Power Co-Op,39.062,-94.129
MO,Norton Substation,substation,Associated Electric Cooperative,39.184,-93.135
MO,Norton Substation,substation,Evergy,39.185,-93.135
MO,Nucor Substation,substation,Evergy,38.731,-93.219
MO,O'Fallon Renewable Energy Center,plant,Ameren,38.827,-90.678
MO,Oak Grove Substation,substation,Northwest Power Coop,38.996,-94.087
MO,Oak Grove Substation,substation,Evergy,38.999,-94.149
MO,Oakland North Substation,substation,,37.116,-94.47
MO,Odessa Substation,substation,Evergy,38.989,-93.967
MO,Oklahoma Substation,substation,KAMO Power,38.699,-94.447
MO,Olive Substation,substation,Rolla Municipal Utilities,37.95,-91.769
MO,Oran Substation,substation,Ameren,37.072,-89.639
MO,Osborn,substation,NW Electric Power Cooperative,39.756,-94.307
MO,Osborn Wind Energy,substation,,39.842,-94.491
MO,Osborn Wind Energy,plant,NextEra Energy,39.842,-94.451
MO,Osceola Substation,substation,Evergy,38.039,-93.675
MO,Overton 161kV Substation,substation,Ameren,38.923,-92.574
MO,Overton 345kV Substation,substation,Ameren,38.924,-92.575
MO,Ozark Beach Power Plant,plant,Empire District Electric Co,36.659,-93.123
MO,Ozark Dam Substation,substation,,36.658,-93.122
MO,Ozark Northwest Substation,substation,,37.023,-93.223
MO,Ozark South Substation,substation,Empire,36.979,-93.21
MO,Ozark Southeast Substation,substation,,37.001,-93.204
MO,Page Substation,substation,Ameren Missouri,38.675,-90.298
MO,Palmyra Substation,substation,Associated Electric Cooperative,39.837,-91.551
MO,Peculiar 345kV Substation,substation,Evergy,38.749,-94.495
MO,Peculiar South Substation,substation,Evergy,38.725,-94.483
MO,Peno Creek Power Plant,plant,Ameren,39.353,-91.229
MO,Pershall Substation,substation,Ameren Missouri,38.774,-90.333
MO,Pittsville Substation,substation,NW Power Coop,38.996,-94.087
MO,Plainview Substation,substation,,37.117,-93.295
MO,Platte City Substation,substation,Evergy,39.365,-94.724
MO,Pleasant Hill Substation,substation,Evergy,38.796,-94.3
MO,Pleasant Hill Switching Station,substation,Evergy,38.786,-94.277
MO,Plummer Substation,substation,Evergy,39.208,-94.46
MO,Point Prairie Substation,substation,Ameren,38.87,-90.897
MO,Pope Lane Substation,substation,Evergy,39.407,-94.583
MO,Poplar Bluff Generating Station,plant,City of Poplar Bluff - (MO),36.76,-90.39
MO,Poplar Bluff Substation,substation,Southwestern Power Administration,36.792,-90.426
MO,Poplar Substation,substation,Ameren Missouri,38.624,-90.199
MO,Potomac Substation,substation,Ameren Missouri,38.594,-90.241
MO,Prairie Lee Substation,substation,Evergy,38.944,-94.304
MO,Prospect Substation,substation,Ameren Missouri,38.63,-90.237
MO,Prosperity Solar Farm CSG,plant,Empire District Electric Co,37.128,-94.432
MO,Purcell Southwest Substation,substation,,37.239,-94.447
MO,Ralph Green Power Plant,plant,Evergy,38.788,-94.278
MO,Randolph Substation,substation,Ameren,38.806,-90.49
MO,Randolph Substation,substation,Evergy,39.153,-94.495
MO,Raymore North Substation,substation,Evergy,38.844,-94.456
MO,Raymore Substation,substation,Evergy,38.783,-94.459
MO,Raytown #1 Substation,substation,Evergy,39.014,-94.444
MO,Rebel Hill Substation,substation,Columbia Water and Light,38.95,-92.279
MO,Renewable Energy Center at BJH,plant,Ameren Missouri,38.636,-90.258
MO,Republic East Substation,substation,,37.115,-93.463
MO,Republic Hines Street Substation,substation,,37.126,-93.447
MO,Republic North Substation,substation,,37.159,-93.424
MO,Richards Gebaur AFB #2 Substation,substation,Evergy,38.83,-94.543
MO,Richmond Substation,substation,Evergy,39.272,-93.964
MO,River Roads Substation,substation,Ameren Missouri,38.731,-90.246
MO,Rivermines Substation,substation,Ameren,37.843,-90.524
MO,Riverside Substation,substation,,36.599,-93.262
MO,Riverside Substation,substation,Evergy,39.169,-94.622
MO,Roanridge Substation,substation,Evergy,39.277,-94.647
MO,Roark Creek Substation,substation,,36.694,-93.315
MO,Rock Creek Wind Project,plant,"Enel Green Power NA, Inc.",40.445,-95.244
MO,Rocky Mountain Express (REX),substation,NW Electric Power Cooperative,39.61,-94.322
MO,Rolla Solar Farm,plant,MC Power Companies,37.986,-91.717
MO,Rootbeer Substation,substation,,38.905,-91.209
MO,Rudder Substation,substation,Ameren Missouri,38.546,-90.44
MO,Rush Island Station,substation,Ameren,38.133,-90.266
MO,Russell Substation,substation,Ameren Missouri,38.602,-90.2
MO,Salisbury Substation,substation,Evergy,39.407,-92.851
MO,Sedalia,substation,,37.333,-93.313
MO,Sedalia,substation,Empire District,37.333,-93.313
MO,Sedalia East Substation,substation,Evergy,38.724,-93.204
MO,Sedalia Substation,substation,Central Electric Power Co-op,38.668,-93.312
MO,Sedalia West Substation,substation,Evergy,38.703,-93.282
MO,Shaw Substation,substation,,38.985,-92.209
MO,Sheel Knob Substation,substation,Carroll Electric Cooperative,36.606,-93.612
MO,Shelbina Power #3,plant,City of Shelbina - (MO),39.697,-92.053
MO,Sheron Substation,substation,Rolla Municipal Utilities,37.937,-91.758
MO,Shoal Creek Substation,substation,Evergy,39.247,-94.52
MO,Sibley Plant Substation,substation,Evergy,39.177,-94.185
MO,Sibley Substation,substation,Evergy,39.169,-94.164
MO,Sikeston BMU,plant,City of Sikeston - (MO),36.878,-89.617
MO,Smithville Substation,substation,Evergy,39.362,-94.586
MO,South Broadway Substation,substation,Ameren Missouri,38.618,-90.193
MO,South Harper,plant,Evergy,38.68,-94.483
MO,South Harper Substation,substation,Evergy,38.68,-94.484
MO,South Highway 65 Substation,substation,City Utilities of Springfield,37.159,-93.262
MO,South Reeds Spring Substation,substation,,36.706,-93.37
MO,South Substation,substation,City of Harrisonville Electric Department,38.646,-94.348
MO,South Waverly Substation,substation,Evergy,39.162,-93.521
MO,Southtown Substation,substation,Evergy,38.97,-94.575
MO,Southwest Disposal Substation,substation,,37.15,-93.373
MO,Southwest Substation,substation,,37.152,-93.386
MO,Spencer Creek Substation,substation,Ameren,39.311,-91.535
MO,Springfield Solar Farm,plant,City Utilities of Springfield,37.246,-93.167
MO,St Francis Energy Facility,plant,"Associated Electric Coop, Inc",36.586,-90.177
MO,St Joseph Landfill Generating Station,plant,Evergy,39.674,-94.775
MO,St. Francois Substation,substation,Ameren,37.947,-90.455
MO,St. Joseph Substation,substation,Evergy,39.844,-94.795
MO,St. Louis Zoo Substation,substation,Ameren Missouri,38.633,-90.29
MO,Staley Road Substation,substation,Evergy,39.282,-94.556
MO,State Line Combined Cycle Gas Power Plant,plant,Empire District Electric Co,37.066,-94.614
MO,Station H Power Plant,plant,City of Independence - (MO),39.107,-94.38
MO,Station I Power Plant,plant,Independence Power and Light,39.056,-94.393
MO,Stockton Hydro,plant,USCE-Kansas City District,37.694,-93.769
MO,Stockton Substation,substation,,37.695,-93.771
MO,Stoddard Substation,substation,Ameren,36.865,-89.83
MO,Strother Road Substation,substation,Evergy,38.966,-94.367
MO,Sub Station 1,substation,,37.864,-94.021
MO,Substation,substation,,38.772,-90.583
MO,Substation,substation,Ameren,38.979,-92.724
MO,Sugar Creek Substation,substation,Kirkwood Electric,38.576,-90.434
MO,Sugar Creek Substation,substation,Evergy,39.108,-94.446
MO,Sulphur Substation,substation,Ameren Missouri,38.608,-90.291
MO,Summerset,substation,,39.392,-94.332
MO,Sweet Springs Substation,substation,Evergy,38.973,-93.419
MO,Swope Substation,substation,Evergy,39.015,-94.511
MO,Table Rock Dam Power Station,substation,,36.597,-93.308
MO,Table Rock Station,plant,USCE-Little Rock District,36.596,-93.31
MO,Table Rock Substation,substation,"Southwestern Power Administration, U.S. Department of Energy",37.162,-93.339
MO,Taum Sauk Hydroelectric Power Station,plant,Ameren,37.521,-90.835
MO,Tenbrook Substation,substation,Ameren Missouri,38.437,-90.358
MO,Terrace Substation,substation,Evergy,39.091,-94.6
MO,Thomas Hill 161kV Substation,substation,Ameren,39.548,-92.639
MO,Thomas Hill 345kV Substation,substation,Ameren,39.545,-92.641
MO,Thomas Hill Energy Center,plant,"Associated Electric Coop, Inc",39.549,-92.631
MO,Tiffany Substation,substation,Evergy,39.261,-94.667
MO,Tomahawk Substation,substation,Evergy,38.942,-94.603
MO,Trenton Solar Farm,plant,MC Power Comapnies,40.116,-93.612
MO,Trenton South Power Plant,plant,Trenton Municipal Utilities - (MO),40.067,-93.604
MO,Trigen St. Louis,substation,,38.637,-90.183
MO,Troost Substation,substation,Evergy,39.073,-94.57
MO,Truman Lake Substation,substation,Central Electric Power Co-op,38.261,-93.407
MO,Truman Solar,plant,"Truman Solar, LLC",38.957,-92.243
MO,Turner Road Substation,substation,Evergy,38.824,-94.529
MO,Turney,substation,,39.601,-94.319
MO,Twin Oaks Substation,substation,,37.135,-93.289
MO,Tyson Substation,substation,Ameren Missouri,38.495,-90.509
MO,Unionville Power Plant,plant,"Associated Electric Coop, Inc",40.46,-93.022
MO,Unionville Substation,substation,,40.459,-93.022
MO,University Substation,substation,Ameren Missouri,38.633,-90.232
MO,Vessel Substation,substation,Ameren Missouri,38.431,-90.355
MO,Veterans Hospital Substation,substation,Ameren Missouri,38.644,-90.233
MO,Viaduct Substation,substation,Ameren,37.257,-89.564
MO,Viola Substation,substation,Carroll Electric Cooperative,36.579,-93.587
MO,Vista Substation,substation,Ameren Missouri,38.624,-90.243
MO,Waldron Substation,substation,Ameren Missouri,38.671,-90.325
MO,Waldron Substation,substation,Evergy,39.224,-94.77
MO,Warrensburg East Substation,substation,Evergy,38.766,-93.703
MO,Warrenton Substation,substation,Ameren,38.896,-91.137
MO,Warsaw #2 Substation,substation,Evergy,38.248,-93.36
MO,Warsaw Substation,substation,Evergy,38.267,-93.364
MO,Warson Substation,substation,Ameren Missouri,38.687,-90.403
MO,WashU Genome Substation,substation,Ameren Missouri,38.636,-90.256
MO,WashU Mid-Campus Substation,substation,Ameren Missouri,38.636,-90.261
MO,Watson Substation,substation,Ameren Missouri,38.588,-90.32
MO,Waynesville Solar Farm,plant,MC Power Companies,37.805,-92.253
MO,Weatherby Substation,substation,Evergy,39.213,-94.69
MO,Wedekind Substation,substation,Ameren,37.351,-89.608
MO,West Plains Solar I,plant,"Evergy, Inc.",36.785,-91.871
MO,West University Substation,substation,,37.2,-93.285
MO,Western Electric Substation,substation,Evergy,38.93,-94.389
MO,Weston Substation,substation,Evergy,39.428,-94.9
MO,White Cloud Wind Project,plant,"White Cloud Wind Project, LLC",40.241,-94.973
MO,White Cloud Wind Project,substation,Enel Green Power,40.279,-94.971
MO,Whiteman AFB West,substation,Evergy,38.734,-93.577
MO,Whiteman AFT East,substation,Evergy,38.733,-93.565
MO,Wildwood Substation,substation,Ameren Missouri,38.607,-90.648
MO,Windsor Substation,substation,Evergy,38.52,-93.521
MO,Woodbine Substation,substation,Evergy,39.809,-94.794
MO,Zachary Substation,substation,Ameren,40.152,-92.599
MS,28th Street Substation,substation,Mississippi Power,31.31,-89.332
MS,29th Street Substation,substation,Mississippi Power,30.372,-89.096
MS,40th Street Substation,substation,Mississippi Power,32.4,-88.721
MS,47th Avenue Substation,substation,Mississippi Power,32.363,-88.726
MS,A Street Substation,substation,Mississippi Power,32.36,-88.698
MS,Aberdeen Substation,substation,,33.817,-88.539
MS,Ackerman Combined Cycle Plant,plant,Tennessee Valley Authority,33.38,-89.209
MS,Ackerman Substation,substation,,33.328,-89.177
MS,Adaton Substation,substation,4-County Electric Power Association,33.466,-88.903
MS,Agricola Substation,substation,Cooperative Energy,30.82,-88.517
MS,Airport Substation,substation,Entergy Mississippi,32.283,-90.091
MS,Amory Substation,substation,Monroe County Electric Power Association,34.024,-88.396
MS,Arlington Substation,substation,,31.422,-90.587
MS,Artesia Switching Station,substation,Tennessee Valley Authority,33.449,-88.617
MS,Attala Power Plant,plant,Entergy Mississippi,33.016,-89.674
MS,Azalea Lane Substation,substation,Starkville Electric Department,33.437,-88.827
MS,Bandhead Substation,substation,,34.261,-88.937
MS,Bassfield Substation,substation,Mississippi Power,31.495,-89.74
MS,Batesville Generation Facility,plant,Cooperative Energy,34.334,-89.927
MS,Batesville Substation,substation,Entergy Mississippi,34.332,-89.935
MS,Baxter Wilson Substation,substation,Entergy Mississippi,32.282,-90.929
MS,Bay Springs Substation,substation,,31.969,-89.261
MS,Bay Springs Substation,substation,Mississippi Power,31.99,-89.263
MS,Bayou Cassotte Substation,substation,Singing River Electric Cooperative,30.364,-88.524
MS,Beaumont Substation,substation,Mississippi Power,31.177,-88.921
MS,Bellevue Substation,substation,Pearl River Valley Electric Power Association,31.314,-89.472
MS,Belmont Substation,substation,,34.514,-88.209
MS,Belzoni Substation,substation,Entergy Mississippi,33.185,-90.501
MS,Benndale Power Plant,plant,Cooperative Energy,30.889,-88.806
MS,Benndale Substation,substation,Singing River Electric Cooperative,30.874,-88.795
MS,Benndale Substation,substation,Cooperative Energy,30.876,-88.795
MS,Benton Substation,substation,Tennessee Valley Authority,34.829,-89.2
MS,Big Level Substation,substation,,30.815,-89.051
MS,Big Point Substation,substation,Singing River Electric Cooperative,30.579,-88.486
MS,Biloxi Percy Street Substation,substation,Mississippi Power,30.406,-88.893
MS,Bozeman Road Substation,substation,Entergy Mississippi,32.516,-90.137
MS,Brandon Substation,substation,Entergy Mississippi,32.283,-90.014
MS,Brewer Substation,substation,Singing River Electric Cooperative,31.368,-88.862
MS,Brookhaven Substation,substation,Entergy Mississippi,31.594,-90.423
MS,Brooksville Substation,substation,4-County Electric Power Association,33.246,-88.557
MS,Bruce Substation,substation,,33.981,-89.351
MS,Bruce Substation,substation,Pontotoc Electric Power Association,33.995,-89.331
MS,Buckatunna Substation,substation,Dixie Electric Power Association,31.544,-88.536
MS,Burnsville Substation,substation,Tennessee Valley Authority,34.837,-88.306
MS,Byhalia Road Substation,substation,Entergy Mississippi,34.859,-89.887
MS,Byhalia Substation,substation,,34.861,-89.691
MS,Caledonia 500 kv Switching Yard,substation,,33.648,-88.272
MS,Caledonia Gas Turbine Power Station,plant,Tennessee Valley Authority,33.647,-88.273
MS,Caledonia Substation,substation,,33.65,-88.273
MS,Calgon Carbon Substation,substation,Calgon Carbon Corporation,30.222,-89.567
MS,Calhoun Creek Switching Station,substation,Tennessee Valley Authority,33.896,-89.293
MS,Camp Shelby Substation,substation,State of Mississippi,31.204,-89.212
MS,Canal Road Substation,substation,Coast Electric Power Association,30.439,-89.136
MS,Cane Creek Solar,plant,"Cane Creek Solar, LLC",31.974,-88.887
MS,Cane Creek Switching Station,substation,Mississippi Power,31.981,-88.887
MS,Canton South Substation,substation,Entergy Mississippi,32.586,-90.054
MS,Canton Substation,substation,Entergy Mississippi,32.618,-90.0
MS,Carriere Southwest Substation,substation,Mississippi Power,30.601,-89.678
MS,Carriere Substation,substation,Mississippi Power,30.623,-89.662
MS,Carthage Substation,substation,Entergy Mississippi,32.719,-89.574
MS,Centreville Substation,substation,Entergy Mississippi,31.077,-91.088
MS,CF Industries Yazoo City Complex Cogeneration,plant,"CF Industries Nitrogen, LLC",32.904,-90.378
MS,Charleston Substation,substation,Entergy Mississippi,33.999,-90.016
MS,Chemours Substation,substation,"Chemours Company FC, LLC",30.384,-89.31
MS,Chevron Oil Gas Power Plant,plant,Mississippi Power Co,30.34,-88.492
MS,Chickasaw Trails Industrial Park Switching Station,substation,"Memphis Light, Gas and Water",34.976,-89.616
MS,Choctaw County Power Plant,plant,Entergy Mississippi,33.288,-89.421
MS,Choctaw Substation,substation,Reliant Energy,33.289,-89.422
MS,Clarksdale Substation,substation,Entergy Mississippi,34.175,-90.555
MS,Clayton Village Switching Station,substation,Tennessee Valley Authority,33.479,-88.74
MS,Clinton Substation,substation,Entergy Mississippi,32.331,-90.308
MS,Coffeeville Substation,substation,Tennessee Valley Authority,33.992,-89.658
MS,Coldwater Substation,substation,Entergy Mississippi,34.699,-89.953
MS,Cole Road Substation,substation,Pearl River Valley Electric Power Association,31.331,-89.447
MS,Collins Substation,substation,Mississippi Power,31.652,-89.538
MS,Collinsville Substation,substation,,32.5,-88.845
MS,Columbia Substation,substation,Cooperative Energy,31.279,-89.775
MS,Columbus Substation,substation,Tennessee Valley Authority,33.447,-88.411
MS,Commission Road Substation,substation,Mississippi Power,30.368,-89.154
MS,Como Substation,substation,Entergy Mississippi,34.502,-89.939
MS,Corinth Substation,substation,Alcorn County Electric Power Association,34.913,-88.509
MS,County Drive Substation,substation,Mississippi Power,31.301,-89.289
MS,CPC Collins Substation,substation,Colonial Pipeline Company,31.654,-89.506
MS,CPC Columbia Substation,substation,Colonial Pipeline Company,31.404,-89.919
MS,CPC McComb Substation,substation,Colonial Pipeline Company,31.121,-90.447
MS,CPC Meridian Substation,substation,Colonial Pipeline Company,32.41,-88.737
MS,CPC Paulding Substation,substation,Colonial Pipeline Company,32.029,-89.102
MS,Crenshaw Substation,substation,Entergy Mississippi,34.512,-90.197
MS,Crossroads Energy Center,plant,Clarksdale Public Utilities,34.183,-90.562
MS,Crossroads Substation,substation,Coast Electric Power Association,30.793,-89.744
MS,Crystal Springs Substation,substation,Entergy Mississippi,31.971,-90.367
MS,D'Iberville Northwest Substation,substation,Mississippi Power,30.497,-88.921
MS,DAK Americas Substation,substation,DAK Americas Mississippi Inc.,30.226,-89.556
MS,Dedeaux Road Substation,substation,Coast Electric Power Association,30.45,-89.066
MS,DeKalb Substation,substation,Tennessee Valley Authority,32.782,-88.677
MS,Delta Wind Farm (MS),plant,AES Clean Energy,34.498,-90.381
MS,Delta's Edge Solar,plant,"Cubico USA, LLC",33.525,-90.069
MS,Derby Substation,substation,Coast Electric Power Association,30.756,-89.587
MS,Desoto Substation,substation,Entergy Mississippi,34.977,-90.065
MS,Dexter Substation,substation,Magnolia Electric Power,31.078,-89.972
MS,Durant Substation,substation,Entergy Mississippi,33.062,-89.861
MS,East Jackson Substation,substation,Entergy Mississippi,32.295,-90.177
MS,Edwards Substation,substation,Entergy Mississippi,32.312,-90.615
MS,Egypt Substation,substation,4-County Electric Power Association,33.901,-88.721
MS,Elliott Substation,substation,Entergy Mississippi,33.677,-89.746
MS,Ellisville Highway 590 Substation,substation,Mississippi Power,31.595,-89.216
MS,Ergon Refining Vicksburg Cogen,plant,"Ergon Refining, Inc.",32.387,-90.907
MS,Escatawpa Substation,substation,Singing River Electric Cooperative,30.456,-88.522
MS,Eupora Substation,substation,,33.527,-89.259
MS,Fairview Substation,substation,,34.36,-88.31
MS,Fayette Substation,substation,Entergy Mississippi,31.696,-91.089
MS,Fifth Avenue Substation,substation,Mississippi Power,30.849,-89.14
MS,Five Points Substation,substation,,32.392,-89.351
MS,Flora Substation,substation,Entergy Mississippi,32.545,-90.294
MS,Florence Substation,substation,Entergy Mississippi,32.194,-90.143
MS,Flowood Substation,substation,Entergy Mississippi,32.283,-90.143
MS,Fontainebleau Substation,substation,Singing River Electric Cooperative,30.398,-88.698
MS,Forest Hill Substation,substation,,32.256,-90.286
MS,Forest Industrial Substation,substation,Mississippi Power,32.356,-89.498
MS,Forest Substation,substation,Mississippi Power,32.37,-89.469
MS,Forts Lake Substation,substation,Singing River Electric Cooperative,30.493,-88.417
MS,Foxworth Substation,substation,Pearl River Valley Electric Power Association,31.227,-89.871
MS,Franklin Substation,substation,,31.524,-90.644
MS,Freeport Substation,substation,Tennessee Valley Authority,34.996,-90.049
MS,French Camp Substation,substation,Tennessee Valley Authority,33.298,-89.413
MS,Gallatin Substation,substation,Entergy Mississippi,32.298,-90.192
MS,Gallman Substation,substation,Entergy Mississippi,31.922,-90.394
MS,Gay Road Substation,substation,Coast Electric Power Association,30.454,-88.912
MS,Georgetown Substation,substation,Entergy Mississippi,31.877,-90.122
MS,Georgia-Pacific Monticello Cogeneration,plant,Georgia-Pacific Monticello LLC,31.628,-90.082
MS,Gerald Andrus Power Plant,plant,Entergy Mississippi,33.351,-91.118
MS,Gerald Andrus Station,substation,Entergy Mississippi,33.349,-91.122
MS,Getwell Substation,substation,Entergy Mississippi,34.862,-89.964
MS,Glasdon Substation,substation,,31.659,-89.077
MS,Gloster Substation,substation,Entergy Mississippi,31.22,-91.017
MS,Golden Triangle I,plant,"Origis Energy USA, Inc",33.429,-88.618
MS,Golden Triangle II,plant,"Origis Energy USA, Inc",33.418,-88.614
MS,Golden Triangle Substation,substation,,33.454,-88.566
MS,Goss Substation,substation,Pearl River Valley Electric Power Association,31.363,-89.889
MS,Grand Gulf Nuclear Generating Station,plant,"System Energy Resources, Inc",32.008,-91.05
MS,Grand Gulf Substation,substation,Entergy Mississippi,32.004,-91.042
MS,Grand Gulf Substation,substation,Entergy Mississippi,32.005,-91.044
MS,Greenbrook Substation,substation,Entergy Mississippi,34.964,-89.971
MS,Greenville North Substation,substation,Entergy Mississippi,33.439,-91.042
MS,Greenville Substation,substation,Entergy Mississippi,33.39,-91.062
MS,Grenada Industrial substation,substation,Entergy Mississippi,33.853,-89.837
MS,Gulfport Naval Base CSG PV System,plant,"Arcadia Solar, LLC",30.38,-89.118
MS,Guntown Substation,substation,TVA,34.45,-88.658
MS,Haining Road Substation,substation,,32.39,-90.885
MS,Harperville Substation,substation,,32.492,-89.49
MS,Harvest Gold Solar,plant,,33.504,-90.647
MS,Hattiesburg Solar Farm,plant,"Hattiesburg Farm, LLC",31.278,-89.304
MS,Hattiesburg Southwest Substation,substation,Mississippi Power,31.282,-89.354
MS,Hawkins Crossing Substation,substation,Mississippi Power,32.383,-88.668
MS,Hazlehurst Substation,substation,Entergy Mississippi,31.868,-90.382
MS,Hebron Substation,substation,,31.711,-89.37
MS,Heidelberg Denbury Substation,substation,Mississippi Power,31.866,-89.025
MS,Helena Substation,substation,Singing River Electric Cooperative,30.5,-88.535
MS,Henderson Road Substation,substation,Entergy Mississippi,32.319,-90.037
MS,Hernando Substation,substation,Entergy Mississippi,34.812,-89.97
MS,Hickory Flats Substation,substation,,34.622,-89.181
MS,Highway 11 Substation,substation,Mississippi Power,31.286,-89.324
MS,Highway 15 Substation,substation,Coast Electric Power Association,30.499,-88.916
MS,Highway 42 Substation,substation,Mississippi Power,31.419,-89.503
MS,Highway 589 Substation,substation,Mississippi Power,31.152,-89.408
MS,Highway 80 East Substation,substation,Mississippi Power,32.395,-88.617
MS,Hinds Energy Facility,plant,Entergy Mississippi,32.379,-90.221
MS,Hintonville Substation,substation,Cooperative Energy,31.26,-88.912
MS,Hintonville Substation,substation,Singing River Electric Cooperative,31.268,-88.921
MS,Hollandale Substation,substation,Entergy Mississippi,33.142,-90.859
MS,Holly Springs Substation,substation,Tennessee Valley Authority,34.762,-89.434
MS,Homewood Substation,substation,Cooperative Energy,32.239,-89.512
MS,Horn Lake Substation,substation,Entergy Mississippi,34.968,-90.018
MS,Houston Substation,substation,Natchez Trace Electric Power Association,33.922,-88.995
MS,Hoye Avenue Substation,substation,Mississippi Power,32.327,-89.164
MS,Indianola 230 Substation,substation,Entergy Mississippi,33.439,-90.634
MS,Indianola Substation,substation,Entergy Mississippi,33.445,-90.634
MS,International Paper Columbus Mill Power Station,plant,International Paper Columbus Mill Cogen,33.36,-88.46
MS,International Paper Vicksburg Mill Cogen,plant,International Paper Company,32.529,-90.774
MS,International Paper/Hood Ind. Substation,substation,Mississippi Power,30.826,-89.126
MS,Jayess Substation,substation,Magnolia Electric Power,31.35,-90.244
MS,Jonestown Substation,substation,Entergy Mississippi,34.339,-90.492
MS,Kemper County Combustion Turbine Plant,plant,Tennessee Valley Authority,32.797,-88.605
MS,Kingswood Substation,substation,Entergy Mississippi,32.267,-90.211
MS,Kosciuko Substation,substation,,33.031,-89.601
MS,Kosciusko Substation,substation,Entergy Mississippi,33.071,-89.551
MS,Kossuth Substation,substation,Alcorn County Electric Power Association,34.883,-88.64
MS,Kreole Substation,substation,Singing River Electric Cooperative,30.39,-88.514
MS,L L Wilkins Plant,plant,Clarksdale Public Utilities,34.185,-90.562
MS,Lakeover Substation,substation,Entergy Mississippi,32.382,-90.215
MS,Lamey Substation,substation,Coast Electric Power Association,30.472,-88.946
MS,Langford Substation,substation,Central Electric Power Association,32.402,-89.952
MS,Larson Street Substation,substation,,32.308,-90.168
MS,Laurel East Substation,substation,Mississippi Power,31.691,-89.102
MS,Laurel Industrial Substation,substation,Mississippi Power,31.66,-89.178
MS,Leaf River Cellulose Cogeneration,plant,"Leaf River Cellulose, LLC",31.245,-89.046
MS,Leakesville Substation,substation,Singing River Electric Cooperative,31.157,-88.559
MS,Leland Light & Water Division,plant,,33.405,-90.901
MS,Leland Substation,substation,Entergy Mississippi,33.415,-90.889
MS,Lexington Substation,substation,Entergy Mississippi,33.139,-90.102
MS,Liberty Substation,substation,Entergy Mississippi,31.164,-90.773
MS,Lineage MS Solar,plant,Madison Energy Holdings LLC,32.254,-90.155
MS,Lizman Substation,substation,Coast Electric Power Association,30.516,-89.17
MS,Lone Star Substation,substation,,31.638,-89.74
MS,Louisville Substation,substation,,33.117,-89.059
MS,Louisville Switching Station,substation,Tennessee Valley Authority,33.115,-89.068
MS,Lowndes Substation,substation,Tennessee Valley Authority,33.647,-88.317
MS,Lucedale Substation,substation,,30.936,-88.612
MS,Luckney Substation,substation,Entergy Mississippi,32.35,-90.055
MS,Lula Substation,substation,Entergy Mississippi,34.482,-90.463
MS,Lumberton Substation,substation,Mississippi Power,31.001,-89.438
MS,Lyman Substation,substation,Coast Electric Power Association,30.506,-89.139
MS,Maben Substation,substation,,33.57,-89.08
MS,Macon Substation,substation,,33.117,-88.567
MS,Magnolia Power Plant,plant,Tennessee Valley Authority,34.834,-89.202
MS,Mannsdale substation,substation,Entergy Mississippi,32.533,-90.194
MS,Marion Substation,substation,,31.019,-89.735
MS,Marks Substation,substation,Entergy Mississippi,34.239,-90.28
MS,Martin Bluff Substation,substation,Singing River Electric Cooperative,30.448,-88.64
MS,McAdams Substation,substation,Entergy Mississippi,33.015,-89.682
MS,McComb Substation,substation,Entergy Mississippi,31.26,-90.428
MS,McNeill Substation,substation,Coast Electric Power Association,30.665,-89.659
MS,Medical Center Substation,substation,Entergy Mississippi,32.33,-90.168
MS,Mendenhall Substation,substation,Entergy Mississippi,31.981,-89.874
MS,Meridian II Solar,plant,SR Meridian II,32.549,-88.578
MS,Meridian III Solar,plant,SR Meridian III,32.449,-88.556
MS,Meridian Northeast Substation,substation,Mississippi Power,32.415,-88.677
MS,Meridian Peaking Plant,plant,Tennessee Valley Authority,32.556,-88.606
MS,Miami Substation,substation,,32.341,-90.208
MS,Midnight Substation,substation,Entergy Mississippi,33.042,-90.575
MS,Midway Substation,substation,Franklin Electric Cooperative,34.725,-88.273
MS,Midway Switching Station,substation,Tennessee Valley Authority,33.097,-88.839
MS,Miller Substation,substation,"Memphis Light, Gas and Water",34.949,-89.74
MS,Missionary Substation,substation,Cooperative Energy,32.107,-89.057
MS,Mississippi Hub Substation,substation,"Mississippi Hub, LLC",31.782,-89.764
MS,Monaco Lake Substation,substation,Singing River Electric Cooperative,30.381,-88.504
MS,Monticello Mill Substation,substation,Georgia-Pacific Monticello LLC,31.627,-90.076
MS,Monticello Substation,substation,Southern Pine Electric Cooperative,31.578,-90.131
MS,Montpelier Substation,substation,,33.682,-88.929
MS,Monument Street Substation,substation,Entergy Mississippi,32.308,-90.193
MS,Moonshot Solar,plant,"Moonshot Solar, LLC",30.444,-89.508
MS,Mooreville Substation,substation,Tombigbee Electric Power Association,34.272,-88.572
MS,Moorhead Substation,substation,Entergy Mississippi,33.459,-90.508
MS,Morrow Power Plant,plant,Cooperative Energy,31.219,-89.393
MS,Morton Substation,substation,Energy Mississippi,32.356,-89.656
MS,Moselle Power Station,plant,Cooperative Energy,31.529,-89.3
MS,Moselle Substation,substation,Cooperative Energy,31.529,-89.302
MS,Natchez Substation,substation,Entergy Mississippi,31.568,-91.369
MS,Necaise Substation,substation,Coast Electric Power Association,30.593,-89.412
MS,Nettleton Substation,substation,Tombigbee Electric Power Association,34.092,-88.63
MS,New Albany Substation,substation,Tennessee Valley Authority,34.483,-88.993
MS,New Hebron Substation,substation,Entergy Mississippi,31.731,-89.973
MS,Newton Substation,substation,Mississippi Power,32.334,-89.118
MS,North Hattiesburg Substation,substation,Mississippi Power,31.35,-89.323
MS,North Lehmberg Substation,substation,Columbus Light & Water,33.502,-88.363
MS,North Oakland Substation,substation,,34.079,-89.909
MS,North Vicksburg Substation,substation,Entergy Mississippi,32.384,-90.862
MS,Northside Drive Substation,substation,,32.359,-90.279
MS,Northwest Jackson Substation,substation,,32.34,-90.248
MS,Noxapater Substation,substation,,33.004,-89.062
MS,Oak Grove Substation,substation,Pearl River Valley Electric Power Association,31.271,-89.415
MS,Oak Vale Substation,substation,Pearl River Valley Electric Power Association,31.458,-89.966
MS,Okolona Substation,substation,Tennessee Valley Authority,33.983,-88.735
MS,Oneal Road,substation,Coast Electric Power Association,30.472,-89.044
MS,Orchard Road Substation,substation,Singing River Electric Cooperative,30.367,-88.51
MS,Oxford Substation,substation,Tennessee Valley Authority,34.35,-89.534
MS,Pearl River Solar Park,plant,"Pearl River Solar Park, LLC",32.518,-89.73
MS,Pelahatchie Substation,substation,Entergy Mississippi,32.322,-89.747
MS,Perkinston Silver Run Road Substation,substation,Mississippi Power,30.761,-89.156
MS,Picayune North Substation,substation,Mississippi Power,30.548,-89.668
MS,Pickens Substation,substation,Entergy Mississippi,32.932,-89.936
MS,Pinola Substation,substation,Southern Pine Electric Power,31.886,-89.979
MS,Plant Daniel Substation,substation,Mississippi Power,30.532,-88.553
MS,Plant Jack Watson,plant,Mississippi Power Company,30.436,-89.023
MS,Plant Ratcliffe,plant,Mississippi Power,32.65,-88.761
MS,Plant Watson Substation,substation,Mississippi Power,30.44,-89.028
MS,Plantation Pipe Substation,substation,Singing River Electric Cooperative,31.15,-88.808
MS,Polkville Substation,substation,Cooperative Energy,32.187,-89.7
MS,Pontotoc Substation,substation,Tennessee Valley Authority,34.255,-89.017
MS,Poplarville Substation,substation,Mississippi Power,30.838,-89.527
MS,Port Gibson Substation,substation,Entergy Mississippi,31.973,-90.977
MS,Prairie Bluff Power Station,plant,"WM Renewable Energy, L.L.C.",33.967,-89.0
MS,Prairie Substation,substation,4-County Electric Power Association,33.799,-88.7
MS,Prairie Substation,substation,4-County Electric Power Association,33.801,-88.658
MS,Prentiss Substation,substation,Cooperative Energy,31.623,-89.856
MS,Prentiss Substation,substation,,31.624,-89.858
MS,Puckett Substation,substation,Southern Pine Electric Cooperative,32.079,-89.774
MS,Quitman Northwest Substation,substation,,32.042,-88.735
MS,Ragsdale Solar,plant,"Ragsdale Solar, LLC",32.555,-90.006
MS,Rankin Substation,substation,Entergy Mississippi,32.288,-89.964
MS,Ray Braswell Substation,substation,Entergy Mississippi,32.311,-90.329
MS,Raymond Substation,substation,Entergy Mississippi,32.256,-90.406
MS,Red Hills Power Plant,plant,"Choctaw Generation L.P, L.L.L.P.",33.377,-89.218
MS,Rex Brown 115kV Substation,substation,Entergy Mississippi,32.358,-90.214
MS,Rex Brown 230kV Substation,substation,Entergy Mississippi,32.36,-90.217
MS,Ripley Substation,substation,Tippah Electric Power Association,34.758,-88.94
MS,Robinson Road Substation,substation,Entergy Mississippi,32.283,-90.258
MS,Rocky Hill Substation,substation,Coast Electric Power Association,30.464,-89.437
MS,Rodenberg Substation,substation,Mississippi Power,30.407,-88.939
MS,Rolling Fork Substation,substation,Entergy Mississippi,32.888,-90.884
MS,Rosedale Substation,substation,Entergy Mississippi,33.835,-90.976
MS,Roxie Substation,substation,Entergy Mississippi,31.496,-91.069
MS,Ruleville Substation,substation,Entergy Mississippi,33.753,-90.54
MS,Sabic Substation,substation,Sabic Innovative Plastics US LLC,30.214,-89.574
MS,Salem Substation,substation,Coast Electric Power Association,30.545,-89.597
MS,Sand Hill Substation,substation,Singing River Electric Cooperative,31.345,-88.763
MS,Sand Hill Substation,substation,,31.618,-89.271
MS,Sardis Substation,substation,Cooperative Energy,34.438,-89.889
MS,Saucier Substation,substation,Mississippi Power,30.621,-89.156
MS,Saxon Substation,substation,Pearl River Valley Electric Power Association,31.126,-89.835
MS,Sebastopol Substation,substation,Central Electric Power Association,32.576,-89.325
MS,Sebastopol Switching Station,substation,Tennessee Valley Authority,32.578,-89.327
MS,Seminary Highway 535 Substation,substation,,31.58,-89.485
MS,Senatobia Substation,substation,Entergy Mississippi,34.622,-89.953
MS,Shelby Substation,substation,Entergy Mississippi,33.983,-90.759
MS,Shuqualak Substation,substation,,32.983,-88.557
MS,Silver Creek Power Plant,plant,Cooperative Energy,31.6,-89.947
MS,Silver Creek Substation,substation,Entergy Mississippi,31.601,-89.987
MS,Soso Denbury Substation,substation,Mississippi Power,31.807,-89.283
MS,South Brookhaven Substation,substation,Entergy Mississippi,31.552,-90.448
MS,South Jackson Substation,substation,,32.281,-90.188
MS,South Macon Substation,substation,Tennessee Valley Authority,33.058,-88.562
MS,South Vicksburg Substation,substation,Entergy Mississippi,32.271,-90.918
MS,Southaven Combined-Cycle Plant,plant,Tennessee Valley Authority,34.994,-90.039
MS,Southwest Jackson Substation,substation,Entergy Mississippi,32.253,-90.248
MS,Spring Ridge Road Substation,substation,Entergy Mississippi,32.312,-90.324
MS,SR Houston,plant,"SR Houston Holdings, LLC",33.926,-88.997
MS,Starkville Switching Station,substation,Tennessee Valley Authority,33.505,-88.803
MS,State Line Substation,substation,Singing River Electric Cooperative,31.433,-88.483
MS,Steel Dynamics Substation,substation,"Steel Dynamics Columbus, LLC",33.451,-88.572
MS,Steel Dynamics Switching Station,substation,,33.452,-88.571
MS,Steiner Substation,substation,,33.611,-90.622
MS,Stennis Substation,substation,Coast Electric Power Association,30.371,-89.428
MS,Stillmore Substation,substation,Pearl River Valley Electric,30.8,-89.282
MS,Stonewall Substation,substation,Mississippi Power,32.145,-88.801
MS,Strayhorn Substation,substation,Tallahatchie Valley Electric Power Association,34.627,-90.144
MS,Strickland Substation,substation,,34.868,-88.431
MS,Sturgis Substation,substation,,33.347,-89.089
MS,Sumrall Solar Farm,plant,,31.399,-89.493
MS,Sumrall Substation,substation,Mississippi Power,31.418,-89.547
MS,Sunflower Solar Station,plant,"Sunflower County Solar Project, LLC",33.757,-90.528
MS,Sunkist Substation,substation,Coast Electric Power Association,30.436,-88.951
MS,Sweatt Power Plant,plant,Mississippi Power,32.293,-88.746
MS,Sylvarena Power Plant,plant,Cooperative Energy,31.983,-89.413
MS,Sylvarena Switching Station,substation,,32.012,-89.384
MS,Taylor Substation,substation,North East Mississippi Electric Power Association,34.264,-89.576
MS,Taylorsville Plywood Cogen,plant,Georgia-Pacific Wood Products LLC,31.84,-89.466
MS,Taylorsville Substation,substation,Mississippi Power,31.823,-89.396
MS,Terry Substation,substation,Entergy Mississippi,32.104,-90.3
MS,Texas Avenue Substation,substation,Mississippi Power,30.385,-89.047
MS,Three Rivers Substation,substation,Singing River Electric Cooperative,30.584,-88.554
MS,Tillatoba Substation,substation,Entergy,33.966,-89.901
MS,Transco Station #70 Cogen,plant,"Transcontinental Gas Pipe Line Company, LLC",31.247,-90.2
MS,Tronox Substation,substation,"Tronox, LLC",33.729,-88.453
MS,Tunica 230/115 Substation,substation,Entergy Mississippi,34.671,-90.384
MS,Tunica Substation,substation,Entergy Mississippi,34.677,-90.384
MS,Tupelo Substation,substation,Tennessee Valley Authority,34.256,-88.697
MS,Turner Street Substation,substation,Coast Electric Power Association,30.307,-89.364
MS,Tylertown Substation,substation,Entergy Mississippi,31.119,-90.115
MS,Union Substation,substation,,31.978,-89.523
MS,Union Substation,substation,Tennessee Valley Authority,34.378,-88.859
MS,Utica Substation,substation,Entergy Mississippi,32.125,-90.625
MS,Vancleave Substation,substation,Singing River Electric Cooperative,30.534,-88.686
MS,Vardaman Substation,substation,,33.904,-89.179
MS,Vicksburg Substation,substation,,32.316,-90.893
MS,Victor J. Daniel Electric Generating Plant,plant,Mississippi Power,30.54,-88.558
MS,Vidalia Substation,substation,Coast Electric Power Association,30.495,-89.337
MS,Wade Substation,substation,Singing River Electric Cooperative,30.643,-88.559
MS,Waldrup Substation,substation,Cooperative Energy,31.968,-89.107
MS,Walls Substation,substation,Entergy Mississippi,34.962,-90.147
MS,Walnut Grove Demonstration Plant,plant,Mississippi Power Co,32.595,-89.454
MS,Walnut Grove Substation,substation,,32.59,-89.461
MS,Walnut Substation,substation,,34.967,-88.899
MS,Water Valley Substation,substation,Tallahatchie Valley Electric Power Association,34.145,-89.632
MS,Watts Substation,substation,Coast Electric Power Association,30.46,-89.232
MS,Waveland Substation,substation,Coast Electric Power Association,30.305,-89.405
MS,Waynesboro Substation,substation,Mississippi Power,31.677,-88.661
MS,Webb Substation,substation,Entergy Mississippi,33.935,-90.34
MS,Weir Substation,substation,,33.282,-89.279
MS,Wesson Substation,substation,Entergy Mississippi,31.686,-90.4
MS,West 7th Street Substation,substation,Mississippi Power,31.339,-89.268
MS,West Charleston Substation,substation,,33.987,-90.071
MS,West Columbus Switching Station,substation,Tennessee Valley Authority,33.475,-88.489
MS,West Jackson Substation,substation,Entergy Mississippi,32.302,-90.248
MS,West McComb Substation,substation,Entergy Mississippi,31.254,-90.478
MS,West Point Substation,substation,Tennessee Valley Authority,33.636,-88.653
MS,West Richton Substation,substation,Dixie Electric Power Association,31.361,-89.048
MS,West Vicksburg Substation,substation,,32.349,-90.884
MS,West Water Valley Substation,substation,Tallahatchie Valley Electric Power Association,34.126,-89.657
MS,Whitfield Substation,substation,,32.249,-90.082
MS,Wiggins Coastal Paper Company,substation,,30.841,-89.135
MS,Wiggins Switching Station,substation,Mississippi Power,30.86,-89.19
MS,Wildflower Solar,plant,Duke Energy Renewables Services,34.956,-90.171
MS,Winona Substation,substation,Entergy Mississippi,33.445,-89.75
MS,Wolf Creek Substation,substation,Entergy,33.291,-89.421
MS,Woodville Substation,substation,Entergy Mississippi,31.121,-91.28
MS,xAI Colossus 2,plant,,34.982,-90.04
MS,Yandell Road Substation,substation,Entergy Mississippi,32.511,-90.084
MS,Yazoo City Municipial Switching Station,substation,Entergy Mississippi,32.842,-90.433
MS,Yazoo City Substation,substation,Entergy Mississippi,32.884,-90.39
NC,"1 MW Solar Farm, LLC",plant,,36.02,-81.886
NC,1001 Ebenezer Church Solar,plant,"1001 Ebenezer Church Solar, LLC",36.285,-80.842
NC,1008 Matthews Solar,plant,"1008 Matthews Solar, LLC",36.217,-80.552
NC,1009 Yadkin Solar,plant,"1009 Yadkin Solar, LLC",36.148,-80.656
NC,1025 Traveller Solar,plant,CI-II Mitchell Holding LLC,35.428,-79.129
NC,1045 Tomlin Mill Solar,plant,"1045 Tomlin Mill Solar, LLC",35.922,-80.839
NC,"1051 Lucky Solar, LLC",plant,"1051 Lucky Solar, LLC",36.15,-80.819
NC,231 Dixon 74 Solar I,plant,"231 Dixon 74 Solar I, LLC",35.245,-81.43
NC,"232 Long Branch 29 Solar I, LLC",plant,Alchemy Renewable Energy,35.231,-81.565
NC,"233 Randolph 74 Solar I, LLC",plant,"233 Randolph 74 Solar I, LLC",35.312,-81.593
NC,315 Vinson Road Solar,plant,,35.613,-78.361
NC,4Oaks Solar,plant,"USF Surry, LLC",35.432,-78.413
NC,510 REPP One Solar,plant,510 REPP One LLC,36.498,-77.607
NC,ABD Solar Farms,plant,Cypress Creek Renewables,35.73,-79.75
NC,Achilles Solar,plant,"Achilles Farm, LLC",35.357,-79.909
NC,AGA TAG Solar IV LLC,plant,AGA TAG Solar IV LLC,34.277,-78.061
NC,Ahoskie,plant,"TWE Ahoskie Solar Project, LLC",36.305,-76.991
NC,Ahoskie Substation,substation,Virginia Electric & Power Company,36.306,-76.993
NC,AJ Cox Substation,substation,Halifax EMC,36.191,-77.695
NC,Ajax Solar,plant,Cypress Creek Renewables,34.831,-79.121
NC,Albemarle Beach Solar,plant,"Albemarle Beach Solar, LLC",35.909,-76.642
NC,Albemarle Prime Power Park,plant,North Carolina Mun Power Agency #1,35.407,-80.152
NC,Albemarle Solar Center,plant,"SRE Utility Solar 1, LLC",35.298,-77.554
NC,Albemarle Substation,substation,Duke Energy,35.357,-80.205
NC,Albemarle Substation (Abandoned),substation,,36.043,-77.001
NC,Albertson Solar LLC,plant,Albertson Solar LLC,35.096,-77.807
NC,Allen Substation,substation,,35.189,-81.01
NC,Allen Substation,substation,Duke Energy,35.19,-81.011
NC,Alpha Value Solar,plant,"Alpha Value Solar, LLC",36.158,-76.491
NC,AM Best Solar Farm,plant,AM Best Farm,35.419,-77.986
NC,American Legion PV 1,plant,"Ecoplexus, Inc",36.42,-77.657
NC,American Zinc Recycling Substation,substation,,35.197,-81.846
NC,Amethyst Solar,plant,Amethyst Solar LLC,35.317,-81.927
NC,Anderson Farm LLC,plant,"Strata Manager, LLC",34.975,-78.518
NC,Andrew Solar,plant,Cypress Creek Renewables,35.16,-77.107
NC,Angel Solar,plant,Cypress Creek Renewables,35.65,-81.208
NC,Angier Solar Farm,plant,Angier Farm LLC,35.516,-78.751
NC,Anson County Generation Facility,plant,North Carolina Electric Member Corp,34.969,-79.922
NC,Antioch Substation,substation,Duke Energy,36.176,-81.036
NC,Apple Data Center - PV2,plant,"Apple, Inc",35.738,-81.212
NC,Apple Data Center PV,plant,"Apple, Inc",35.587,-81.252
NC,Apple Data Center PV3,plant,"Apple, Inc",35.696,-81.152
NC,Apple One Solar,plant,Cypress Creek Renewables,35.63,-81.159
NC,Ararat Rock Solar,plant,"Oppidum Renewables USA, LLC",36.461,-80.601
NC,Arba Solar,plant,"Leyline Renewable Energy, LLC",35.395,-77.703
NC,Arba Solar Energy Storage,plant,North Carolina El Member Corp,35.421,-77.73
NC,Arborgate Solar,plant,"Arborgate Farm, LLC",35.714,-79.118
NC,Archer Daniels Midland Southport Cogeneration,plant,Archer Daniels Midland Company,33.939,-77.992
NC,Arndt Solar Farm,plant,Strata Fund 2 Lessee LLC,35.778,-81.176
NC,Arthur Solar,plant,Rigel,34.172,-78.831
NC,Asheboro East Substation,substation,,35.708,-79.799
NC,Asheboro North Substation,substation,Duke Energy Progress,35.753,-79.787
NC,Asheboro Substation,substation,Duke Energy Progress,35.724,-79.755
NC,Asheville Power Plant,plant,Duke Energy,35.469,-82.542
NC,Asheville-Rock Hill Battery,plant,Duke Energy Progress,35.54,-82.516
NC,Ashley Solar Farm,plant,"Ashley Solar Farm, LLC",36.127,-80.799
NC,Aspen Solar,plant,"SRE Utility Solar 1, LLC",34.793,-78.015
NC,Atkinson Farm Solar,plant,"Atkinson Farm, LLC",34.898,-77.795
NC,Atkinson Solar II,plant,"Atkinson Solar II, LLC",34.898,-77.79
NC,"ATOOD Solar IV, LLC",plant,Alchemy Renewable Energy,34.278,-78.06
NC,Audrey Solar,plant,Audrey Solar LLC,35.328,-81.622
NC,Augustus Solar Farm,plant,"Augustus Farm, LLC",35.603,-77.636
NC,Aulander Holloman Solar,plant,"Aulander Holloman Solar, LLC",36.261,-77.06
NC,Aulander Hwy 42 Solar,plant,Alchemy Renewable Energy,36.248,-77.082
NC,Auten Road Solar Farm,plant,Cypress Creek Renewables,35.305,-81.139
NC,Avalon Hydropower,plant,Avalon Hydropower LLC,36.424,-79.953
NC,Avon Substation,substation,CHEC,35.353,-75.506
NC,Aydlett Substation,substation,,36.331,-75.91
NC,Ayrshire Solar,plant,"CD Global Solar Holdings, LLC",35.283,-81.614
NC,Badger Solar,plant,"Badger Farm, LLC",34.84,-77.222
NC,Bailey Solar Farm,plant,Bailey Farm LLC,35.788,-78.141
NC,Bakatsias Solar,plant,Cypress Creek Renewables,36.073,-79.348
NC,Baker PV 1,plant,"Ecoplexus, Inc",36.271,-77.062
NC,Bakersville Substation,substation,French Broad Electric Membership Corporation,36.033,-82.17
NC,Balsam Solar,plant,"SRE Utility Solar 1, LLC",35.459,-79.175
NC,Baltimore Church Solar,plant,"Baltimore Church Solar, LLC",34.47,-79.155
NC,Bamboo Substation,substation,Blue Ridge Energy,36.201,-81.64
NC,Banner Elk Substation,substation,Mountain EMC,36.162,-81.885
NC,Banner Solar,plant,"Banner Solar, LLC",35.413,-78.555
NC,Barker Solar,plant,"Barker Solar, LLC",34.636,-78.929
NC,Barnard Creek Substation,substation,Duke Energy Progress,34.154,-77.939
NC,Barnhill Road Solar,plant,Cypress Creek Renewables,36.268,-76.299
NC,Barnhill Substation,substation,South River Electric Membership Corporation,35.332,-78.845
NC,Battleboro Farm,plant,"Oppidum Renewables USA, LLC",36.058,-77.755
NC,Battleboro Substation,substation,Virginia Electric & Power Company,36.052,-77.763
NC,Battleground Solar,plant,"Sustainable Power Group, LLC",35.22,-81.331
NC,Bay Branch Solar,plant,Sol System,35.475,-77.113
NC,Bay Tree Solar Farm,plant,Cypress Creek Renewables,34.705,-78.411
NC,Bayboro Solar Farm,plant,Cypress Creek Renewables,35.149,-76.811
NC,Beaker Solar,plant,"Strata Manager, LLC",35.598,-77.61
NC,Bear Branch Substation,substation,Duke Energy Progress,35.409,-79.018
NC,Bear Creek Hydro,plant,Duke Energy,35.243,-83.075
NC,Bear Creek Solar,plant,Cypress Creek Renewables,35.541,-79.448
NC,Bearford Farm Solar Project,plant,"Bearford Farm, LLC",34.61,-77.924
NC,Bearford Solar II,plant,"Bearford Solar II, LLC",34.613,-77.93
NC,BearPond Solar Center,plant,BearPond Solar Center LLC,36.276,-78.377
NC,Beaufort Solar,plant,Capital Power Corporation,35.456,-77.135
NC,Beaufort Substation,substation,Duke Energy,34.718,-76.656
NC,Beckerdite Tie Substation,substation,,36.011,-80.222
NC,Beckwith Solar,plant,Beckwith Solar,34.152,-78.891
NC,Beech Street Retail Substation,substation,Duke Energy,35.33,-82.46
NC,Beetle Solar,plant,Cypress Creek Renewables,35.179,-81.665
NC,Belafonte Solar,plant,"Strata Manager, LLC",35.162,-78.091
NC,Belews Creek Steam Station,plant,Duke Energy,36.282,-80.06
NC,Belews Creek Steam Substation,substation,,36.279,-80.062
NC,Bell's Fork Substation,substation,Greenville Utilities Commission,35.562,-77.351
NC,Belwood Solar Farm,plant,Palmetto Power Management LLC,35.468,-81.51
NC,Benson Solar,plant,,35.398,-78.562
NC,Benthall Bridge PV 1,plant,"Ecoplexus, Inc",36.42,-77.101
NC,Bernhardt Furniture Solar Farm,plant,Bernhardt Furniture Company,35.85,-81.539
NC,Beth Solar,plant,Cypress Creek Renewables,35.971,-79.617
NC,"Bethel Price Solar, LLC",plant,Duke Energy Renewables Services,35.794,-77.384
NC,Bethel Solar,plant,"Strata Manager, LLC",35.797,-77.378
NC,Bethel Substation,substation,Albemarle EMC,36.113,-76.484
NC,Bethel-Carolina Substation,substation,Dominion Energy,35.796,-77.384
NC,Beulaville Solar,plant,"Sustainable Power Group, LLC",34.901,-77.784
NC,BG Stewart Solar Farm,plant,Cypress Creek Renewables,34.969,-80.389
NC,Big Boy,plant,Cypress Creek Renewables,36.076,-79.634
NC,Biltmore Solar Fields,plant,The Biltmore Company,35.561,-82.588
NC,Biscoe 115kV Substation,substation,Duke Energy Progress,35.367,-79.781
NC,Biscoe 230kV Substation,substation,Duke Energy Progress,35.363,-79.827
NC,Biscoe Solar,plant,"Sustainable Power Group, LLC",35.383,-79.77
NC,Bizzell Church Solar 1,plant,Cypress Creek Renewables,35.549,-78.179
NC,Bizzell Church Solar 2,plant,"CD Global Solar Holdings, LLC",35.544,-78.177
NC,Bladen Solar,plant,Cypress Creek Renewables,34.819,-78.614
NC,Bladenboro Farm,plant,"Strata Manager, LLC",34.535,-78.808
NC,Bladenboro Solar 2,plant,Bladenboro Farm 2 LLC,34.535,-78.816
NC,"Bladenboro Solar, LLC",plant,Cypress Creek Renewables,34.548,-78.819
NC,Blewett Falls Hydroelectric Plant,plant,Duke Energy Progress,34.983,-79.877
NC,Blewett Falls Plant,plant,Duke Energy Progress,34.982,-79.877
NC,Blewett Hydro Substation,substation,Duke Energy Progress,34.984,-79.878
NC,Blueberry One Solar,plant,Cypress Creek Renewables,35.313,-78.156
NC,Bo Biggs Solar,plant,"Bo Biggs Solar, LLC",34.587,-78.96
NC,Boaz Farm Solar,plant,"CD Global Solar Holdings, LLC",35.469,-79.136
NC,Bolton Solar Farm,plant,Bolton Farm LLC,36.422,-78.131
NC,Bondi Solar,plant,Cypress Creek Renewables,35.134,-77.538
NC,Boone Step-Down Station,substation,Blue Ridge Energy,36.205,-81.659
NC,Boone Substation,substation,Blue Ridge Energy,36.235,-81.658
NC,Bordeaux Substation,substation,Fayetteville Public Works,35.028,-78.939
NC,Boseman Solar Center,plant,Cypress Creek Renewables,36.008,-77.809
NC,Bostic Delivery No 2,plant,North Carolina Mun Power Agency #1,35.362,-81.835
NC,Boykin PV1,plant,"Ecoplexus, Inc",35.111,-78.752
NC,Bradley PV1,plant,"Ecoplexus, Inc",36.261,-77.076
NC,Brantley Solar,plant,John Laing US Solar Corp.,35.894,-78.149
NC,BRE,plant,"SRE Utility Solar 1, LLC",36.392,-78.608
NC,BRE NC Solar 3,plant,Pine Gate Renewables,36.384,-78.616
NC,Brevard Retail Substation,substation,Duke Energy,35.216,-82.737
NC,Brevard Substation,substation,Duke Energy,35.24,-82.737
NC,Brick City Solar,plant,"Brick City Solar, LLC",34.725,-77.985
NC,Bridgewater Power Plant,plant,Duke Energy,35.743,-81.836
NC,Brighter Future Solar,plant,Brighter Future Solar LLC,35.816,-81.371
NC,Broad River Solar,plant,"Broad River Solar, LLC",35.192,-81.743
NC,Broad River Solar Substation,substation,,35.204,-81.746
NC,Broad River Solar Switching Station,substation,,35.204,-81.746
NC,Broadridge Solar,plant,"Broadridge Solar, LLC",34.523,-78.958
NC,"Broadway Road Solar, LLC",plant,"Broadway Road Solar, LLC",35.457,-79.094
NC,Broadway Solar Center,plant,"SRE Utility Solar 1, LLC",34.31,-78.834
NC,Brunswick Nuclear Generating Station,plant,Duke Energy Progress,33.959,-78.009
NC,Brunswick Substation,substation,,33.96,-78.011
NC,Buck Combined Cycle Station,plant,Duke Energy,35.71,-80.376
NC,Buckleberry Solar,plant,Cypress Creek Renewables,35.38,-77.406
NC,Buddy Solar,plant,Cypress Creek Renewables,35.542,-80.364
NC,Buffalo Springs Substation,substation,Lumbee River EMC,34.978,-79.371
NC,Bullock Solar,plant,Cypress Creek Renewables,36.481,-78.317
NC,Bunn Level Solar Farm,plant,"Bunn Level Farm, LLC",35.309,-78.774
NC,Burgaw Solar,plant,"CI-II Mitchell Holding, LLC",34.535,-77.912
NC,Burgess Substation,substation,Albemarle EMC,36.142,-76.412
NC,Burnsville Substation,substation,,35.917,-82.296
NC,Burton Substation,substation,City of High Point,35.937,-80.028
NC,Butler-Warner Generation Plant,plant,Fayetteville Public Works Commission,35.098,-78.83
NC,Butler-Warner Solar,plant,,35.097,-78.832
NC,Buttercup Solar,plant,,34.829,-77.974
NC,Buxton Peaking Generators,plant,North Carolina Electric Member Corp,35.267,-75.535
NC,Buxton Plant Substation,substation,,35.267,-75.535
NC,Buxton Substation,substation,Cape Hatteras EMC,35.267,-75.534
NC,"Cabin Creek Solar, LLC",plant,"Cabin Creek Solar, LLC",35.343,-79.738
NC,Camden Dam Solar,plant,Greenbacker Renewable Energy Corporation,36.312,-76.126
NC,Camden Road Substation,substation,Fayetteville Public Works,35.021,-78.903
NC,Camden Solar,plant,Camden Solar LLC,36.308,-76.146
NC,Cameron Substation,substation,,35.908,-79.062
NC,Camp Lejeune Solar,plant,Duke Energy Progress,34.726,-77.35
NC,Campus Substation,substation,New River Light and Power,36.21,-81.676
NC,Candace Solar,plant,Cypress Creek Renewables,35.488,-78.192
NC,Candor Substation,substation,,35.305,-79.724
NC,Cane River Substation,substation,Duke Energy Progress,35.905,-82.339
NC,Canton Substation,substation,Duke Energy,35.523,-82.844
NC,Cape Fear Substation,substation,,35.592,-79.049
NC,"Capital Partners, Phase I Solar",plant,Duke Energy,36.271,-76.31
NC,Capitola Dam Power Plant,plant,French Broad EMC,35.795,-82.683
NC,Carl Friedrich Gauss Solar,plant,"Heelstone Energy Holdings, LLC",36.346,-77.633
NC,Carol Jean Solar,plant,Cypress Creek Renewables,36.312,-80.15
NC,Carolina Beach Substation,substation,Duke Energy Progress,34.036,-77.908
NC,Carolina Lily Solar,plant,"Carolina Lily Solar, LLC",35.968,-80.449
NC,Carolina Poultry Power Farmville,plant,Carolina Poultry Power,35.593,-77.614
NC,Carolina Substation,substation,Dominion Energy,36.48,-77.647
NC,Carson Retail Substation,substation,Duke Energy,35.692,-82.06
NC,Carter PV1,plant,"Ecoplexus, Inc",35.021,-78.789
NC,Carvers Substation,substation,Four County EMC,34.461,-78.412
NC,Cash Solar,plant,"Cash Solar, LLC",36.035,-77.923
NC,Cashie Substation,substation,Dominion Energy,35.994,-76.909
NC,Catawba Solar LLC,plant,Catawba Solar LLC,35.613,-80.533
NC,Catawba Substation,substation,,35.709,-81.073
NC,Cathcart Solar,plant,,34.338,-78.749
NC,Catherine Lake Solar,plant,"1034 Catherine Lake Solar, LLC",34.784,-77.498
NC,CBC Solar Energy Gen Fac Phase 2,plant,"CBC Alternative Energy, LLC",35.673,-78.526
NC,Cedar Cliff Hydro,plant,Duke Energy,35.254,-83.103
NC,Cedar Solar,plant,"SRE Utility Solar 1, LLC",34.907,-77.782
NC,Century Drive Solar Farm,plant,"J.T. Hobby and Son, Inc.",35.838,-78.669
NC,Chadbourn Solar Farm,plant,"Chadbourn Farm, LLC",34.327,-78.763
NC,Chadbourn Substation,substation,Duke Energy Progress,34.307,-78.833
NC,Chadwick Acres Substation,substation,Jones-Onslow EMC,34.519,-77.373
NC,Changeup Solar,plant,"Changeup Solar, LLC",35.749,-79.787
NC,Chapel Hill Cogeneration Facility,plant,University of North Carolina,35.907,-79.061
NC,Charlie Solar,plant,Cypress Creek Renewables,35.972,-79.609
NC,Charlotte Solar,plant,Cypress Creek Renewables,35.263,-81.822
NC,Chatuge Dam Substation,substation,TVA,35.019,-83.791
NC,Chatuge Hydroelectic Station,plant,Tennessee Valley Authority,35.019,-83.791
NC,Chauncey Solar Farm,plant,"Chauncey Farm, LLC",34.332,-78.529
NC,Chei Solar,plant,Cypress Creek Renewables,35.89,-78.183
NC,Cheoah Power Plant,plant,Brookfield Smoky Mountain Hydropower LP,35.448,-83.938
NC,Cherokee Substation,substation,,35.482,-83.324
NC,Cherryville City Hall Plant,plant,North Carolina Mun Power Agency #1,35.378,-81.38
NC,Cherryville Tie Substation,substation,Duke Energy,35.372,-81.391
NC,Chestnut Solar,plant,Chestnut Solar LLC,36.184,-77.713
NC,Chestnut Substation,substation,Virginia Electric & Power Company,36.178,-77.701
NC,Chiller Plant 1,plant,,35.996,-78.938
NC,Chiller Plant 2,plant,,36.005,-78.946
NC,Chiller Plant 3,plant,,36.003,-78.93
NC,China Grove Main,substation,Duke Energy,35.56,-80.583
NC,Chinquapin Substation,substation,,35.829,-77.478
NC,Choco Solar,plant,Choco Solar LLC,35.5,-77.108
NC,Chocowinity Solar,plant,"Oppidum Renewables USA, LLC",35.518,-77.088
NC,Chowan Jehu Solar,plant,"Chowan Jehu Road Solar, LLC",36.284,-76.602
NC,Chowan Substation,substation,,36.064,-76.601
NC,Church Road Solar,plant,Radian Generation,35.526,-78.628
NC,Church Street Substation,substation,,36.299,-76.248
NC,CII Methane Management IV,plant,Frontier Operation Services,35.512,-78.43
NC,Cirrus Solar,plant,"Oppidum Renewables USA, LLC",35.969,-78.266
NC,Cisco Metering Point,substation,Albemarle EMC,36.212,-76.66
NC,"Clear Solar I, LLC",plant,"Clear Solar I, LLC",35.309,-81.843
NC,Cleghorn Substation,substation,Duke Energy,35.369,-81.953
NC,Cleveland County Generating Facility,plant,Southern Power,35.17,-81.418
NC,Cliffdale Substation,substation,Lumbee River EMC,35.049,-79.064
NC,Cliffside Substation,substation,,35.22,-81.767
NC,Cline Solar Farm,plant,"Cline Solar, LLC",35.72,-81.416
NC,Clinton Substation,substation,Duke Energy Progress,35.058,-78.28
NC,Clipperton Holdings Solar,plant,"Clipperton Holdings, LLC",34.968,-78.355
NC,Clovelly Solar,plant,"Clovelly Solar, LLC",35.417,-78.773
NC,Clyde Substation,substation,Haywood EMC,35.537,-82.924
NC,Coats Solar Farm,plant,Cypress Creek Renewables,35.415,-78.69
NC,Cohen Farm Solar,plant,Cypress Creek Renewables,35.557,-79.197
NC,Colington Substation,substation,Dominion Energy,36.006,-75.674
NC,Collier Substation,substation,South River Electric Membership Corporation,35.205,-78.89
NC,Colonial Substation,substation,Colonial Pipeline Company,36.071,-79.938
NC,Commerce Substation,substation,City of High Point,35.956,-79.998
NC,Community Solar Garden,plant,Cape Hatteras Electric Cooperative,35.215,-75.684
NC,Concord Energy,plant,Concord Energy LLC,35.346,-80.67
NC,Concord Farm,plant,"Shoe Show, Inc.",35.444,-80.664
NC,Concord Main Substation,substation,,35.409,-80.596
NC,Conetoe II Solar,plant,"Conetoe II Solar, LLC",35.817,-77.486
NC,Conetoe Solar,plant,"Conetoe Solar, LLC",35.827,-77.458
NC,Consolidated Diesel Substation,substation,,36.094,-77.726
NC,Coogee Solar,plant,"Coogee Solar, LLC",35.151,-76.825
NC,Cookstown Solar,plant,"Cookstown Solar Farm, LLC",35.435,-77.972
NC,Copperfield Solar,plant,Cypress Creek Renewables,35.341,-79.992
NC,Cork Oak Solar,plant,"Cork Oak Solar, LLC",36.373,-77.572
NC,Cornwall Solar Center,plant,"SRE Utility Solar 1, LLC",36.368,-78.626
NC,Corolla Substation,substation,Dominion Energy,36.359,-75.825
NC,Cotten Solar Farm,plant,"Heelstone Energy Holdings, LLC",35.526,-79.2
NC,Cotton Grove Substation,substation,,35.773,-80.259
NC,Cottonwood Solar,plant,Alchemy Renewable Energy,36.508,-77.615
NC,Cougar Solar,plant,"Cougar Solar, LLC",35.462,-79.181
NC,County Home Solar,plant,NES Rigel,34.922,-79.722
NC,"County Home Solar Center, LLC",plant,"Heelstone Energy Holdings, LLC",35.263,-81.508
NC,Cowans Ford Hydroelectric Station,plant,Duke Energy,35.435,-80.959
NC,CPC Kannapolis Substation,substation,Colonial Pipeline Company,35.484,-80.736
NC,CPC Lexington Substation,substation,Colonial Pipeline Company,35.807,-80.332
NC,Craggy Substation,substation,Duke Energy Progress,35.643,-82.608
NC,Cranberry Substation,substation,Mountain Electric Cooperative,36.152,-81.966
NC,Craven County Wood Energy,plant,CMS Generation Operating Co II,35.129,-77.168
NC,Creech Solar 2,plant,Cypress Creek Renewables,35.724,-78.606
NC,Crestwood Solar Center,plant,"SRE Utility Solar 1, LLC",36.355,-78.582
NC,"Creswell Alligood Solar, LLC",plant,Duke Energy,35.886,-76.379
NC,Creswell Substation,substation,Dominion Energy,35.876,-76.383
NC,Crockett Farm,plant,"Crockett Farm, LLC",35.231,-77.554
NC,Crooked Run Solar,plant,Cypress Creek Renewables,34.677,-77.984
NC,Cruise Solar,plant,"Cruise Solar, LLC",34.687,-77.545
NC,CS Murphy Point,plant,Duke Energy Renewables Services,34.99,-84.166
NC,"Cubera Solar, LLC",plant,"Cubera Solar, LLC",35.33,-78.611
NC,Cullowhee Ret,substation,Western Carolina University Power,35.313,-83.185
NC,Cumberland Road Substation,substation,Fayetteville Public Works,35.015,-78.934
NC,Cumberland Substation,substation,Duke Energy Progress,34.879,-78.782
NC,Cummins Whitakers PV Arrays,plant,"Cummins, Inc.",36.089,-77.725
NC,Currin Solar,plant,Cypress Creek Renewables,36.29,-78.632
NC,Dan River Combined Cycle Station,plant,Duke Energy,36.491,-79.721
NC,Dan River Steam Station Substation,substation,Duke Energy,36.487,-79.72
NC,Dan Valley Retail Substation,substation,Duke Energy,36.415,-79.932
NC,Danbury Retail Substation,substation,Duke Energy,36.406,-80.202
NC,Daniel Solar Farm,plant,Daniel Farm LLC,35.848,-80.553
NC,Davidson County Solar Farm,plant,"SunE B9 Holdings, LLC",35.748,-80.292
NC,Davidson Gas Producers,plant,"Davidson Gas Producers, LLC",35.841,-80.183
NC,Davis Lane Solar,plant,"Heelstone Energy Holdings, LLC",36.108,-76.529
NC,Dawson's Crossroads Substation,substation,Halifax EMC,36.166,-77.514
NC,Daystar Solar,plant,"Daystar Solar, LLC",35.035,-77.198
NC,DD Fayetteville Solar NC,plant,Duke Energy Progress,34.834,-78.843
NC,DE Solar 1725 Drywall Dr,plant,"Duke Energy Carolinas, LLC",35.326,-80.997
NC,Deep Branch Farm,plant,"Deep Branch Farm, LLC",34.67,-79.198
NC,Delco Farm,plant,"Strata Manager, LLC",34.321,-78.208
NC,Delco Substation,substation,,34.326,-78.227
NC,Dement Farm LLC,plant,"SRE Utility Solar 1, LLC",36.273,-78.35
NC,Denton Substation,substation,,35.645,-80.121
NC,Desert Wind Farm,plant,Avangrid Renewables LLC,36.31,-76.411
NC,Dessie Solar Center,plant,Dessie Solar Center LLC,34.303,-78.836
NC,Dibrell Farm,plant,"Strata Manager, LLC",36.472,-79.528
NC,Dickinson Avenue Substation,substation,Greenville Utilities Commission,35.6,-77.398
NC,Dilworth Distribution,substation,Duke Energy,35.215,-80.856
NC,Dixon Dairy Road Solar,plant,Palmetto Power Management LLC,35.2,-81.411
NC,Dogwood Solar Power Project,plant,"Dogwood Solar, LLC",36.121,-77.403
NC,Domtar Paper Power Plant,plant,Domtar Paper Company LLC,35.862,-76.776
NC,Dover Substation,substation,Randolph EMC,35.445,-79.719
NC,Downs Farm Solar,plant,Cypress Creek Renewables,36.363,-76.915
NC,Dragstrip Farm,plant,"Dragstrip Farm, LLC",35.756,-81.416
NC,Drexel Operations Center,plant,North Carolina Mun Power Agency,35.748,-81.607
NC,Duke Energy Complex (Wayne County & HF Lee),plant,Duke Energy,35.374,-78.094
NC,Duke Energy Substation,substation,,35.889,-78.766
NC,Duke Energy Wilmington Substation,substation,,34.254,-77.873
NC,Dunn,plant,Cypress Creek Renewables,35.348,-78.553
NC,Duplin Solar,plant,"SRE Utility Solar 1, LLC",35.01,-78.083
NC,Duplin Solar I,plant,"Duplin Solar I, LLC",34.961,-77.98
NC,Durham Solar,plant,"SRE Utility Solar 1, LLC",36.003,-78.848
NC,Durham Substation,substation,Duke Energy Progress,35.951,-78.75
NC,Eagle Solar,plant,NES Olympos,36.449,-78.161
NC,Earleys Substation,substation,Virginia Electric & Power Company,36.256,-77.079
NC,Eason-Tarboro Substation (Abandoned),substation,Edgecome-Martin County EMC,35.883,-77.529
NC,East Nash PV2,plant,Pine Gate Renewables,35.963,-78.099
NC,East Sylva Retail Substation,substation,Duke Energy,35.376,-83.214
NC,East Wayne Solar,plant,East Wayne Solar LLC,35.442,-77.849
NC,Eastern Bypass Substation,substation,Greenville Utilities Commission,35.623,-77.334
NC,Eastover Solar Farm,plant,"Eastover Farm, LLC",34.739,-79.463
NC,Eastside Substation,substation,Greenville Utilities Commission,35.591,-77.348
NC,ECU Substation,substation,Greenville Utilities Commission,35.599,-77.369
NC,Eden Solar,plant,"Sustainable Power Group, LLC",35.154,-79.634
NC,Edenton Generators,plant,Town of Edenton - (NC),36.029,-76.572
NC,Edenton Solar,plant,Edenton Solar,36.053,-76.545
NC,Edenton Substation,substation,Virginia Electric & Power Company,36.063,-76.601
NC,Edenton Substation,substation,Albemarle EMC,36.091,-76.581
NC,Edgecombe Substation,substation,,36.037,-77.752
NC,Edison Solar Farm,plant,"Strata Manager, LLC",36.52,-79.707
NC,Elizabeth City Substation,substation,,36.314,-76.226
NC,Elizabeth City Substation (Abandoned),substation,Albemarle EMC,36.265,-76.31
NC,Elkin Substation,substation,Duke Energy,36.248,-80.857
NC,Ellerbe Solar,plant,"Sustainable Power Group, LLC",35.098,-79.734
NC,Elliana Solar,plant,Cypress Creek Renewables,36.132,-79.333
NC,Elm City Solar Facility,plant,Duke Energy Progress,35.783,-77.849
NC,Elm City Substation,substation,Duke Energy Progress,35.781,-77.862
NC,Elm Solar,plant,"SRE Utility Solar 1, LLC",35.454,-79.184
NC,Englehard Substation,substation,Tideland EMC,35.515,-76.026
NC,Enka Substation,substation,Duke Energy,35.537,-82.636
NC,Enka Substation,substation,Duke Energy,35.538,-82.638
NC,Ennis Solar,plant,CI-II Mitchell Holding LLC,35.418,-78.717
NC,Eno Substation,substation,Duke Energy,36.045,-79.017
NC,Eros Solar,plant,Sol Systems,35.166,-78.086
NC,Erwin Solar Farm,plant,Erwin Farm LLC,35.333,-78.662
NC,Erwin Substation,substation,Duke Energy Progress,35.337,-78.658
NC,ESA Albemarle NC Solar,plant,"ESA Albemarle NC Solar, LLC",35.395,-80.123
NC,ESA Boston Solar,plant,Sol Systems,36.486,-78.922
NC,ESA Buies Creek Solar,plant,Sol Systems,35.416,-78.716
NC,ESA Four Oaks 2 Solar,plant,ESA Four Oaks 2 NC LLC,35.416,-78.409
NC,"ESA Hamlet NC , LLC",plant,ESA Hamlet NC LLC,34.88,-79.674
NC,ESA Selma Solar,plant,"SRE Utility Solar 1, LLC",35.526,-78.289
NC,ESA Smithfield Solar,plant,"SRE Utility Solar 1, LLC",35.479,-78.337
NC,Evans Substation,substation,Greenville Utilities Commission,35.6,-77.374
NC,Everett PV1,plant,"Ecoplexus, Inc",35.82,-77.308
NC,Everetts Substation,substation,Dominion Energy,35.838,-77.106
NC,Everetts Wildcat Solar,plant,"Everetts Wildcat Solar, LLC",35.853,-77.114
NC,Exum Farm Solar,plant,Cypress Creek Renewables,35.369,-77.454
NC,Facile Solar,plant,Facile Solar LLC,36.1,-79.494
NC,Fair Bluff Substation,substation,Duke Energy Progress,34.314,-79.018
NC,Fairfield Substation,substation,Tideland EMC,35.565,-76.235
NC,Fairfield Substation,substation,City of High Point,35.924,-79.99
NC,Fairmont-FLS 100,plant,"Sustainable Power Group, LLC",34.519,-79.128
NC,Fairview Tie Substation,substation,Duke Energy,35.349,-81.895
NC,Faison Solar,plant,"USF Surry, LLC",35.07,-78.115
NC,Falls Hydro,plant,Cube Hydro Carolinas Yadkin,35.394,-80.075
NC,Farmville Substation,substation,,35.608,-77.595
NC,Farrington Farm,plant,"Strata Manager, LLC",35.833,-79.027
NC,Fayetteville East Substation,substation,,35.099,-78.828
NC,Fayetteville Substation,substation,Duke Energy Progress,35.021,-78.917
NC,Fayetteville Water Substation,substation,Fayetteville Public Works,35.082,-78.866
NC,Fern Solar,plant,BayWa r.e. Solar Projects LLC,36.014,-77.68
NC,Fisher Solar Farm - NC,plant,,35.244,-80.334
NC,Five Forks Solar,plant,Five Forks Solar,36.517,-78.034
NC,Five Points Substation,substation,Dominion Energy,35.574,-76.864
NC,Flash Solar,plant,Cypress Creek Renewables,35.756,-81.233
NC,Flat Meeks PV 1,plant,"Ecoplexus, Inc",35.807,-77.3
NC,Flatwood Farm,plant,"Strata Manager, LLC",35.593,-79.03
NC,Flemming Solar Center,plant,Cypress Creek Renewables,35.669,-77.384
NC,Flint Hill Solar,plant,Cypress Creek Renewables,35.403,-79.553
NC,Flowers Solar,plant,,35.412,-78.602
NC,Floyd Road Solar Farm,plant,Greenbacker Renewable Energy Corporation,36.51,-77.679
NC,Floyd Solar,plant,Cypress Creek Renewables,34.508,-79.137
NC,FLS Solar 170,plant,"Sustainable Power Group, LLC",34.601,-78.972
NC,FLS Solar 200,plant,"Sustainable Power Group, LLC",34.581,-78.945
NC,Folkstone Substation,substation,Jones-Onslow EMC,34.526,-77.51
NC,Folkstone Substation,substation,,34.578,-77.59
NC,Fontana Dam Powerhouse,plant,Tennessee Valley Authority,35.452,-83.805
NC,Fontana Substation,substation,Tennessee Valley Authority,35.451,-83.805
NC,Fort Bragg - Camp Mackall PV BESS System,plant,Ameresco Federal Solutions,35.024,-79.49
NC,Fox Creek Solar,plant,John Laing US Solar CORP,36.127,-78.273
NC,Foxfire Solar Farm,plant,"Foxfire Farm, LLC",35.223,-79.55
NC,Franklin Solar,plant,"Leyline Renewable Energy, LLC",36.097,-78.17
NC,Franklin Solar 2,plant,Franklin Solar 2 LLC,36.127,-78.153
NC,Franklinton Solar,plant,Cypress Creek Renewables,36.081,-78.353
NC,Freemont Solar Center,plant,"Heelstone Energy Holdings, LLC",35.426,-80.996
NC,Freight Line Solar,plant,North Carolina Electric Member Corp,34.969,-77.759
NC,Fremont Solar Farm,plant,Fremont Farm LLC,35.533,-77.97
NC,Frisco Substation,substation,CHEC,35.243,-75.616
NC,Frog Level Substation,substation,Greenville Utilities Commission,35.569,-77.445
NC,Fuquay Farm,plant,"Strata Manager, LLC",35.565,-78.71
NC,Fuquay Wade Nash Substation,substation,Duke Energy Progress,35.616,-78.816
NC,Gainey Solar,plant,Cypress Creek Renewables,34.499,-78.653
NC,Gamble Solar,plant,"Oppidum Renewables USA, LLC",35.35,-81.819
NC,Garrell Solar Farm,plant,"Garrell Solar Farm, LLC",34.325,-78.792
NC,Garysburg Solar,plant,Garysburg Solar LLC,36.469,-77.594
NC,Gaston Power Plant,plant,Virginia Electric & Power Company,36.499,-77.812
NC,Gaston Solar,plant,Gaston Solar LLC,36.516,-77.657
NC,Gaston Solar Power Plant,plant,Duke Energy,35.321,-81.343
NC,Gaston Substation,substation,Virginia Electric & Power Company,36.499,-77.811
NC,Gastonia Prime Power Park,plant,North Carolina Mun Power Agency #1,35.303,-81.209
NC,Gastonia Solar Center,plant,"Adapture Renewables, Inc.",35.228,-81.19
NC,Gates Solar,plant,"Oppidum Renewables USA, LLC",36.449,-76.803
NC,Germantown Solar,plant,Cypress Creek Renewables,36.246,-80.256
NC,Gilead,plant,"Strata Manager, LLC",35.198,-80.013
NC,GKS Solar,plant,Cypress Creek Renewables,36.251,-76.502
NC,Gladstone Farm,plant,"Strata Manager, LLC",35.214,-79.556
NC,Glen Alpine Retail Substation,substation,Duke Energy,35.729,-81.777
NC,Glenwood Retail Substation,substation,Duke Energy,35.62,-81.984
NC,Gliden Solar,plant,Greenbacker Renewable Energy Corporation,36.302,-76.604
NC,Goldsboro Substation,substation,,35.368,-77.914
NC,Goodyear Substation,substation,,35.169,-78.859
NC,Gorham-Grimes Substation,substation,Edgecombe-Martin County EMC,35.978,-77.765
NC,Graham Solar Center,plant,Graham Solar Center LLC,34.31,-79.014
NC,Grandy Solar Farm,plant,Ecoplexus Inc.,36.234,-75.88
NC,Granite Falls Substation,substation,Duke Energy,35.803,-81.446
NC,Granville Solar PV Power Project,plant,Southern Power,36.409,-78.597
NC,Green Farm,plant,Cypress Creek Renewables,35.836,-77.267
NC,Greensboro Tie Substation,substation,Duke Energy,36.122,-79.781
NC,Greenville Substation,substation,Duke Energy Progress,35.626,-77.366
NC,Grifton Substation,substation,,35.362,-77.442
NC,"Grissom Solar, LLC",plant,"Grissom Solar, LLC",36.239,-77.839
NC,Grove Solar,plant,Sol Systems,35.169,-77.118
NC,GRS CMS Landfill Gas Recovery,plant,Gas Recovery Systems Inc,35.353,-80.668
NC,Gutenberg Solar,plant,Dominion Energy Inc,36.468,-77.532
NC,Guyton Substation,substation,Four County EMC,34.632,-78.756
NC,H.F. Lee Combined Cycle Plant,plant,Duke Energy Progress,35.373,-78.089
NC,Halifax Solar,plant,"HXOap Solar One, LLC",36.439,-77.71
NC,Halifax Substation,substation,Halifax EMC,36.349,-77.672
NC,Halifax Yard (Abandoned),substation,,36.348,-77.671
NC,Hall Solar Energy Storage,plant,North Carolina Electric Member Corp,34.798,-77.947
NC,Hamlet Generating Facility,plant,North Carolina Electric Member Corp,34.842,-79.737
NC,Hamlet Solar Energy Storage,plant,North Carolina El Member Corp,34.846,-79.733
NC,Hammer Substation,substation,City of High Point,35.979,-80.019
NC,Hanover Solar,plant,Radian Generation,34.807,-77.206
NC,Happy Solar,plant,,35.396,-78.511
NC,Hardison Farm Solar,plant,Cypress Creek Renewables,35.831,-77.022
NC,Harkers Island Station,substation,Carteret-Craven Electric Cooperative,34.697,-76.565
NC,Harrell's Hill Solar Center,plant,"SRE Utility Solar 1, LLC",35.213,-78.089
NC,Harrington Substation,substation,South River Electric Membership Corporation,35.427,-78.971
NC,Harris Nuclear Plant,plant,Duke Energy Progress,35.634,-78.957
NC,Harrisburg Substation,substation,Duke Energy,35.313,-80.692
NC,"Harrison Solar, LLC",plant,"Harrison Solar, LLC",34.985,-78.524
NC,Harts Mill Solar,plant,Pine Gate Renewables,35.899,-77.64
NC,Harvest Beulaville Solar,plant,Alchemy Renewable Energy,34.904,-77.784
NC,Hathaway Substation,substation,,36.043,-77.753
NC,Hatteras Substation,substation,Cape Hatteras EMC,35.216,-75.687
NC,Havelock Substation,substation,Duke Energy Progress,34.914,-76.944
NC,Haw River Hydro,plant,Haw River Hydro Company,35.948,-79.325
NC,Hawtree Solar,plant,"Hawtree Creek Farm Solar, LLC",36.528,-78.111
NC,"Hayes Solar, LLC",plant,"Hayes Solar, LLC",36.39,-80.737
NC,Hayesville Substation,substation,Duke Energy,35.03,-83.823
NC,Haynes Farm,plant,"Haynes Farm, LLC",35.526,-81.235
NC,Haywood Farm Solar,plant,"CD Global Solar Holdings, LLC",35.341,-79.9
NC,Hazelwood Substation,substation,Duke Energy,35.484,-83.007
NC,HCE Johnston I Solar,plant,"HCE Johnston I, LLC",35.561,-78.596
NC,HCE Moore I,plant,"HCE Moore I, LLC",35.134,-79.42
NC,Healing Springs Substation,substation,,35.624,-80.182
NC,Hector Solar Farm,plant,"Hector Farm, LLC",35.377,-79.913
NC,Heedeh Solar,plant,NES Rigel,34.308,-78.224
NC,Hemlock Solar,plant,Hemlock Solar LLC,36.469,-77.597
NC,Henderson Substation,substation,Duke Energy,35.342,-82.469
NC,Henderson Substation,substation,,36.31,-78.425
NC,Hendersonville Tie Substation,substation,Duke Energy,35.27,-82.407
NC,Henry Farm,plant,"Strata Manager, LLC",35.861,-79.58
NC,Hertford Solar Farm,plant,Duke Energy Renewables Services,36.133,-76.489
NC,Hertford Solar Power,plant,"Four Brothers 2, LLC",36.274,-77.028
NC,Hew Fulton Farm,plant,"Hew Fulton Farm, LLC",34.784,-79.475
NC,Hickory Solar,plant,Current Energy Group,34.803,-78.008
NC,Hickory Tie Substation,substation,Duke Energy,35.715,-81.342
NC,High Point Tie Substation,substation,,35.935,-79.999
NC,High Rock Hydro,plant,Cube Hydro Carolinas Yadkin,35.601,-80.233
NC,High Shoals Hydro,plant,"Central Rivers Power US, LLC",35.394,-81.201
NC,High Shoals PV1,plant,"Ecoplexus, Inc",35.396,-81.219
NC,Highest Power Solar,plant,Solterra Partners,36.105,-78.248
NC,Highland Solar Center,plant,"SRE Utility Solar 1, LLC",35.365,-77.453
NC,Highwater Solar I,plant,Cypress Creek Renewables,35.435,-77.99
NC,Highway 401 Substation,substation,Lumbee River EMC,35.033,-79.068
NC,Hilltop Substation,substation,Duke Energy,35.268,-81.319
NC,Hiwassee Dam Powerhouse,plant,Tennessee Valley Authority,35.151,-84.178
NC,Holly Ridge Switching Station,substation,Jones-Onslow EMC,34.48,-77.557
NC,Holly Swamp Solar,plant,North Carolina Electric Member Corp,34.664,-79.134
NC,Hollywood Substation,substation,Greenville Utilities Commission,35.531,-77.319
NC,Holstein Plant,plant,"Holstein Holdings, LLC",34.774,-79.339
NC,Hope Mills Church Street 115kV Substation,substation,Duke Energy,34.963,-78.94
NC,Hopewell Friends Solar,plant,Cypress Creek Renewables,35.629,-79.872
NC,Hornertown Substation,substation,Domion Energy,36.446,-77.659
NC,Hornet Solar Project,plant,Capital Power,35.402,-81.028
NC,Horsehoe Tie Substation,substation,Duke Energy,35.354,-82.537
NC,Hot Springs Energy Storage & Microgrid,plant,Duke Energy Progress - (NC),35.886,-82.826
NC,Howell Midland Solar Farm,plant,"Howell Midland Farm, LLC",35.226,-80.544
NC,Huntersville Delivery No 2,plant,North Carolina Mun Power Agency #1,35.383,-80.833
NC,Husky Solar,plant,Cypress Creek Renewables,36.285,-79.568
NC,Hutchinson Farm,plant,"Strata Manager, LLC",35.26,-81.517
NC,HWY 158 PV,plant,"Ecoplexus, Inc",36.424,-77.074
NC,HXNAir Solar One,plant,HXNAir Solar One LLC,36.349,-77.631
NC,Icard Retail Substation,substation,Duke Energy,35.729,-81.473
NC,Ingold Substation,substation,Four County EMC,34.839,-78.317
NC,Innovative Solar 10,plant,Cypress Creek Renewables,35.473,-82.89
NC,"Innovative Solar 14, LLC",plant,AES Distributed Energy,35.369,-82.359
NC,Innovative Solar 15,plant,AES Distributed Energy,35.32,-81.766
NC,Innovative Solar 16,plant,Cypress Creek Renewables,35.363,-82.352
NC,Innovative Solar 18,plant,Cypress Creek Renewables,35.377,-81.795
NC,Innovative Solar 23,plant,"SRE Utility Solar 1, LLC",35.26,-81.418
NC,Innovative Solar 26,plant,Cypress Creek Renewables,35.71,-81.413
NC,Innovative Solar 31,plant,US Funding 1,34.544,-78.752
NC,Innovative Solar 35,plant,"CD Global Solar Holdings, LLC",35.06,-77.827
NC,"Innovative Solar 35, LLC",plant,"CD Global Solar Holdings, LLC",35.046,-77.848
NC,Innovative Solar 37,plant,Dominion Renewable Energy,34.829,-79.949
NC,Innovative Solar 42,plant,"Innovative Solar 42, LLC",34.841,-78.878
NC,Innovative Solar 43,plant,Cypress Creek Renewables,34.532,-78.313
NC,Innovative Solar 44,plant,Cypress Creek Renewables,34.857,-79.105
NC,Innovative Solar 46,plant,Cypress Creek Renewables,34.916,-78.932
NC,Innovative Solar 47,plant,"Innovative Solar 47, LLC",34.802,-79.331
NC,Innovative Solar 48,plant,Cypress Creek Renewables,34.713,-79.302
NC,Innovative Solar 54,plant,John Laing US Solar Corp.,35.206,-77.713
NC,Innovative Solar 55,plant,Cypress Creek Renewables,34.696,-79.217
NC,Innovative Solar 59,plant,"CD Global Solar Holdings, LLC",36.095,-77.979
NC,Innovative Solar 6,plant,Cypress Creek Renewables,35.658,-82.711
NC,Innovative Solar 60,plant,"CD Global Solar Holdings, LLC",36.092,-77.993
NC,Innovative Solar 63,plant,Cypress Creek Renewables,35.394,-77.621
NC,Innovative Solar 64,plant,Cypress Creek Renewables,35.042,-78.334
NC,Innovative Solar 65,plant,Cypress Creek Renewables,34.762,-79.502
NC,Innovative Solar 67,plant,John Laing US Solar Corp.,34.616,-78.001
NC,Innovativs Solar Substation,substation,,34.827,-79.95
NC,International Paper Riegelwood Mill Power Plant,plant,International Paper Co-Riegelwood,34.353,-78.213
NC,Iredell County LFG Facility,plant,Iredell Transmission LLC,35.769,-80.826
NC,Ivy River Hydro,plant,Madison Hydro Partners,35.771,-82.619
NC,Jackson Solar Farm,plant,"GCL New Energy, Inc.",35.753,-77.856
NC,Jackson Street Substation,substation,,36.064,-76.6
NC,Jackson Substation,substation,Roanoke EMC,36.411,-77.4
NC,Jacksonville City Substation,substation,,34.757,-77.428
NC,Jacksonville Substation,substation,,34.803,-77.447
NC,Jacob Solar,plant,Cypress Creek Renewables,36.291,-79.624
NC,Jakana Solar,plant,"Strata Manager, LLC",35.875,-77.081
NC,James C Hall Substation,substation,Edgecome-Martin County EMC,35.758,-77.512
NC,James E. Rogers Energy Complex,plant,Duke Energy,35.217,-81.76
NC,"Jamesville Road Solar, LLC",plant,Greenbacker Renewable Energy Corporation,35.844,-76.798
NC,Jenkins Branch Retail Substation,substation,Duke Energy,35.411,-83.454
NC,Jersey Holdings Solar,plant,"Heelstone Energy Holdings, LLC",34.565,-79.034
NC,Jester Solar,plant,Sol Systems,35.366,-77.886
NC,Jonesboro Substation,substation,Duke Energy Progress,35.467,-79.135
NC,Jordan Hydroelectric Project,plant,Jordan Hydroelectric LTD PTP,35.655,-79.068
NC,Kalish Farm Solar,plant,"Strata Manager, LLC",35.309,-79.721
NC,Kannapolis Substation,substation,Duke Energy,35.451,-80.619
NC,KapStone Kraft Paper Power Plant,plant,"Westrock Kraft Paper, LLC",36.476,-77.641
NC,Kathleen Solar,plant,Sol Systems,35.517,-78.802
NC,Keen Farm,plant,"Strata Manager, LLC",35.427,-78.403
NC,Keener Substation,substation,South River Electric Membership Corporation,35.117,-78.325
NC,Kelford,plant,"Colonial Eagle Solar, LLC",36.154,-77.208
NC,Kelford,plant,Cypress Creek Renewables,36.156,-77.219
NC,Kelford Substation,substation,Virginia Electric & Power Company,36.165,-77.218
NC,Kelly Solar,plant,"Kelly Solar, LLC",36.392,-78.448
NC,Kenansville Solar,plant,"Sustainable Power Group, LLC",34.986,-78.037
NC,Kenansville Solar 2,plant,Cypress Creek Renewables,34.956,-77.985
NC,Kenansville Solar Farm,plant,"SRE Utility Solar 1, LLC",34.97,-77.974
NC,Kendall Farm,plant,"Strata Manager, LLC",35.85,-79.555
NC,Kenilworth Substation,substation,,35.198,-80.848
NC,Kennedy Solar,plant,Cypress Creek Renewables,34.974,-78.089
NC,Kenneth Solar,plant,Cypress Creek Renewables,36.422,-78.152
NC,Key Street Substation,substation,Duke Energy,36.38,-80.476
NC,Kings Mountain City Substation #1,substation,Duke Energy,35.246,-81.34
NC,Kings Mountain Energy Center,plant,"Carolina Power Partners, LLC",35.201,-81.361
NC,Kinston Davis Solar Farm,plant,"Kinston Davis Farm, LLC",35.218,-77.642
NC,Kinston Solar,plant,Cypress Creek Renewables,35.352,-77.471
NC,Kinston Solar,plant,Kinston Solar LLC,35.371,-77.607
NC,Kirkwall Holdings Solar,plant,Cypress Creek Renewables,34.988,-78.137
NC,Kittrell Substation,substation,Wake Electric,36.181,-78.447
NC,Kitty Hawk Substation,substation,Dominion Energy,36.067,-75.7
NC,Knightdale Battery,plant,Duke Energy Progress - (NC),35.785,-78.455
NC,Kojak Farm,plant,"Kojak Farm, LLC",35.8,-78.101
NC,"Lafayette Solar I, LLC",plant,"SRE Utility Solar 1, LLC",35.233,-81.564
NC,Lake Emory Substation,substation,Duke Energy,35.22,-83.376
NC,Lake Gaston Substation,substation,Virginia Electric & Power Company,36.491,-77.812
NC,Lake Lure Dam,plant,Town of Lake Lure,35.426,-82.184
NC,Lake Lure Retail Substation,substation,Duke Energy,35.425,-82.184
NC,Lakeview Substation,substation,,36.475,-77.671
NC,Lakewood Substation,substation,Duke Energy,35.25,-80.876
NC,Lane II Solar,plant,NES Olympos,35.4,-78.052
NC,Lane Solar,plant,Lane Solar Farm LLC,35.403,-78.054
NC,Lang Solar Farm,plant,"Lang Solar Farm, LLC",35.318,-77.842
NC,"Langdon Solar Farm, LLC",plant,"Strata Manager, LLC",35.448,-78.413
NC,Langley PV1,plant,"Ecoplexus, Inc",35.8,-77.85
NC,Lanier Solar,plant,Cypress Creek Renewables,34.896,-77.809
NC,Laurinburg Farm,plant,"Laurinburg Farm, LLC",34.76,-79.443
NC,Laurinburg Solar,plant,Cypress Creek Renewables,34.757,-79.426
NC,"Laurinburg Solar, LLC (Heelstone)",plant,"SRE Utility Solar 1, LLC",34.752,-79.394
NC,Laurinburg Substation,substation,Lumbee River EMC,34.748,-79.406
NC,Laurinburg Substation,substation,Duke Energy Progress,34.76,-79.438
NC,Lawndale Substation,substation,Duke Energy,35.411,-81.566
NC,Lee Steam Substation,substation,,35.38,-78.089
NC,Lee Substation,substation,Duke Energy Progress,35.377,-78.095
NC,Lee-Leggettts Substation #5,substation,Edgecombe-Martin County Electric Membership Corporation,35.681,-77.159
NC,Leggett Solar,plant,Cypress Creek Renewables,36.059,-77.625
NC,Lenoir Solar Farm,plant,Lenoir Farm LLC,35.331,-77.666
NC,Lenoir Solar Farm 2,plant,Lenoir Farm 2 LLC,35.353,-77.475
NC,Lewiston Solar,plant,"Strata Manager, LLC",36.141,-77.212
NC,Lexington Generators,plant,North Carolina Mun Power Agency #1,35.773,-80.259
NC,Lexington Health Center Generator,plant,North Carolina Mun Power Agency #1,35.831,-80.242
NC,Liberty Hill Substation,substation,Randolph EMC,35.325,-79.998
NC,Liberty Substation,substation,Duke Energy Progress,35.85,-79.577
NC,Lick Creek Solar,plant,FLS Energy INC,36.29,-80.121
NC,Lighthouse Substation,substation,CHEMC,35.799,-75.547
NC,Lillington Solar,plant,Lillington Solar LLC,35.369,-78.803
NC,Lincoln Combustion Turbine Station,plant,Duke Energy,35.431,-81.036
NC,Lincoln Solar,plant,Cypress Creek Renewables,35.38,-81.815
NC,Lincoln Substation,substation,Duke Energy,35.433,-81.033
NC,Linconton Substation,substation,,35.474,-81.237
NC,Linctonton City Substation,substation,Duke Energy,35.471,-81.246
NC,Lisbon Substation,substation,Four County EMC,34.519,-78.525
NC,Little Mountain Solar,plant,CI-II Mitchell Holding LLC,36.195,-80.803
NC,Little River PV 1,plant,"Ecoplexus, Inc",35.539,-79.803
NC,Littlefield Solar Center,plant,"SRE Utility Solar 1, LLC",35.433,-77.439
NC,Littleton Substation,substation,Duke Energy Progress,36.434,-77.93
NC,Long Creek Waste Water Peaking Plant,plant,City of Gastonia,35.309,-81.135
NC,"Long Farm 46 Solar, LLC",plant,"Long Farm 46 Solar, LLC",36.467,-77.618
NC,Long Henry Solar,plant,Cypress Creek Renewables,35.196,-77.895
NC,Longview Substation,substation,Duke Energy,35.721,-81.41
NC,Lookout Shoals Dam,plant,Duke Energy,35.758,-81.089
NC,Lotus Solar,plant,Cypress Creek Renewables,36.139,-79.541
NC,Ludie Brown Solar Energy Storage,plant,North Carolina Electric Member Corp,34.831,-77.771
NC,Lumberton 115kV Substation,substation,Duke Energy,34.617,-79.013
NC,Lumberton Power Plant,plant,NC Renewable Power - Lumberton LLC,34.592,-78.995
NC,Lux Solar,plant,Cypress Creek Renewables,35.241,-81.429
NC,MacGregor Downs Substation,substation,Greenville Utilities Commission,35.613,-77.432
NC,Mackeys Substation,substation,Dominion Energy,35.927,-76.619
NC,Madison Retail Substation,substation,Duke Energy,36.383,-79.958
NC,Madison Tie Substation,substation,,36.406,-79.953
NC,Maggie Valley Substation,substation,Duke Energy,35.519,-83.054
NC,Maiden Creek Solar Power Plant,plant,Duke Energy,35.599,-81.166
NC,Manning PV 1,plant,"Ecoplexus, Inc",36.12,-79.522
NC,Manns Harbour Substation,substation,Tideland EMC,35.886,-75.764
NC,Manway Solar Farm,plant,"Manway Solar, LLC",34.746,-78.429
NC,Mapleton Substation,substation,Roanoke EMC,36.409,-77.082
NC,Marble Tie Substation,substation,Duke Energy,35.19,-83.915
NC,Margarettsville Substation,substation,,36.536,-77.36
NC,Marion Main Substation,substation,,35.676,-81.994
NC,Mariposa Solar Center,plant,"Heelstone Energy Holdings, LLC",35.375,-81.087
NC,Market Farm,plant,Palmetto Power Management LLC,36.393,-79.648
NC,Marshall Dam,plant,Duke Energy Progress,35.793,-82.71
NC,Marshall Hydroelectric Step-Up,substation,Duke Energy,35.792,-82.711
NC,Marshall Steam Station,plant,Duke Energy,35.609,-80.964
NC,Marshall Steam Substation,substation,Duke Energy,35.597,-80.967
NC,Marshville Farm,plant,"Strata Manager, LLC",34.989,-80.385
NC,Martin County Substation,substation,Edgecombe-Martin County EMC,35.812,-77.292
NC,Martin Creek Farm,plant,Martin Creek Farm LLC,36.287,-78.386
NC,"Martins Creek Solar NC, LLC",plant,Duke Energy Renewables Services,35.02,-84.016
NC,Mattamaskeet Substation,substation,Tideland EMC,35.521,-76.322
NC,Maury Substation,substation,Pitt & Greene EMC,35.479,-77.594
NC,Maxton Solar,plant,Cypress Creek Renewables,34.714,-79.314
NC,Mayberry Solar,plant,"Oppidum Renewables USA, LLC",36.476,-80.601
NC,Mayo Generating Plant,plant,Duke Energy Progress,36.527,-78.891
NC,Mayo Substation,substation,,36.525,-78.888
NC,Mayo-Dunbar Substation,substation,Edgecombe-Martin County EMC,35.964,-77.672
NC,MC1 Solar,plant,"MC1 Solar Farm, LLC",35.873,-77.143
NC,McAdenville Substation,substation,,35.269,-81.087
NC,McCallum Farm,plant,"McCallum Farm, LLC",34.544,-79.3
NC,McDowell Substation,substation,Duke Energy,35.644,-81.955
NC,McGoogan Farm,plant,"McGoogan Farm, LLC",34.889,-79.062
NC,McGrigor Farm Solar,plant,Carolina Solar Energy LLC,35.02,-78.351
NC,McGuire Nuclear Station,plant,Duke Energy,35.432,-80.947
NC,McGuire Substation,substation,Duke Energy,35.422,-80.946
NC,McKenzie Solar Farm,plant,"McKenzie Farm, LLC",34.324,-78.691
NC,McLean Homestead,plant,SolRiver Capital LLC,34.787,-79.498
NC,Meadowbrook Solar Farm,plant,Cypress Creek Renewables,35.555,-80.387
NC,Meadows PV 1,plant,"Fresh Air Energy XVIII, LLC",35.835,-77.125
NC,Medoc Substation,substation,Halifax EMC,36.248,-77.851
NC,Meeks Solar,plant,Alchemy Renewable Energy,35.815,-77.291
NC,Melinda Solar,plant,Cypress Creek Renewables,36.249,-78.348
NC,Meriwether Solar Farm,plant,"Meriwether Farm, LLC",36.289,-78.607
NC,Metropolitan Sewerage District Power Plant,plant,Metropolitan Sewerage District,35.65,-82.599
NC,Mile Farm,plant,Palmetto Power Management LLC,36.23,-78.95
NC,Mill Pond Solar,plant,Greenbacker Renewable Energy Corporation,35.827,-76.791
NC,Mill Pond Solar Farm,plant,"Altus Power America Management, LLC",34.307,-78.7
NC,Millers Chapel Solar,plant,"Millers Chapel Solar, LLC",35.361,-77.897
NC,Millers Creek Substation,substation,,36.189,-81.236
NC,Millikan Solar Farm,plant,Cypress Creek Renewables,35.818,-79.771
NC,Mills Anson Farm,plant,"Strata Manager, LLC",34.969,-79.943
NC,Milo Solar,plant,Milo Solar LLC,36.15,-79.349
NC,Minnie Solar,plant,Minnie Solar LLC,35.95,-79.361
NC,Misenheimer Solar,plant,Misenheimer Solar LLC,35.49,-80.295
NC,Misenheimer Solar Farm,plant,"Misenheimer Farm, LLC",35.469,-80.295
NC,Mitchell River Tie Substation,substation,Duke Energy,36.261,-80.783
NC,Mocksville Solar,plant,Duke Energy,35.834,-80.574
NC,Mocksville Solar Farm,plant,Mocksville Lessee LLC,35.879,-80.543
NC,Mocksville Substation,substation,,35.862,-80.544
NC,Mocksville Substation,substation,Duke Energy,35.887,-80.557
NC,Modlin Solar Farm,plant,Cypress Creek Renewables,35.852,-77.108
NC,Moncure Farm,plant,"Strata Manager, LLC",35.567,-79.033
NC,Monroe Generating Station,plant,North Carolina Mun Power Agency #1,34.986,-80.506
NC,Monroe Middle School Plant,plant,North Carolina Mun Power Agency #1,34.973,-80.54
NC,Monroe Moore Farm,plant,"Heelstone Energy Holdings, LLC",34.972,-80.601
NC,Monroe Solar Facility,plant,Duke Energy,34.93,-80.631
NC,Montgomery Solar,plant,"Oppidum Renewables USA, LLC",35.345,-79.765
NC,Moore Solar,plant,"Moore Solar, LLC",36.294,-79.74
NC,Moore Solar Farm,plant,"Strata Manager, LLC",36.273,-79.762
NC,Mooresboro Ret Substation,substation,Duke Energy,35.295,-81.698
NC,Moorings Solar Farm,plant,Moorings Farm LLC,35.304,-77.83
NC,Moorings Solar Farm 2,plant,"Moorings Farm 2, LLC",35.299,-77.822
NC,Morehead Wildwood Substation,substation,Duke Energy Progress,34.749,-76.803
NC,Morgan Solar Farm,plant,"SRE Utility Solar 1, LLC",36.1,-78.156
NC,Morgan's Corner Solar,plant,Virginia Electric & Power Company,36.418,-76.366
NC,Morgans Corner Substation,substation,Albemarle EMC,36.422,-76.367
NC,Morganton Station 5,plant,North Carolina Mun Power Agency,35.729,-81.748
NC,"Morganton, Parker Road",plant,North Carolina Mun Power Agency,35.721,-81.662
NC,Morning View Solar,plant,Cypress Creek Renewables,35.547,-79.745
NC,Motley Tie Substation,substation,Duke Energy,36.496,-79.72
NC,Mount Gilead Industrial Substation,substation,Duke Energy Progress,35.253,-79.976
NC,Mount Olive Farm,plant,"Strata Manager, LLC",35.201,-78.084
NC,Mount Olive Solar,plant,AES Distributed Energy,35.179,-78.099
NC,Mountain Island Dam,plant,Duke Energy,35.334,-80.987
NC,Moyock Substation,substation,,36.476,-76.137
NC,Mt Olive Farm 2,plant,"Strata Manager, LLC",35.22,-78.07
NC,Mt Olive Solar 1,plant,Cypress Creek Renewables,35.181,-78.099
NC,Mt. Gilead Substation,substation,Duke Energy Progress,35.219,-80.009
NC,Mt. Olive Substation,substation,Duke Energy Progress,35.187,-78.109
NC,Mt. Pleasant Substation,substation,Greenville Utilities Commission,35.664,-77.407
NC,Mule Farm Solar,plant,"Mule Farm Solar, LLC",35.388,-78.541
NC,Murdock Solar,plant,Cypress Creek Renewables,35.663,-78.521
NC,Murphey Substation,substation,Four County EMC,34.805,-77.942
NC,"Murphy Farm Power, LLC",plant,Duke Energy Renewables Services,34.999,-84.157
NC,Murphy Substation,substation,Tennessee Valley Authority,35.096,-84.022
NC,Murphy Substation,substation,,36.442,-77.113
NC,Mustang Solar,plant,"Mustang Solar, LLC",35.416,-79.574
NC,Nags Head Substation,substation,Dominion Energy,35.92,-75.608
NC,Nahunta Substation,substation,Pitt & Greene EMC,35.506,-77.775
NC,Nantahala Hydro Power Plant,plant,Duke Energy,35.271,-83.676
NC,Nantahala Substation,substation,Duke Energy,35.272,-83.677
NC,Narrows Power Plant,plant,Cube Hydro Carolinas Yadkin,35.419,-80.092
NC,Nash 58 Farm,plant,Nash 58 Farm LLC,36.048,-78.029
NC,Nash 64 Farm,plant,Nash 64 Farm LLC,35.949,-78.093
NC,Nash 97 Solar,plant,,35.852,-78.206
NC,Nash 97 Solar 2,plant,"Nash 97 Solar 2, LLC",35.85,-78.212
NC,Nash Substation,substation,Dominion Energy,36.032,-77.759
NC,"Nashville Farms, LLC",plant,"SRE Utility Solar 1, LLC",36.022,-78.008
NC,NC 102 Project,plant,NC 102 Project LLC,35.299,-80.497
NC,NCSU Cates Cogeneration Plant,plant,"NC State University, Energy Systems",35.784,-78.675
NC,NCSU CCUP Cogeneration Plant,plant,"NC State University, Energy Systems",35.776,-78.674
NC,Neisler Street Solar,plant,"Neisler Street Solar I, LLC",35.29,-81.568
NC,Neuse River Solar Farm,plant,CleanCapital,35.714,-78.5
NC,New Bern Solar Farm,plant,New Bern Farm LLC,35.208,-77.057
NC,New Bern West Substation,substation,Duke Energy Progress,35.141,-77.123
NC,New Hope Substation,substation,,35.377,-77.923
NC,Newton Grove Solar,plant,"SRE Utility Solar 1, LLC",35.251,-78.366
NC,Nick Solar,plant,AES Distributed Energy,35.992,-79.548
NC,"Nickelson Solar, LLC",plant,,34.749,-77.988
NC,Nitro Solar,plant,USF Surry LLC,35.49,-78.307
NC,North 301 Solar,plant,"North 301 Solar, LLC",36.209,-77.627
NC,North Carolina Solar Bethea I,plant,Greenbacker Renewable Energy,34.705,-79.526
NC,North Carolina Solar III LLC,plant,"SRE Utility Solar 1, LLC",34.769,-79.557
NC,North Charlotte Substation,substation,,35.244,-80.814
NC,North Lumberton Substation,substation,Lumbee River EMC,34.693,-78.989
NC,"North Nash Farm, LLC",plant,"Strata Manager, LLC",36.072,-78.039
NC,Northern Cardinal Solar,plant,Terraform Arcadia,36.433,-77.72
NC,Northside Substation,substation,Greenville Utilities Commission,35.651,-77.362
NC,Norwood Hollow Substation,substation,Mountain EMC,36.134,-81.85
NC,Norwood Substation,substation,,35.231,-80.135
NC,Nucor Steel Substation,substation,Nucor Steel,36.352,-76.809
NC,Oak Island Substation,substation,Brunswick EMC,33.911,-78.075
NC,Oak Solar,plant,Oak Solar LLC,36.536,-77.764
NC,Oak Trail Solar,plant,"Leeward Asset Management, LLC",36.498,-76.19
NC,Oakboro Farm,plant,Palmetto Power Management LLC,34.795,-79.54
NC,Oakboro Tie Substation,substation,Duke Energy,35.219,-80.338
NC,Oakwood Solar Farm,plant,"Oakwood Solar, LLC",36.091,-79.233
NC,Ocracoke Peaking Generator,plant,North Carolina El Member Corp,35.109,-75.98
NC,Ocracoke Substation,substation,Tideland EMC,35.109,-75.98
NC,Okisko Substation,substation,Dominion Energy,36.25,-76.334
NC,Old Caroleen Solar Farm,plant,Cypress Creek Renewables,35.298,-81.812
NC,Old Catawba PV 1,plant,"Ecoplexus, Inc",35.712,-81.133
NC,Old Cedar Solar Energy Storage,plant,North Carolina Electric Member Corp,35.711,-79.79
NC,Old Farm Substation,substation,South River Electric Membership Corporation,35.255,-78.963
NC,Old Fort Retail Substation,substation,Duke Energy,35.634,-82.172
NC,Old Pageland Monroe Road Solar Farm,plant,Cypress Creek Renewables,34.952,-80.483
NC,Old Wire Farm,plant,"Old Wire Farm, LLC",34.821,-79.515
NC,Onslow Solar,plant,"1073 Onslow Solar, LLC",34.773,-77.186
NC,Orchard Tie Substation,substation,Duke Energy,35.598,-81.276
NC,Organ Church Solar,plant,Rigel,35.513,-80.457
NC,Oteen Substation,substation,Duke Energy,35.569,-82.502
NC,Otway Station,substation,Carteret-Craven Electric Cooperative,34.778,-76.56
NC,Ouchchy PV1,plant,"Ecoplexus, Inc",36.084,-79.244
NC,Overhill Solar,plant,"Strata Manager, LLC",34.982,-78.315
NC,Owen Solar,plant,Owen Solar LLC,35.586,-81.316
NC,Oxford Dam,plant,Duke Energy,35.821,-81.192
NC,Page Solar,plant,"Page Solar Farm, LLC",35.533,-78.639
NC,Pamlico Partners Solar,plant,"Pamlico Partners Solar, LLC",35.502,-76.876
NC,Panda Solar NC 1,plant,"Panda Solar NC 1, LLC",34.436,-79.09
NC,Panda Solar NC 10,plant,"Panda Solar NC 10, LLC",34.909,-78.916
NC,Panda Solar NC 11,plant,"Panda Solar NC 11, LLC",34.908,-78.915
NC,Panda Solar NC 2,plant,"Panda Solar NC 2, LLC",34.439,-79.083
NC,Panda Solar NC 3,plant,"Panda Solar NC 3, LLC",34.63,-79.092
NC,Panda Solar NC 4,plant,"Panda Solar NC 4, LLC",34.519,-78.523
NC,Panda Solar NC 5,plant,"Panda Solar NC 5, LLC",35.047,-78.811
NC,"Panda Solar NC 6, LLC",plant,"Panda Solar NC 6, LLC",34.353,-78.788
NC,Panda Solar NC 7,plant,"Panda Solar NC 7, LLC",35.122,-78.204
NC,Panda Solar NC 8,plant,"Panda Solar NC 8, LLC",35.421,-79.705
NC,Panda Solar NC 9,plant,"Panda Solar NC 9, LLC",34.91,-78.917
NC,Pantego Substation,substation,Dominion Energy,35.586,-76.648
NC,Pantego Substation,substation,Tideland EMC,35.586,-76.647
NC,Park Road Substation,substation,Duke Energy,35.152,-80.849
NC,Parkwood Substation,substation,Duke Energy,35.871,-78.931
NC,Parmele Substation,substation,Dominion Energy,35.807,-77.318
NC,Partin Solar,plant,"Partin Solar, LLC",36.268,-80.813
NC,Pasquotank Substation,substation,,36.271,-76.3
NC,Pate Farm,plant,"Pate Farm, LLC",34.818,-79.2
NC,PCIP Solar,plant,Greenbacker Renewable Energy Corporation,36.314,-78.97
NC,PCS Phosphate Cogen,plant,PCS Phosphate,35.376,-76.782
NC,PCS Phosphate Substation,substation,,35.373,-76.781
NC,PCSP3 Airport,plant,Carolina Solar Energy LLC,36.288,-78.989
NC,Peacock Substation,substation,Duke Energy,35.224,-81.19
NC,Peake Road,plant,"Strata Manager, LLC",36.272,-78.656
NC,Pecan Grove Solar,plant,CI-II Mitchell Holding LLC,35.065,-77.185
NC,Pecan PV1,plant,"Ecoplexus, Inc",34.909,-79.828
NC,Pecan Solar,plant,Dominion Renewable Energy,36.498,-77.484
NC,Penny Hill Solar,plant,Alchemy Renewable Energy,35.759,-77.512
NC,Perkins Solar,plant,Cypress Creek Renewables,36.437,-78.972
NC,Person Substation,substation,Duke Energy Progress,36.481,-79.051
NC,PG Solar,plant,North Carolina Electric Member Corp,35.169,-78.019
NC,Phelps 158 Solar Farm,plant,Greenbacker Renewable Energy Corporation,36.444,-77.161
NC,Phobos Solar,plant,"Phobos Solar, LLC",35.881,-78.152
NC,Pikeville Solar Farm,plant,"Pikeville Farm, LLC",35.48,-77.977
NC,"Pilot Mountain Solar, LLC",plant,NES Olympos,36.269,-80.381
NC,Pine Valley Solar Farm,plant,"Pine Valley Solar, LLC",35.22,-79.533
NC,Pinesage Solar,plant,Cypress Creek Renewables,35.221,-79.518
NC,Pisgah Tie Substation,substation,Duke Energy,35.259,-82.683
NC,Plant Rowan,plant,Southern Power,35.731,-80.602
NC,Pleasant Garden Retail Substation,substation,Duke Energy,35.944,-79.755
NC,Pleasant Garden Tie Substation,substation,Duke Energy,35.941,-79.754
NC,Pleasant Hill PV1,plant,Pine Gate Renewables,36.535,-77.546
NC,Pleasant Hill Substation,substation,EnergyUnited,35.802,-80.041
NC,Plott Hound Solar,plant,"Plott Hound Solar, LLC",35.147,-77.122
NC,Plymouth Solar,plant,SunEnergy1,35.875,-76.71
NC,Plymouth Substation,substation,Tideland EMC,35.841,-76.734
NC,Plymouth Substation,substation,Dominion Energy,35.866,-76.74
NC,Point Harbor Substation,substation,,36.084,-75.805
NC,Polk Solar Farm,plant,"Strata Manager, LLC",34.929,-79.654
NC,Pollocksville Solar,plant,Cypress Creek Renewables,34.996,-77.219
NC,Ponzer Substation,substation,,35.58,-76.476
NC,Poplar Chapel Substation,substation,Dominion Energy,35.806,-76.88
NC,Porter Solar,plant,Cypress Creek Renewables,35.219,-77.071
NC,Powatan Road Solar,plant,,35.601,-78.368
NC,Power Plant Substation,substation,Greenville Utilities Commission,35.615,-77.379
NC,Princeton Solar,plant,USF Surry LLC,35.505,-78.192
NC,Progress Manis I Solar,plant,Greenbacker Renewable Energy Corporation,34.756,-79.445
NC,Progress Solar 1,plant,"Oppidum Renewables USA, LLC",35.948,-78.251
NC,Progress Solar II,plant,"Oppidum Renewables USA, LLC",34.476,-79.097
NC,"Progress Solar III, LLC",plant,"Oppidum Renewables USA, LLC",34.714,-79.354
NC,Quarter Horse Solar,plant,Quarter Horse Farm LLC,34.436,-77.642
NC,Queens Creek Substation,substation,Jones-Onslow EMC,34.676,-77.189
NC,Quincy Solar,plant,Cypress Creek Renewables,35.072,-78.808
NC,QVC Inc,plant,QVC Inc,35.922,-77.676
NC,Raeford Solar Farm,plant,"SRE Utility Solar 1, LLC",34.969,-79.213
NC,Railroad Solar Farm,plant,Alchemy Renewable Energy,34.68,-79.185
NC,Railroad Solar Farm,plant,Palmetto Power Management LLC,34.82,-78.97
NC,Railroad Solar Farm 2,plant,"Railroad Farm 2, LLC",34.809,-78.952
NC,Railroad Street Substation,substation,Fayetteville Public Works,35.043,-78.846
NC,Rams Horn Solar Center,plant,Cypress Creek Renewables,35.642,-77.314
NC,Ramseur Substation,substation,Duke Energy Progress,35.742,-79.649
NC,Ranchland Solar,plant,"Ranchland Solar, LLC",36.473,-76.158
NC,Rankin Lake Substation,substation,Duke Energy,35.296,-81.205
NC,Ray Wilson Solar,plant,"Ray Wilson Solar, LLC",35.952,-80.412
NC,Red Hill Solar Center,plant,"SRE Utility Solar 1, LLC",36.411,-78.131
NC,Red Oak Solar Farm,plant,"Heelstone Energy Holdings, LLC",35.995,-77.936
NC,Red Toad 1425 A Powatan Road,plant,,35.602,-78.372
NC,Red Toad 4451 Buffalo Road Solar,plant,Sol Systems,35.556,-78.301
NC,Red Toad 5840 Buffalo Road Solar,plant,Sol Systems,35.575,-78.301
NC,Redmon Solar Farm,plant,"Strata Manager, LLC",35.712,-80.666
NC,Rhodhiss Dam,plant,Duke Energy,35.774,-81.438
NC,Rhodhiss Hydro Substation,substation,Duke Energy,35.775,-81.437
NC,Rhodhiss Tie Substation,substation,Duke Energy,35.777,-81.436
NC,Rich Mountain Retail Substation,substation,Duke Energy,35.174,-82.737
NC,Richfield Substation,substation,Duke Energy,35.467,-80.287
NC,Richlands Solar,plant,"Richlands Solar, LLC",34.785,-77.639
NC,Richmond Substation,substation,Duke Energy Progress,34.844,-79.746
NC,Rider's Creek Substation,substation,Dominion Energy,35.907,-76.243
NC,Ridgeback,plant,"Ridgeback Solar, LLC",35.865,-79.582
NC,River Road Solar,plant,"River Road Solar, LLC",36.363,-76.86
NC,Roanoke Rapids Power Plant,plant,Virginia Electric & Power Company,36.479,-77.672
NC,Roanoke Rapids Substation,substation,Roanoke Cooperative,36.399,-77.667
NC,Robbinsville Retail Substation,substation,Duke Energy,35.323,-83.796
NC,Robersonville Substation,substation,Dominion Energy,35.818,-77.257
NC,Robeson County LFG to Energy,plant,Robeson County Landfill,34.791,-78.909
NC,Robeson LNG Substation,substation,,34.797,-79.279
NC,Robin Solar,plant,Robin Solar LLC,35.269,-78.08
NC,Rock Farm,plant,"Strata Manager, LLC",34.966,-79.61
NC,Rockingham 115kV Substation,substation,,34.905,-79.756
NC,Rockingham County CT Station,plant,Duke Energy,36.33,-79.83
NC,"Rockingham Solar, LLC",plant,"SRE Utility Solar 1, LLC",34.98,-79.607
NC,Rockingham Substation,substation,Duke Energy Progress,34.904,-79.759
NC,Rockwell Solar,plant,"Oppidum Renewables USA, LLC",35.541,-80.474
NC,Rocky Mount 69kV Substation,substation,Rocky Mount Public Utilities,35.951,-77.834
NC,Rocky Mount Substation,substation,Duke Energy Progress,35.952,-77.833
NC,Rodanthe Mobile Substation,substation,,35.584,-75.466
NC,Roper Solar Farm,plant,"Roper Farm, LLC",35.187,-81.441
NC,Rose Acre Solar Energy Storage,plant,North Carolina El Member Corp,35.637,-76.536
NC,Rose Hill Substation,substation,Four County EMC,34.816,-78.03
NC,Rose Hill Substation,substation,Duke Energy Progress,34.817,-77.979
NC,Rosemary Power Station,plant,Virginia Electric & Power Company,36.452,-77.66
NC,Rosewood Solar,plant,Cypress Creek Renewables,35.437,-78.107
NC,Rossman Substation,substation,Duke Energy,35.146,-82.828
NC,Roxboro Farm,plant,"Strata Manager, LLC",36.478,-78.918
NC,Roxboro Plant Substation,substation,Duke Energy Progress,36.481,-79.072
NC,Roxboro Solar Farm,plant,Cypress Creek Renewables,36.327,-78.621
NC,Roxboro Steam Electric Plant,plant,Duke Energy,36.484,-79.073
NC,Royal Solar,plant,Cypress Creek Renewables,35.217,-78.69
NC,Ruff Solar,plant,Sol Systems,35.292,-81.779
NC,Ruffin Retail Substation,substation,Duke Energy,36.456,-79.543
NC,Rural Hall Tie Substation,substation,Duke Energy,36.245,-80.307
NC,Ruskin Solar,plant,Cypress Creek Renewables,35.274,-78.023
NC,Rutherford Solar Farm,plant,Southern Power Company,35.257,-81.832
NC,Ryland Road Solar,plant,Greenbacker Renewable Energy Corporation,36.276,-76.647
NC,Sabattus Solar,plant,Sol Systems,35.818,-78.135
NC,Sadiebrook NC Solar,plant,Sadiebrook Solar LLC,34.403,-78.68
NC,Sadler Tie Substation,substation,Duke Energy,36.39,-79.635
NC,Saint Pauls Substation,substation,Lumbee River EMC,34.806,-78.946
NC,Salisbury Solar,plant,"Oppidum Renewables USA, LLC",35.632,-80.42
NC,Salisbury Substation,substation,,35.662,-80.458
NC,Saluda Retail Substation,substation,Duke Energy,35.248,-82.347
NC,Sam's Head Substation,substation,Halifax EMC,36.104,-77.365
NC,Samarcand Solar Farm,plant,"SRE Utility Solar 1, LLC",35.313,-79.692
NC,Sampson Solar,plant,"Strata Manager, LLC",34.962,-78.471
NC,"Sandy Cross Solar, LLC",plant,"Oppidum Renewables USA, LLC",35.868,-77.955
NC,Sandy Solar,plant,"Sandy Solar, LLC",36.331,-76.057
NC,Santeetlah Hydroelectric,plant,Brookfield Smoky Mountain Hydropower LP,35.448,-83.864
NC,Santeetlah Substation,substation,,35.447,-83.866
NC,Sarah Solar,plant,USF Surry LLC,36.139,-78.148
NC,SAS Solar Farm,plant,SAS Institute Inc,35.813,-78.75
NC,Saw Solar,plant,SunStrong Management,35.556,-80.652
NC,Sawtell Solar,plant,"Sawtell Solar, LLC",35.381,-82.376
NC,Scarlet Solar,plant,Cypress Creek Renewables,35.288,-77.795
NC,Schell Solar Farm,plant,"Heelstone Energy Holdings, LLC",36.435,-77.566
NC,"Scotch Bonnet Solar, LLC",plant,"Scotch Bonnet Solar, LLC",34.535,-77.915
NC,Scotland Acres Substation,substation,Lumbee River Substation,34.817,-79.4
NC,Scotland Neck Substation,substation,Virginia Electric & Power Company,36.122,-77.419
NC,Scotland Neck Switching Station,substation,,36.127,-77.419
NC,Seaboard Solar LLC,plant,Seaboard Solar LLC,36.477,-77.469
NC,Seaboard Substation,substation,,36.512,-77.447
NC,Seagrove,plant,"Strata Manager, LLC",35.531,-79.786
NC,Sedberry Farm,plant,"Heelstone Energy Holdings, LLC",35.243,-79.319
NC,Sellers Solar Farm,plant,"Strata Manager, LLC",34.882,-79.665
NC,Selma Solar,plant,"Sustainable Power Group, LLC",35.576,-78.183
NC,Selwyn Farm,plant,"Strata Manager, LLC",34.976,-79.989
NC,Seymour Johnson Substation,substation,,35.366,-77.966
NC,Shankle Solar Center,plant,Shankle Solar Center LLC,34.946,-79.195
NC,Shannon Farm,plant,"Strata Fund 2 Lessee, LLC",34.847,-79.129
NC,Shawboro Solar #1,plant,"Fresh Air Energy X, LLC",36.432,-76.083
NC,Shawboro Switching Station,substation,Dominion Energy,36.385,-76.08
NC,Shearon Harris Nuclear Power Plant,plant,Duke Energy,35.634,-78.956
NC,Shelby Randolph Road Solar 1,plant,"SRE Utility Solar 1, LLC",35.31,-81.592
NC,Shelby Solar Energy Generation Facility,plant,Solar Star North Carolina I LLC,35.254,-81.596
NC,Shelby Tie Substation,substation,Duke Energy,35.258,-81.544
NC,Shelter Solar,plant,Sol Systems,34.982,-79.265
NC,Sherwood H Smith Jr Energy Complex,plant,Duke Energy,34.839,-79.739
NC,Shieldwall Solar,plant,"Strata Manager, LLC",36.453,-77.887
NC,Shiloh Highway Solar,plant,"Shiloh Hwy 1108 Solar, LLC",36.271,-76.033
NC,Shiloh Substation,substation,Edgecome-Martin County EMC,35.875,-77.502
NC,Shoe Creek Solar,plant,Cypress Creek Renewables,34.837,-79.385
NC,Shulls Mills Substation,substation,Blue Ridge Energy,36.174,-81.747
NC,SID Solar I,plant,"SRE Utility Solar 1, LLC",35.258,-81.507
NC,Sidney Substation,substation,Tideland EMC,35.481,-76.673
NC,Sigmon Catawba Farm,plant,Sigmon Catawba Farm LLC,35.612,-81.245
NC,Siler 421 Solar Farm,plant,Strata Clean Energy,35.748,-79.452
NC,Siler City Solar 2,plant,"Siler City Solar 2, LLC",35.689,-79.465
NC,Siler City Substation,substation,Duke Energy Progress,35.702,-79.405
NC,Siler City Substation,substation,Duke Energy Progress,35.721,-79.476
NC,Simons Farm,plant,Cypress Creek Renewables,36.307,-76.997
NC,Simpson Substation,substation,Greenville Utilities Commission,35.578,-77.303
NC,Six Forks Substation,substation,Four County EMC,34.6,-77.888
NC,Sligo Substation,substation,Virginia Electric & Power Company,36.436,-76.09
NC,Smith Solar Farm,plant,"Strata Manager, LLC",34.775,-79.559
NC,Smithfield Farmland Generation,plant,Smithfield Fresh Meats Corp.,34.746,-78.807
NC,Smithfield Packaged Meats,plant,Smithfield Packaged Meats Corp,35.268,-77.661
NC,Sneads Ferry Substation,substation,Jones-Onslow EMC,34.533,-77.41
NC,Sneads Grove,plant,"Strata Manager, LLC",34.792,-79.466
NC,Snow Camp Solar,plant,Cypress Creek Renewables,35.864,-79.425
NC,Snow Camp Substation,substation,,35.864,-79.452
NC,Snow Hill Solar 2,plant,Snow Hill Solar 2 LLC,35.444,-77.649
NC,Snowden Metering Point,substation,Albemarle EMC,36.436,-76.099
NC,"SoINCPower5, LLC",plant,Duke Energy Renewables Services,36.057,-77.761
NC,SoINCPower6,plant,"SolNCPower6, LLC",36.447,-76.58
NC,Solar Farm,plant,,35.028,-83.797
NC,Solar Farm,plant,,35.059,-83.818
NC,Solar Lee,plant,"Solar Lee, LLC",35.183,-78.087
NC,Solar Star North Carolina II,plant,Solar Star North Carolina II LLC,36.425,-77.064
NC,Soluga Farms 1,plant,"Strata Manager, LLC",35.242,-78.388
NC,Soluga Farms 2,plant,Soluga Farms 2 LLC,34.5,-78.689
NC,Soluga Farms III,plant,"Soluga Farms III, LLC",35.218,-78.673
NC,Soluga Farms IV,plant,"Soluga Solar, LLC",35.219,-78.669
NC,Sonne One,plant,Cypress Creek Renewables,35.439,-77.864
NC,Sonne Two Solar,plant,"Heelstone Energy Holdings, LLC",35.655,-81.184
NC,Sophie Solar,plant,"Sophie Solar, LLC",35.306,-81.697
NC,South Atlantic Services Solar Farm I,plant,South Atlantic Services Inc,34.291,-77.976
NC,South Beach Substation,substation,Jones-Onslow EMC,34.387,-77.602
NC,South Cary WRF Solar Array,plant,Town Of Cary,35.652,-78.758
NC,South Cullowhee Substation,substation,Duke Energy,35.294,-83.17
NC,South Hertford Substation,substation,,36.18,-76.484
NC,South Justice Branch Substation,substation,Virginia Electric & Power Company,36.221,-77.634
NC,South Louisburg Solar,plant,Cypress Creek Renewables,36.058,-78.307
NC,South Mills Substation,substation,Albemarle EMC,36.465,-76.335
NC,South River H4 Solar Energy Storage,plant,North Carolina El Member Corp,35.043,-78.586
NC,South Robeson Farm,plant,Greenbacker Renewable Energy,34.561,-79.282
NC,South Sylva Retail Substation,substation,,35.359,-83.205
NC,South Winston Farm,plant,Cypress Creek Renewables,36.028,-80.302
NC,Southerland Farm Solar,plant,"Southerland Farm Solar, LLC",36.266,-78.365
NC,Southmont Substation,substation,,35.722,-80.268
NC,Southside Substation,substation,Greenville Utilities Commission,35.575,-77.386
NC,Southwest Substation,substation,Jones-Onslow EMC,34.715,-77.483
NC,Speedway Solar,plant,"Speedway Solar NC, LLC",35.218,-80.531
NC,Spencer Meadow Solar Energy Storage,plant,North Carolina El Member Corp,35.72,-79.908
NC,Spencer Solar Farm,plant,"Strata Manager, LLC",35.713,-80.409
NC,Spicewood Solar Farm,plant,Spicewood Solar Farm LLC,35.303,-79.702
NC,Spring Hope Solar 2,plant,"Spring Hope Solar 2, LLC",35.906,-78.187
NC,Spring Hope Solar 3,plant,"Spring Hope Solar 3, LLC",35.908,-78.191
NC,Spring Valley Farm 2,plant,"Spring Valley Farm 2, LLC",36.37,-78.414
NC,Spruce Pine Substation,substation,,35.911,-82.09
NC,SREMC substation [FIXME],substation,South River Electric Membership Corporation,35.286,-78.942
NC,St. Pauls Solar 1,plant,Cypress Creek Renewables,34.772,-78.982
NC,St. Pauls Solar 2,plant,"CD Global Solar Holdings, LLC",34.769,-78.983
NC,Stagecoach Solar,plant,Cypress Creek Renewables,36.413,-78.463
NC,Stainback Solar Farm,plant,Cypress Creek Renewables,36.394,-78.331
NC,Stallings Road Ret,substation,Duke Energy,35.987,-78.798
NC,Stamey Substation,substation,Duke Energy,35.78,-80.989
NC,Stanley Substation,substation,Duke Energy,35.369,-81.106
NC,"Stanly Solar, LLC",plant,"Stanly Solar, LLC",35.292,-80.235
NC,Star Solar,plant,Star Solar LLC,36.081,-78.824
NC,Starr Solar,plant,"Starr Solar, LLC",35.012,-78.35
NC,Statesville City #5 Substation,substation,Duke Energy,35.751,-80.786
NC,Statesville Solar,plant,Cypress Creek Renewables,35.741,-80.712
NC,Statesville Substation,substation,,35.765,-80.894
NC,Sterling Substation,substation,Jones-Onslow EMC,34.712,-77.232
NC,Stikeleather Solar Farm,plant,"Stikeleather Farm, LLC",35.902,-81.105
NC,Stone Solar,plant,"Stone Solar, LLC",34.583,-79.033
NC,Stony Knoll Solar,plant,"Stony Knoll Solar, LLC",36.288,-80.655
NC,Stout Farm,plant,"Stout Farm, LLC",36.079,-79.199
NC,Strider Solar,plant,Alchemy Renewable Energy,35.602,-79.785
NC,Sub 1,substation,,36.008,-78.942
NC,Sub 2,substation,,36.006,-78.934
NC,Sub 3,substation,,36.003,-78.929
NC,Sub 4,substation,,35.997,-78.938
NC,Sub 5,substation,Duke University,36.005,-78.945
NC,Substation #2,substation,,35.774,-80.892
NC,Substation #3,substation,,35.776,-80.881
NC,Sugar Hill Tie Substation,substation,Duke Energy,35.67,-82.052
NC,Sugar Run Solar,plant,"Sugar Run Solar, LLC",36.438,-76.597
NC,Sugar Solar,plant,Pine Gate Renewables,36.161,-80.654
NC,Summit Farms Solar,plant,Dominion Energy,36.479,-76.152
NC,Summit Solar,plant,"Strata Manager, LLC",35.228,-78.039
NC,Sun Devil Solar,plant,Cypress Creek Renewables,36.433,-77.971
NC,Sun Farm V,plant,Greenbacker Renewable Energy Corporation,36.161,-76.488
NC,Sun Farm VI,plant,Greenbacker Renewable Energy Corporation,36.114,-76.508
NC,Sunbury Substation,substation,Virginia Electric and Power Company,36.442,-76.576
NC,Suncaster Solar,plant,"Suncaster, LLC",35.503,-77.97
NC,SunEdison LV Sutton Plant Site,plant,SunE NC Progress 1 LLC,34.287,-77.981
NC,SunEnergy1-Scotland Neck,plant,"SunEnergy1-Scotland Neck, LLC",36.125,-77.41
NC,Sunfish Farm,plant,Cypress Creek Renewables,35.558,-78.736
NC,Sunflower Solar,plant,"Sunflower Solar, LLC",36.39,-77.593
NC,Sunset Park Substation,substation,Duke Energy Progress,34.198,-77.94
NC,Sutton Combined Cycle Plant,plant,Duke Energy Progress,34.282,-77.985
NC,Swain Tie Substation,substation,Duke Energy,35.412,-83.46
NC,Swamp Substation,substation,Virginia Electric and Power Company,36.278,-76.494
NC,Swansboro Solar,plant,"Swansboro Solar, LLC",34.813,-77.214
NC,Swansboro Substation,substation,Jones-Onslow EMC,34.699,-77.161
NC,Sweet Tea Solar,plant,"Sweet Tea Solar, LLC",35.159,-77.134
NC,Sweetgum Solar,plant,"SRE Utility Solar 1, LLC",35.459,-79.181
NC,Swindell Fork Substation,substation,Tideland EMC,35.459,-76.28
NC,Tabernacle Substation,substation,,35.752,-80.015
NC,Tabor City Substation,substation,,34.157,-78.88
NC,Tamworth Holdings Solar,plant,"RWE Renewables Americas, LLC",34.745,-78.422
NC,Tanager Holdings Solar,plant,RWE Renewables Americas LLC,35.751,-79.782
NC,Tanglewood Substation,substation,,36.272,-76.301
NC,Tar Heel Substation,substation,Four County EMC,34.731,-78.796
NC,Tarboro Solar,plant,Tarboro Solar LLC,35.859,-77.499
NC,Tarboro Substation,substation,Dominion Energy,35.891,-77.539
NC,Tart Solar Farm,plant,"Tart Farm, LLC",35.204,-78.68
NC,Tate Solar,plant,NES Olympos,36.067,-78.02
NC,Taylorsville Solar,plant,Taylorsville Solar LLC,35.909,-81.152
NC,Taylorsville Tie Substation,substation,Duke Energy,35.919,-81.161
NC,Temples Point Substation,substation,Carteret-Craven Electric Cooperative,34.869,-76.798
NC,Tennessee Creek Hydro,plant,Duke Energy,35.219,-83.017
NC,Terra Ciea Substation,substation,Dominion Energy,35.598,-76.785
NC,Thanksgiving Fire Solar Farm,plant,,35.701,-78.327
NC,Thelma Substation,substation,Virginia Electric & Power Company,36.497,-77.81
NC,Thornton PV1,plant,"Ecoplexus, Inc",35.395,-77.661
NC,Thorpe Hydro,plant,Duke Energy,35.234,-83.125
NC,Thorpe Hydro Substation,substation,Duke Energy,35.234,-83.124
NC,Three Bridge Solar,plant,"Three Bridge Farm, LLC",34.67,-79.2
NC,Thunderhead,plant,"Thunderhead Solar, LLC",35.755,-79.79
NC,Tiburon Holdings,plant,"Heelstone Energy Holdings, LLC",35.904,-80.418
NC,Tides Lane Solar Farm,plant,Tides Lane Solar LLC,36.069,-78.298
NC,Tillery Dam,plant,Duke Energy Progress,35.207,-80.065
NC,Tillery Substation,substation,,35.207,-80.062
NC,Timbermill Wind,plant,Timbermill Wind,36.154,-76.601
NC,Timbermill Wind Collector Substation,substation,Timbermill Wind,36.155,-76.589
NC,Tinker Solar,plant,"Strata Manager, LLC",35.681,-79.137
NC,Tolson Solar,plant,"Oppidum Renewables USA, LLC",35.83,-77.615
NC,Toms Street Plant,plant,North Carolina Mun Power Agency #1,35.304,-81.522
NC,Topsail Substation,substation,Jones-Onslow EMC,34.439,-77.557
NC,Tracy Solar,plant,Cypress Creek Renewables,35.798,-78.141
NC,Trent River Farm Solar Project,plant,Strata Clean Energy,35.06,-77.187
NC,Trent River Solar,plant,Trent River Solar. LLC,34.997,-77.26
NC,Tri-Town D to D Substation,substation,,35.646,-77.97
NC,Trinity Solar,plant,Capital Dynamics,35.871,-79.928
NC,Tripple State Farm,plant,"Strata Manager, LLC",35.733,-80.764
NC,Trojan Solar,plant,Sol Systems,34.313,-78.203
NC,Trowbridge Substation,substation,Virginia Electric & Power Company,35.851,-76.769
NC,Troy Substation,substation,Duke Energy Progress,35.348,-79.894
NC,Truman Farm,plant,,35.714,-78.325
NC,Tryon Retail Substation,substation,Duke Energy,35.219,-82.236
NC,Tuckasegee Hydroelectric Plant,plant,Duke Energy,35.247,-83.128
NC,Tuckasegee Tie Substation,substation,Duke Energy,35.266,-83.109
NC,Tuckertown Hydro,plant,Cube Hydro Carolinas Yadkin,35.486,-80.175
NC,Tuckertown Hydro Solar Power Plant,plant,Cube Hydro Carolinas Yadkin,35.485,-80.173
NC,Tulip Drive Peaking Plant,plant,North Carolina Mun Power Agency #1,35.289,-81.205
NC,Tunis Substation,substation,Virginia Electric & Power Company,36.371,-76.893
NC,Turkey Branch Solar,plant,"Sustainable Power Group, LLC",34.524,-79.106
NC,Turkey Creek PV1,plant,"Fresh Air Energy XXXV, LLC",36.442,-77.136
NC,Turner Shoals Dam Hydro,plant,Northbrook Carolina Hydro LLC,35.335,-82.186
NC,Turner Shoals Substation,substation,Duke Energy,35.334,-82.186
NC,Tuxedo Hydroelectic Station,plant,"Northbrook Tuxedo, LLC",35.245,-82.39
NC,TWE Chocowinity Solar,plant,Cypress Creek Renewables,35.502,-77.106
NC,TWE New Bern Solar Project,plant,Cypress Creek Renewables,35.153,-77.134
NC,Two Lines Solar Farm,plant,"Two Lines Farm, LLC",35.628,-81.326
NC,Two Mile Desert Project,plant,Citizens Enterprises Corporation,36.223,-76.458
NC,Two Mile Solar,plant,Cypress Creek Renewables,36.223,-76.465
NC,Underwood PV2,plant,"Ecoplexus, Inc",36.41,-77.047
NC,Unifi Madison Substation,substation,Duke Energy,36.408,-79.99
NC,Union Substation,substation,Lumbee River EMC,34.636,-79.248
NC,United Therapeutics Solar Farm,plant,United Therapeutics,35.912,-78.874
NC,Upchurch Solar Center,plant,Cypress Creek Renewables,35.781,-77.884
NC,Uwharrie Mountain Renewable Energy,plant,"Uwharrie Mountain Renewable Energy, LLC",35.333,-79.966
NC,Valdese Retail Substation,substation,Duke Energy,35.737,-81.527
NC,Valdese Tie Substation,substation,,35.74,-81.569
NC,Valley Creek Substation,substation,Blue Ridge Energy,36.15,-81.79
NC,Van Buren,plant,"Van Buren Solar, LLC",34.984,-78.528
NC,Van Slyke Solar Center,plant,"SRE Utility Solar 1, LLC",35.777,-77.881
NC,"Vance Solar Farm, LLC",plant,Cypress Creek Renewables,36.258,-78.418
NC,Vaughn Creek PV1,plant,"Ecoplexus, Inc",36.451,-77.119
NC,"Ventura Solar, LLC",plant,Sol Systems,35.881,-81.182
NC,Vickers,plant,"Strata Manager, LLC",35.824,-79.08
NC,Vicksburg Solar,plant,Cypress Creek Renewables,36.325,-78.344
NC,Violet Solar,plant,"Violet Solar, LLC",35.401,-80.419
NC,Viper Solar,plant,Cypress Creek Renewables,34.935,-78.962
NC,Virginia Line Solar,plant,"Virginia Line Solar, LLC",36.518,-78.287
NC,Voice of America Substation,substation,,35.468,-77.2
NC,Voice of America Substation (Abandoned),substation,,35.699,-77.155
NC,Waco Solar Farm,plant,"Waco Farm, LLC",35.353,-81.426
NC,Wadesboro 4,plant,"Strata Manager, LLC",35.01,-80.094
NC,Wadesboro Farm 1,plant,"Wadesboro Farm 1, LLC",34.991,-80.097
NC,Wadesboro Solar,plant,"Oppidum Renewables USA, LLC",34.971,-80.032
NC,Wadesboro Solar Farm 2,plant,"Wadesboro Farm 2, LLC",35.022,-80.096
NC,Wadesboro Solar Farm 3,plant,"Wadesboro Farm 3, LLC",34.969,-80.052
NC,Wagram Substation,substation,Lumbee River EMC,34.892,-79.444
NC,Wagstaff Farm 1,plant,"Strata Manager, LLC",36.46,-78.957
NC,Wake RJ3 Solar Energy Storage,plant,North Carolina El Member Corp,35.954,-78.423
NC,Wake Substation,substation,,35.782,-78.453
NC,Wakefield Solar,plant,Cypress Creek Renewables,35.815,-78.312
NC,Walkers Crossroads BESS,plant,North Carolina El Member Corp,35.925,-78.505
NC,Walkertown Retail Substation,substation,Duke Energy,36.172,-80.164
NC,Wallace Solar,plant,Sustainable Power Group,34.758,-77.972
NC,Wallace Substation,substation,Duke Energy Progress,34.724,-77.963
NC,Wallace Substation (115kV),substation,,34.723,-77.98
NC,Walnut Cove Tie Substation,substation,Duke Energy,36.293,-80.14
NC,Walters Hydroelectric Plant Substation,substation,Duke Energy,35.774,-83.099
NC,Walters Power Plant,plant,Duke Energy Progress,35.775,-83.099
NC,Walters Solar (FLS 260),plant,Cypress Creek Renewables,34.497,-79.05
NC,Warbler Holdings Solar,plant,"Warbler Holdings, LLC",35.319,-81.624
NC,Wards Corner Substation,substation,Four County EMC,34.536,-78.069
NC,Warren Solar Farm,plant,Sol Systems,35.255,-78.366
NC,Warrenton I Solar,plant,Warrenton Solar I LLC,36.412,-78.176
NC,Warrenton Solar Farm,plant,Palmetto Power Management LLC,36.415,-78.175
NC,Warsaw I Solar,plant,"Sustainable Power Group, LLC",35.017,-78.102
NC,Warsaw II Solar,plant,"Sustainable Power Group, LLC",35.014,-78.049
NC,Warsaw Solar Farm,plant,Duke Energy Progress,35.006,-78.124
NC,Washburn Retail Substation,substation,Duke Energy,35.39,-81.813
NC,Washington Airport Solar,plant,"Washington Airport Solar, LLC",35.568,-77.051
NC,Washington Millfield Solar,plant,"Washington Millfield Solar, LLC",35.499,-76.846
NC,Washington White Post Solar,plant,Washington White Post Solar LLC,35.502,-76.852
NC,Waste Management Piedmont LFGTE Project,plant,WM Renewable Energy LLC,36.198,-80.042
NC,Water Works Substation,substation,Fayetteville Public Works,35.068,-78.896
NC,Watson Seed Farm PV1,plant,"Ecoplexus, Inc",36.128,-77.722
NC,Watts Farm,plant,Palmetto Power Management LLC,34.726,-79.337
NC,Waves Substation,substation,,35.571,-75.468
NC,Waycross Substation,substation,Four County EMC,34.85,-78.181
NC,Wayne County Plant,plant,Duke Energy Progress,35.376,-78.098
NC,Wayne Solar I,plant,"Wayne Solar I, LLC",35.223,-78.019
NC,Wayne Solar II,plant,"Wayne Solar II, LLC",35.314,-78.081
NC,Wayne Solar III LLC,plant,"Wayne Solar III, LLC",35.324,-77.874
NC,Weatherspoon Plant,plant,Duke Energy Progress,34.588,-78.974
NC,Weatherspoon Plant Substation,substation,Duke Energy Progress,34.589,-78.974
NC,Weaverville Substation,substation,Duke Energy,35.703,-82.577
NC,Webster Tie Substation,substation,Duke Energy,35.342,-83.245
NC,Wedge,plant,"Strata Manager, LLC",35.416,-77.915
NC,Weeksville NAS Substation (Abandoned),substation,Albemarle EMC,36.23,-76.143
NC,Wellcome Substation,substation,Greenville Utilities Commission,35.656,-77.352
NC,Wellons Solar Farm,plant,"Wellons Farm, LLC",35.51,-78.291
NC,Wendell Solar Farm,plant,,35.736,-78.355
NC,West Albemarle POD Substation,substation,Albemarle EMC,36.094,-76.577
NC,West Asheville Substation,substation,Duke Energy,35.573,-82.568
NC,West End Substation,substation,Duke Energy Progress,35.22,-79.53
NC,West Salisbury Solar Farm,plant,"West Salisbury Farm, LLC",35.668,-80.523
NC,West Siler Solar Farm,plant,Strata Clean Energy,35.72,-79.504
NC,Westbrook Substation,substation,Piedmont Electric,35.891,-79.116
NC,Western Harnett Substation,substation,South River Electric Membership Corporation,35.341,-78.947
NC,Wests Mill Substation,substation,,35.283,-83.452
NC,Westside Substation,substation,Greenville Utilities Commission,35.617,-77.422
NC,Weyerhaeuser Substation,substation,,35.862,-76.769
NC,Wharton Substation,substation,Dominion Energy,35.641,-77.11
NC,Whiskey Solar,plant,"Whiskey Solar, LLC",35.272,-79.737
NC,Whitakers Solar,plant,"Colonial Eagle Solar, LLC",36.13,-77.736
NC,Whitakers Solar Farm,plant,"Whitakers Farm, LLC",36.116,-77.726
NC,Whitakers Substation,substation,Virginia Electric & Power Company,36.115,-77.731
NC,White Cross Solar Farm,plant,White Cross Farm LLC,35.907,-79.189
NC,"White Farm Solar, LLC",plant,Cypress Creek Renewables,36.348,-77.222
NC,White Marsh Substation,substation,Brunswick EMC,34.42,-78.676
NC,White Oak Substation,substation,Four County EMC,34.747,-78.714
NC,White Street Renewables,plant,,36.101,-79.725
NC,Whiteville SE Regional Park Substation,substation,Duke Energy Progress,34.335,-78.772
NC,Whiteville Substation,substation,,34.327,-78.686
NC,Wilkesboro Substation,substation,,36.14,-81.161
NC,Wilkinson Solar,plant,Dominion Energy,35.597,-76.769
NC,Willard Solar,plant,NES Olympos,34.702,-77.969
NC,Williams Sawmill Substation,substation,Lumbee River EMC,35.014,-79.156
NC,Williams Street Substation,substation,Fayetteville Public Works,35.049,-78.886
NC,Williamston Solar,plant,"Strata Manager, LLC",35.8,-77.064
NC,Williamston Speight Solar,plant,"Williamston Speight Solar, LLC",35.9,-77.162
NC,Williamston West Farm,plant,"Williamston West Farm, LLC",35.836,-77.108
NC,Willis Landing Substation,substation,Jones-Onslow EMC,34.666,-77.203
NC,Wilson Solar Farm,plant,Wilson Farm 1 LLC,35.802,-77.868
NC,Wilson Solar Farm 1,plant,"GCL New Energy, Inc.",35.711,-77.913
NC,Wilson Solar Farm 2,plant,"GCL New Energy, Inc.",35.687,-78.027
NC,Wilson Solar Farm 3,plant,"GCL New Energy, Inc.",35.783,-77.99
NC,Wilson Solar Farm 4,plant,"GCL New Energy, Inc.",35.707,-77.934
NC,Wilson Solar Farm 5,plant,"GCL New Energy, Inc.",35.698,-77.881
NC,Wilson Solar Farm 6,plant,"GCL New Energy, Inc.",35.699,-77.877
NC,Wilson Solar Farm 7,plant,"GCL New Energy, Inc.",35.756,-78.014
NC,Wilson-Robersonville Substation,substation,Edgecombe-Martin County EMC,35.827,-77.227
NC,"Windsor Cooper HIill Solar, LLC",plant,,35.965,-76.909
NC,Windsor Hwy 17 Solar,plant,Greenbacker Renewable Energy Corporation,36.021,-76.873
NC,Windsor Solar,plant,"Strata Manager, LLC",36.017,-76.881
NC,Windsor Substation,substation,,35.993,-76.945
NC,Windsor Substation,substation,,36.031,-77.012
NC,Winfall Substation,substation,Virginia Electric and Power Company,36.223,-76.461
NC,Winston Tie Substation,substation,Duke Energy,36.078,-80.245
NC,Winterville Substation,substation,Greenville Utilities Commission,35.541,-77.398
NC,Winton Solar,plant,Winton Solar LLC,36.374,-76.94
NC,Wommack Substation,substation,Duke Energy Progress,35.222,-77.665
NC,Woodland Church Farm,plant,"Woodland Church Farm, LLC",35.058,-77.852
NC,Woodland Solar,plant,Duke Energy Renewables Services,36.322,-77.22
NC,Woodland Substation,substation,Virginia Electric & Power Company,36.338,-77.216
NC,Woodlawn Substation,substation,Duke Energy,35.175,-80.884
NC,Woodleaf Solar Facility,plant,Duke Energy,35.725,-80.609
NC,Woodleaf Switching Station,substation,,35.723,-80.601
NC,Woodsdale Farm,plant,Alchemy Renewable Energy,36.464,-78.958
NC,Wortham Solar Farm,plant,Cypress Creek Renewables,36.354,-78.38
NC,"Wyse Fork Solar Farm, LLC",plant,"Wyse Fork Solar Farm, LLC",35.212,-77.5
NC,Yadkin 601 Farm,plant,"Yadkin 601 Farm, LLC",36.198,-80.697
NC,Yadkin Substation,substation,Surry-Yadkin EMC,36.226,-80.64
NC,Yadkinville Solar,plant,"Oppidum Renewables USA, LLC",36.14,-80.61
NC,Yanceyville Farm,plant,Palmetto Power Management LLC,36.438,-79.279
NC,Yanceyville Farm 2,plant,"Strata Manager, LLC",36.413,-79.315
NC,"Yanceyville Farm 3, LLC",plant,"Strata Manager, LLC",36.429,-79.351
NC,York Road Solar I,plant,"SRE Utility Solar 1, LLC",35.221,-81.328
NC,Zuma Solar,plant,Sol Systems,36.508,-79.437
NC,ZV Solar 1,plant,Cypress Creek Renewables,34.816,-79.195
NC,ZV Solar 2,plant,"CD Global Solar Holdings, LLC",34.813,-79.201
NC,ZV Solar 3,plant,"SRE Utility Solar 1, LLC",34.816,-79.203
OK,19th Avenue Substation,substation,City of Stillwater,36.101,-97.114
OK,25 Mile Creek Wind Farm,plant,Enel Green Power,36.47,-99.767
OK,36th & Lewis Substation,substation,Public Service Company of Oklahoma,36.112,-95.957
OK,38th Substation,substation,,35.51,-97.564
OK,46th Street North Substation,substation,Public Service Company of Oklahoma,36.22,-95.973
OK,52nd & Delaware Substation,substation,Public Service Company of Oklahoma,36.088,-95.948
OK,53rd & Garnett Substation,substation,Public Service Company of Oklahoma,36.087,-95.847
OK,71st and Elwood Substation,substation,Public Service Company of Oklahoma,36.059,-95.993
OK,77th & Memorial Substation,substation,Public Service Company of Oklahoma,36.053,-95.885
OK,81st & Garnett Substation,substation,Public Service Company of Oklahoma,36.047,-95.854
OK,81st & Yale Tap Substation,substation,Public Service Company of Oklahoma,36.047,-95.926
OK,84th Street Substation,substation,,35.556,-97.528
OK,Acme Substation,substation,,35.277,-97.485
OK,Acorn Substation,substation,,35.56,-97.406
OK,ADA Industrial Substation,substation,,34.788,-96.676
OK,Afton City,substation,,36.685,-94.968
OK,Agra Substation,substation,KAMO Power,35.884,-96.876
OK,Ahloso Substation,substation,,34.719,-96.619
OK,Air Dept. Substation,substation,,35.402,-97.404
OK,Air Products Substation,substation,,36.248,-95.28
OK,Alex Bradley Substation,substation,,34.854,-97.796
OK,Altus Substation,substation,Public Service Company of Oklahoma,34.667,-99.343
OK,Amber,substation,,35.145,-97.859
OK,American Airlines Substation,substation,Public Service Company of Oklahoma,36.213,-95.875
OK,American Carbide Substation,substation,,36.269,-95.263
OK,Anadarko,substation,,35.083,-98.228
OK,Anadarko Power Plant,plant,"Western Farmers Electric Coop, Inc",35.084,-98.226
OK,Antioch Substation,substation,Oklahoma Gas & Electric,36.108,-96.66
OK,Antlers Substation,substation,Public Service Company of Oklahoma,34.228,-95.62
OK,Arbuckle Mountain Wind Farm,plant,Arbuckle Mountain Wind Farm LLC,34.388,-97.167
OK,Arcadia Substation,substation,Oklahoma Gas & Electric,35.69,-97.316
OK,Arco Substation,substation,,34.433,-97.616
OK,Armadillo Flats Wind Project,plant,"Armadillo Flats Wind Project, LLC",36.299,-97.573
OK,Atoka Substation,substation,,34.41,-96.11
OK,Avard Substation,substation,,36.65,-98.768
OK,Avery Drive Station,substation,Public Service Company of Colorado,36.134,-96.024
OK,Balko Wind,plant,Apex Clean Energy,36.529,-100.841
OK,Balko Wind Substation,substation,Apex Clean Energy,36.521,-100.865
OK,Barnes Substation,substation,,35.42,-97.352
OK,Barnsdall Tap,substation,Public Service Company of Oklahoma,36.582,-96.147
OK,Baseline Substation,substation,,34.508,-97.611
OK,Beaver County Substation,substation,Oklahoma Gas & Electric,36.525,-100.95
OK,Beckham County,substation,Oklahoma Gas and Electric Company,35.373,-99.754
OK,Bell Cow Substation,substation,OG&E,35.708,-96.86
OK,Belle Island Substation,substation,,35.529,-97.539
OK,Bennington Substation,substation,,34.027,-96.025
OK,Bethany Substation,substation,,35.511,-97.614
OK,Blanchard South Substation,substation,Public Service Company of Oklahoma,35.063,-97.654
OK,Blue Canyon Windpower I and II,plant,,34.866,-98.624
OK,Blue Canyon Windpower V,plant,Blue Canyon Windpower V LLC,34.819,-98.471
OK,Blue Canyon Windpower VI,plant,Blue Canyon Windpower VI LLC,34.905,-98.556
OK,Bluebird Substation,substation,,33.979,-96.006
OK,Bluestem Wind Farm,plant,"Bluestem Wind Energy, LLC",36.557,-100.59
OK,Bodle Substation,substation,,34.008,-96.395
OK,Boiling Springs Wind Farm,plant,RWE Renewables Americas LLC,36.552,-99.32
OK,Boomer Lake,substation,City of Stillwater,36.143,-97.067
OK,Border Substation,substation,Oklahoma Gas & Electric,35.201,-99.93
OK,Boyd Substation,substation,,35.212,-97.476
OK,Braden Park Substation,substation,,35.607,-97.639
OK,Bradley Substation,substation,,34.827,-97.685
OK,Bray Substation,substation,,34.637,-97.888
OK,Breckinridge Substation,substation,,36.448,-97.687
OK,Breckinridge Wind Project,plant,NextEra Energy,36.445,-97.678
OK,Bridge Creek Substation,substation,,35.27,-97.725
OK,Bristow,substation,,35.815,-96.382
OK,Broken Arrow 101st Street Substation,substation,Public Service Company of Oklahoma,36.017,-95.807
OK,Broken Arrow 71st Substation,substation,Public Service Company of Oklahoma,36.061,-95.711
OK,Broken Arrow North Substation,substation,Public Service Company of Oklahoma,36.068,-95.783
OK,Broken Bow Dam,plant,USCE-Tulsa District,34.139,-94.685
OK,Broken Bow Substation,substation,Public Service Company of Oklahoma,34.025,-94.727
OK,Brokwn Arrow 81st Substation,substation,Public Service Company of Oklahoma,36.047,-95.807
OK,Bryant Substation,substation,,35.576,-97.463
OK,Buffalo Bear Wind Farm,plant,NRG Energy Gas & Wind Holdings Inc,36.773,-99.653
OK,Burgett Substation,substation,,35.686,-97.408
OK,Butterfield Substation,substation,Oklahoma Gas & Electric,33.968,-96.426
OK,Bying Substation,substation,,34.868,-96.667
OK,C,substation,City of Cushing - (OK),35.983,-96.775
OK,Cache Substation,substation,,34.61,-98.667
OK,Caddo Wind,plant,Allete Clean Energy,34.999,-98.384
OK,Canadian Hills Wind,plant,Canadian Hills Wind LLC,35.661,-98.103
OK,Caney Creek Substation,substation,,34.013,-96.733
OK,Canton 1 Substation,substation,,36.058,-98.747
OK,Canton Lake Substation,substation,Oklahoma Gas & Electric,36.057,-98.633
OK,Carmen Substation,substation,,36.594,-98.487
OK,Carnegie,substation,,35.059,-98.606
OK,Carney Substation,substation,KAMO Power,35.812,-97.019
OK,Cashion Substation,substation,,35.791,-97.584
OK,Catoosa Substation,substation,American Electric Power,36.172,-95.754
OK,Cedar Crest Substation,substation,,35.959,-94.96
OK,Cedardale Substation,substation,,36.348,-98.908
OK,Cemetery Road Substation,substation,,35.31,-97.763
OK,Centennial Substation,substation,,36.638,-99.603
OK,Centennial Wind Farm,plant,Oklahoma Gas & Electric,36.647,-99.613
OK,Central,substation,City of Stillwater,36.119,-97.054
OK,Central Plant,plant,,36.128,-97.07
OK,Charles D. Lamb Energy Center,plant,Oklahoma Municipal Power Authority,36.814,-97.125
OK,Chemetron,substation,,35.432,-97.641
OK,Chernicky Substation,substation,,35.404,-96.64
OK,Cherokee Data Center Substation,substation,,36.259,-95.912
OK,Cherokee Industrial Park Substation,substation,,36.258,-95.912
OK,Cherry Creek Substation,substation,,35.216,-97.511
OK,Chickasa North 29th Street Substation,substation,,35.065,-97.97
OK,Chickasaw Nation Solar Farm,plant,Oklahoma Gas & Electric,34.479,-97.106
OK,Chikaskia Substation,substation,,36.816,-97.264
OK,Chilocco Substation,substation,,36.955,-97.066
OK,Chisholm,substation,,35.377,-99.72
OK,Chisholm Creek Substation,substation,,35.638,-97.541
OK,Chisholm View Wind Project,plant,Chisholm View Wind Project,36.557,-97.671
OK,Chitwood Substation,substation,,35.601,-97.312
OK,Choctaw Nation Solar Farm,plant,Oklahoma Gas & Electric,33.971,-96.435
OK,Choctaw Substation,substation,,34.753,-97.693
OK,Chouteau #1 Substation,substation,,36.221,-95.277
OK,Chouteau #2 Substation,substation,,36.221,-95.275
OK,Chouteau Substation,substation,,36.196,-95.351
OK,Chouteau Substation,substation,,36.223,-95.253
OK,Cimarron,substation,KAMO Power,36.202,-97.076
OK,Cimarron Substation,substation,Oklahoma Gas & Electric,35.511,-97.792
OK,Civit Substation,substation,,34.798,-97.165
OK,Claremore Transok Substation,substation,,36.283,-95.662
OK,Clarksville Substation,substation,Public Service Company of Oklahoma,35.815,-95.549
OK,Classen Substation,substation,,35.471,-97.528
OK,Clayton Substation,substation,Public Service Company of Oklahoma,34.607,-95.332
OK,Cleo Corner Substation,substation,,36.375,-98.427
OK,Cleveland (AECI) substation,substation,,36.36,-96.473
OK,Cleveland (GRDA) Substation,substation,Grand River Dam Authority,36.362,-96.474
OK,Cleveland 69 Substation,substation,KAMO Power,36.305,-96.469
OK,Cogentrix Switchyard,substation,Public Service Company of Oklahoma,35.989,-95.947
OK,Colbert Substation,substation,,33.881,-96.499
OK,Cole Substation,substation,,36.617,-100.846
OK,Collin Substation,substation,Grand River Dam Authority,36.365,-95.829
OK,Comanche,substation,Public Service Company of Oklahoma,34.544,-98.322
OK,Comanche Power Plant,plant,Public Service Co of Oklahoma,34.543,-98.324
OK,Comanche Substation,substation,,34.348,-97.971
OK,Cornville Substation,substation,,35.022,-97.894
OK,Cottonwood Creek Substation,substation,Oklahoma Gas & Electric,35.855,-97.435
OK,Council Substation,substation,,35.469,-97.654
OK,Covanta Tulsa Renewable Energy,plant,Covanta Tulsa Renewable Energy LLC,36.132,-96.018
OK,Covington Solar Farm,plant,Oklahoma Gas & Electric,36.316,-97.582
OK,COWETA JCT,substation,Public Service Company of Oklahoma,35.954,-95.583
OK,CPV Keenan II Wind farm,plant,CPV,36.277,-99.492
OK,Craig Junction,substation,Public Service Company of Oklahoma,34.032,-94.632
OK,Crescent Substation,substation,,35.912,-97.605
OK,Crossroads Wind Farm,plant,Oklahoma Gas & Electric,36.075,-98.773
OK,Crossroads Wind Substation,substation,Oklahoma Gas & Electric,36.075,-98.76
OK,Crosstown Substation,substation,,35.455,-97.51
OK,Crozy Curve,substation,,36.659,-98.361
OK,Cushing #1 Substation,substation,,35.968,-96.77
OK,Cushing Oilfield Substation,substation,,35.935,-96.714
OK,Cushing Power Plant,plant,City of Cushing - (OK),35.983,-96.776
OK,Cushing Substation,substation,KAMO Power,35.984,-96.803
OK,Cushing Tap Substation,substation,,36.014,-96.746
OK,Cyril Solar,plant,"Western Farmers Elec Coop, Inc",34.896,-98.227
OK,Czech Mall Substation,substation,OG&E,35.472,-97.742
OK,D,substation,City of Cushing - (OK),35.983,-96.775
OK,Dale Substation,substation,,35.376,-97.083
OK,Danforth Substation,substation,,35.668,-97.451
OK,Darlington Road,substation,,35.59,-98.138
OK,Dawson Substation,substation,Public Service Company of Oklahoma,36.17,-95.868
OK,Dayton Substation,substation,,35.443,-97.649
OK,Dead Man Creek Substation,substation,,36.58,-97.126
OK,DeGrasse Substation,substation,Oklahoma Gas & Electric,36.757,-98.808
OK,Delaware Substation,substation,Public Service Company of Oklahoma,36.813,-95.628
OK,Dempsey Ridge Wind Farm,plant,Acciona Wind Energy USA LLC,35.538,-99.817
OK,Denver Substation,substation,Public Service Company of Oklahoma,36.155,-95.995
OK,Dewey,substation,,36.126,-98.92
OK,Diamond Spring Wind Farm,plant,Allete Clean Energy,34.479,-96.786
OK,Discovery Substation,substation,,35.405,-97.463
OK,Dixie Substation,substation,,36.217,-96.418
OK,Draper Lake Substation,substation,Oklahoma Gas & Electric,35.332,-97.329
OK,Drift Sand Wind Project,plant,"Enel Green Power NA, Inc.",34.831,-97.938
OK,Drippling Substation,substation,,34.168,-97.039
OK,Drumright Substation,substation,Oklahoma Gas & Electric,35.989,-96.6
OK,Duncan 138 kV,substation,Public Service Company of Oklahoma,34.465,-97.964
OK,Duncan Eastside Substation,substation,Public Service Company of Oklahoma,34.503,-97.928
OK,Duncan Substation,substation,,34.464,-97.967
OK,Dunjee Substation,substation,,35.507,-97.322
OK,Durant Substation,substation,,34.012,-96.303
OK,Earl Dean Hicks,substation,Oklahoma Municipal Power Authority,36.276,-97.282
OK,East 41st Substation,substation,Public Service Company of Oklahoma,36.105,-95.789
OK,East 61st Street Substation,substation,Public Service Company of Oklahoma,36.075,-95.878
OK,East Coyle,substation,KAMO Power,35.957,-97.178
OK,Easterm State Hospital,substation,KAMO,36.656,-95.117
OK,Eastern Avenue Substation,substation,,35.633,-97.479
OK,Edmond Garber Lake Substation,substation,,35.652,-97.354
OK,Edmond Hafer Substation,substation,,35.64,-97.452
OK,Edmont Fairfield Substation,substation,,35.645,-97.513
OK,El Reno Southwest Substation,substation,,35.486,-97.991
OK,El Reno Substation,substation,,35.532,-97.945
OK,Elgin Substation,substation,,34.81,-98.284
OK,Elk City Falcon Road Substation,substation,,35.408,-99.454
OK,Elk City Substation,substation,Public Service Company of Oklahoma,35.388,-99.398
OK,Elk City Wind Farm,plant,Elk City LLC,35.485,-99.75
OK,Elm Creek Substation,substation,,35.329,-97.37
OK,Empire Substation,substation,,34.493,-98.034
OK,Enid Substation,substation,,36.37,-97.875
OK,Enos Substation,substation,,33.893,-96.752
OK,Enville Substation,substation,,34.009,-96.991
OK,Essaquanahdale Substation,substation,,34.275,-98.33
OK,Etowah Substation,substation,,35.13,-97.178
OK,Eufaula Dam,plant,USCE-Tulsa District,35.307,-95.357
OK,Eufaula Substation,substation,Grand River Dam Authority,35.307,-95.356
OK,Explorer Clark Substation,substation,,36.264,-95.435
OK,Explorer Pl. Durant,substation,,34.114,-96.326
OK,Fairland - Southwest,substation,Liberty Utilities,36.739,-94.865
OK,Ferguson,substation,City of Stillwater,36.16,-97.035
OK,Fixico Substation,substation,,35.246,-96.672
OK,Ford Glass Substation,substation,American Electric Power,36.081,-95.829
OK,Forest Hill Substation,substation,,35.247,-96.954
OK,Fort Cobb,substation,,35.103,-98.436
OK,Fort Gibson Dam,plant,USCE-Tulsa District,35.87,-95.228
OK,Fort Gibson Substation,substation,Grand River Dam Authority,35.869,-95.227
OK,Fort Supply Substation,substation,,36.568,-99.557
OK,Fort Supply SW Substation,substation,,36.579,-99.589
OK,Foster Substation,substation,,35.407,-97.464
OK,Foundry South Substation,substation,,36.23,-95.274
OK,Foundry Substation,substation,,36.24,-95.274
OK,Fountain Substation,substation,,36.622,-97.336
OK,Four Corners Substation,substation,,36.665,-97.857
OK,Francis Substation,substation,,34.865,-96.613
OK,Front Wind Substation,substation,,36.839,-97.181
OK,Frontier Power Plant,plant,Oklahoma Gas & Electric,35.442,-97.648
OK,Frontier Windpower,plant,"Frontier Windpower, LLC",36.85,-97.18
OK,Frontier Windpower II,plant,"Frontier Windpower II, LLC",36.865,-97.012
OK,Garden Grove Substation,substation,,35.423,-96.79
OK,General Motors Substation,substation,,35.398,-97.395
OK,Georgia Tap,substation,,35.069,-98.241
OK,Gerald Gay Substation,substation,,36.238,-95.282
OK,Geronimo Substation,substation,,34.477,-98.389
OK,Getty Substation,substation,,36.45,-96.751
OK,Glass Mountain Substation,substation,,36.376,-98.892
OK,Glass Sands Wind Facility,plant,Southern Power Co,34.524,-96.897
OK,Glasses Substation,substation,,34.089,-96.75
OK,Glendale Substation,substation,,35.449,-97.385
OK,Glenwood Substation,substation,,36.412,-97.943
OK,Goltry Tap Substation,substation,,36.538,-98.123
OK,Gonter Substation,substation,,36.707,-97.05
OK,Goodwell Wind Project,plant,"Enel Green Power NA, Inc.",36.525,-101.635
OK,Grady Substation,substation,,34.802,-97.703
OK,Grand River Energy Center,plant,Grand River Dam Authority,36.192,-95.291
OK,Grandfield Substation,substation,,34.319,-98.679
OK,Granite Substation,substation,Public Service Company of Oklahoma,34.958,-99.369
OK,Grant Plains Wind,plant,Southern Power Co,36.939,-97.669
OK,Great Plains Substation,substation,,35.928,-96.741
OK,Great Prairie Wind,plant,Great Prairie Wind LLC,36.403,-101.45
OK,Great Western Substation,substation,,36.16,-99.582
OK,Great Western Wind Energy,plant,EDF Renewables,36.179,-99.592
OK,GREC #3 Interconnect,substation,Grand River Dam Authority,36.183,-95.283
OK,Green Country Energy,plant,Public Service Company of Oklahoma,35.983,-95.935
OK,Green Country Substation,substation,Public Service Company of Oklahoma,35.984,-95.935
OK,Green Pastures Substation,substation,,35.537,-97.339
OK,Green Substation,substation,,36.266,-96.123
OK,Greenwood Substation,substation,,35.948,-96.641
OK,Guthrie Substation,substation,,36.19,-99.417
OK,H,substation,City of Cushing - (OK),35.987,-96.75
OK,Hammett Substation,substation,,35.553,-97.105
OK,Hardy Substation,substation,,36.897,-96.743
OK,Harrisburg Substation,substation,,34.463,-97.807
OK,Haymaker Substation,substation,,35.552,-97.728
OK,Hazel Dell Substation,substation,,35.449,-96.999
OK,Hazel Substation,substation,,35.028,-96.74
OK,Hefner Substation,substation,Oklahoma Gas & Electric,35.545,-97.593
OK,Helena Substation,substation,,36.601,-98.243
OK,Henessey,substation,Oklahoma Gas & Electric,36.107,-97.907
OK,Herron Substation,substation,Grand River Dam Authority,36.243,-95.319
OK,Highland Substation,substation,,35.217,-97.053
OK,Highway 20 Substation,substation,Public Service Company of Oklahoma,36.375,-96.285
OK,Hinton Solar,plant,"Western Farmers Elec Coop, Inc",35.494,-98.381
OK,Hissom Substation,substation,,36.135,-96.173
OK,Hobart Junction,substation,Public Service Company of Oklahoma,35.032,-99.059
OK,Hobart Substation,substation,Public Service Company of Oklahoma,35.025,-99.087
OK,Hobby Lobby Substation,substation,,35.435,-97.63
OK,Holdenville Explorer Substation,substation,,35.083,-96.282
OK,Hollis Substation,substation,Public Service Company of Oklahoma,34.68,-99.912
OK,Homer Substation,substation,,34.826,-96.602
OK,Hominy Prison Substation,substation,Public Service Company of Oklahoma,36.47,-96.389
OK,Hominy Substation,substation,,36.42,-96.372
OK,Horizon Hill Wind Project,plant,"Horizon Hill Wind, LLC",35.999,-97.599
OK,Horseshoe Lake Power Plant,plant,Oklahoma Gas & Electric,35.51,-97.179
OK,Horseshoe Lake Substation,substation,,35.513,-97.184
OK,Hospital,substation,City of Stillwater,36.114,-97.078
OK,Hugo Power Plant,plant,"Western Farmers Electric Cooperative, Inc",34.012,-95.317
OK,Hugo Substation,substation,ITC,34.019,-95.312
OK,Hulen Substation,substation,,34.562,-98.213
OK,Hunt Interconnect,substation,,36.248,-95.301
OK,Hunter Substation,substation,Oklahoma Gas & Electric,36.575,-97.683
OK,Idabel Substation,substation,Public Service Company of Oklahoma,33.909,-94.832
OK,Ideal Cement Substation,substation,,34.767,-96.696
OK,Igloo Valley Substation,substation,Grand River Dam Authority,36.219,-95.316
OK,Imo Substation,substation,,36.377,-97.952
OK,Indiahoma Substation,substation,,34.562,-98.634
OK,Indian Hill Substation,substation,,35.291,-97.46
OK,Ingram Substation,substation,,35.261,-96.895
OK,Iodine Substation,substation,,36.143,-99.244
OK,Iodine Substation,substation,,36.506,-99.389
OK,Jacktown Substation,substation,,35.508,-96.936
OK,Jensen Road Substation,substation,,35.493,-97.963
OK,Jinskamo Substation,substation,OG&E,35.613,-97.251
OK,Kastle,substation,KAMO Power,36.044,-96.919
OK,Kaw Hydro,plant,Oklahoma Municipal Power Authority,36.7,-96.929
OK,Kaw South Substation,substation,Oklahoma Municipal Power Authority,36.696,-97.05
OK,Kay Coop Substation,substation,Western Farmers Electric Cooperative,36.739,-97.283
OK,Kay Wind,plant,Southern Power Co,36.948,-97.167
OK,Kay Wind,substation,Southern Power,36.984,-97.134
OK,Keenan II Renewable Energy,plant,CPV Keenan II Renewable Energy Co LLC,36.277,-99.497
OK,Keenan Subtation,substation,CPV,36.277,-99.491
OK,Kelly Avenue Substation,substation,,35.571,-97.497
OK,Kenosha Substation,substation,Public Service Company of Oklahoma,36.155,-95.982
OK,Kentucky Substation,substation,,35.412,-97.544
OK,Kerr Substation,substation,Grand River Dam Authority,36.228,-95.182
OK,Ketch Substation,substation,,35.668,-97.506
OK,Key West Substation,substation,,35.709,-96.668
OK,Keystone Dam,plant,USCE-Tulsa District,36.151,-96.252
OK,Keystone Dam Substation,substation,Southwestern Power Administration,36.151,-96.25
OK,Keystone Substation,substation,,33.983,-96.006
OK,Kiamichi Energy Facility,plant,Kiowa Power Partners LLC,34.683,-95.934
OK,Kiamichi Station,substation,Tenaska,34.683,-95.932
OK,Kiersey Substation,substation,,33.999,-96.456
OK,King Plains Wind Project,plant,Engie North America,36.397,-97.454
OK,Kingfisher Power Plant,plant,City of Kingfisher - (OK),35.858,-97.928
OK,Kingfisher Substation,substation,,35.704,-97.871
OK,Kingfisher SW Substation,substation,,35.798,-97.951
OK,Kingfisher Wind,plant,Kingfisher Wind LLC,35.711,-97.856
OK,Kinzie,substation,Grand River Dam Authority,36.12,-97.104
OK,Kiowa Switch,substation,Public Service Company of Oklahoma,34.693,-95.922
OK,Knipe Substation,substation,Oklahoma Gas & Electric,35.97,-97.015
OK,Kolache Substation,substation,,35.478,-96.64
OK,Konowa OC Pump Substation,substation,,34.99,-96.826
OK,Lacey Substation,substation,,36.146,-98.033
OK,Lakeside Substation,substation,,35.55,-97.611
OK,Langston,substation,KAMO Power,35.926,-97.246
OK,Latta Substation,substation,,34.738,-96.739
OK,Lawton Eastside,substation,Public Service Company of Oklahoma,34.604,-98.315
OK,Lawton Gore,substation,Public Service Company of Oklahoma,34.609,-98.388
OK,Lebanon Substation,substation,,33.984,-96.883
OK,Letha Substation,substation,,35.195,-96.666
OK,Lexington,substation,Western Farmers Electric Cooperative,35.019,-97.247
OK,Liberty Lake Substation,substation,,35.77,-97.453
OK,Liberty Substation,substation,,35.305,-96.644
OK,Liddell Substation,substation,OEC,35.225,-97.397
OK,Lighting Creek Substation,substation,,35.445,-97.512
OK,Lincoln Substation,substation,Western Farmers Electric Cooperative,35.58,-97.009
OK,Lindsay Substation,substation,,34.841,-97.564
OK,Linwood Substation,substation,,35.926,-96.75
OK,Little Axe Substation,substation,,35.152,-97.213
OK,Little City Substation,substation,,34.088,-96.602
OK,Little Elk Wind Project,plant,"Enel Green Power NA, Inc.",35.199,-98.904
OK,Little River Tap,substation,,35.145,-96.637
OK,Loco Substation,substation,,34.348,-97.738
OK,Locust Grove Substation,substation,,36.147,-95.148
OK,Locust Grove Substation,substation,Public Service Company of Oklahoma,36.228,-95.191
OK,Lone Oak,substation,Public Service Company of Oklahoma,34.872,-95.544
OK,Lone Oak Substation,substation,,35.639,-97.591
OK,Lone Star Substation,substation,,36.272,-95.223
OK,Lone Wolf Substation,substation,Public Service Company of Oklahoma,34.992,-99.254
OK,Luther,substation,KAMO Power,35.717,-97.194
OK,Luther Substation,substation,,35.735,-97.211
OK,Lynn Lane Substation,substation,Public Service Company of Oklahoma,36.137,-95.766
OK,Macomb O.C. Pump Substation,substation,,35.21,-97.124
OK,Madill Industrial Substation,substation,,34.073,-96.753
OK,Mammoth Plains,plant,Mammoth Plains Wind Project,35.977,-98.68
OK,Marietta Solar,plant,"Western Farmers Elec Coop, Inc",33.942,-97.106
OK,Markham Power Plant,plant,Grand River Dam Authority,36.23,-95.182
OK,Marland Substation,substation,,36.666,-97.174
OK,Marlow Substation,substation,,34.682,-98.037
OK,Marshall Substation,substation,,36.16,-97.705
OK,Matthewson Substation,substation,Oklahoma Gas & Electric,35.728,-97.792
OK,Maud Substation,substation,,35.131,-96.808
OK,Maverick Wind,plant,Public Service Co of Oklahoma,36.292,-98.174
OK,May Ave Substation,substation,Oklahoma Gas & Electric,35.491,-97.566
OK,Mazie Substation,substation,,36.119,-95.369
OK,McArthur Substation,substation,,35.427,-97.619
OK,McClain Energy Facility,plant,Oklahoma Gas & Electric,35.298,-97.59
OK,McClain Substation,substation,,35.299,-97.59
OK,McCord Substation,substation,,36.688,-97.031
OK,Medicine Park Substation,substation,,34.739,-98.467
OK,Meeker Substation,substation,,35.508,-96.947
OK,Meeker SW Substation,substation,,35.47,-96.878
OK,Memorial Substation,substation,,35.596,-97.505
OK,Memorial Substation,substation,KAMO Power,35.614,-97.252
OK,Meridian Substation,substation,,35.479,-97.598
OK,Meridian Substation,substation,KAMO Power,35.777,-97.248
OK,Midway Substation,substation,,35.479,-97.246
OK,Millennium Substation,substation,,35.248,-97.415
OK,Minco Substation,substation,Oklahoma Gas & Electric,35.301,-98.027
OK,Minco Wind I,plant,NextEra Energy,35.283,-97.98
OK,Minco Wind II and III,plant,NextEra Energy,35.353,-98.106
OK,Minco Wind IV,plant,"Minco Wind IV, LLC",35.442,-98.353
OK,Minco Wind Substation,substation,,35.371,-98.136
OK,Mingo Airport Road Substation,substation,,36.199,-95.87
OK,Mission Hill Substation,substation,,35.305,-96.918
OK,Mitch Substation,substation,,35.689,-97.513
OK,Mohawk Substation,substation,,36.213,-95.936
OK,Monte Vista Substation,substation,,34.793,-96.636
OK,Moore Substation,substation,,35.335,-97.477
OK,Mooreland,substation,,36.436,-99.226
OK,Mooreland Power Plant,plant,"Western Farmers Elec Coop, Inc",36.437,-99.225
OK,Morewood,substation,,35.737,-99.277
OK,Morgan Road Substation,substation,,35.471,-97.696
OK,Mulhall,substation,KAMO Power,36.03,-97.461
OK,Muskogee Mill Power Plant,plant,Georgia-Pacific Consumer Operations LLC,35.734,-95.294
OK,Muskogee Power Plant,plant,Oklahoma Gas & Electric,35.756,-95.29
OK,Mustang CA Substation,substation,,35.376,-97.743
OK,Mustang power plant,plant,Oklahoma Gas & Electric,35.474,-97.676
OK,Mustang Substation,substation,,35.468,-97.677
OK,Naples Substation,substation,,34.987,-97.705
OK,Nash Substation,substation,,36.666,-98.002
OK,NE 10th Substation,substation,,35.479,-97.383
OK,NE 30th Substation,substation,,35.501,-97.447
OK,NE Enid Substation,substation,,36.441,-97.836
OK,New Braman Substation,substation,,36.898,-97.214
OK,New Dominion Substation,substation,,35.429,-97.463
OK,Newkirk Substation,substation,,36.884,-97.068
OK,Newman Avenue Substation,substation,,36.278,-99.872
OK,"NextEra-Blackwell Wind, LLC",plant,"Blackwell Wind, LLC",36.846,-97.425
OK,Norge Road Substation,substation,,35.017,-97.975
OK,Norman Solar,plant,"DG Central 1, LLC",35.226,-97.36
OK,North Fork Solar Project,plant,"North Fork Solar Project, LLC",34.622,-98.983
OK,North Kingfisher Substation,substation,,35.927,-97.952
OK,Northeast Substation,substation,,36.752,-97.049
OK,Northeastern (138kv),substation,Public Service Company of Oklahoma,36.431,-95.704
OK,Northeastern (345kv),substation,Public Service Company of Oklahoma,36.427,-95.704
OK,Northeastern Power Station,plant,Public Service Co of Oklahoma,36.423,-95.701
OK,Northtap,substation,,36.181,-97.033
OK,Northwest Substation,substation,Oklahoma Gas & Electric,35.636,-97.645
OK,Northwest Substation,substation,,36.738,-97.091
OK,Novus 2 Substation,substation,DeWind,36.559,-101.474
OK,Oak Creek Substation,substation,,35.381,-97.476
OK,Oak Grove Substation,substation,,35.978,-96.622
OK,Oaks 138kV Substation,substation,Public Service Company of Oklahoma,36.08,-96.042
OK,Oaks Substation,substation,Public Service Company of Oklahoma,36.081,-96.043
OK,Oil Center Substation,substation,,34.869,-96.834
OK,Okay Substation,substation,Grand River Dam Authority,35.856,-95.311
OK,Okeene SW Substation,substation,,36.058,-98.415
OK,Okemah Substation,substation,,35.431,-96.294
OK,Oklahoma Gas Electric,substation,,35.472,-97.528
OK,Oklahoma Wind Energy Center,plant,NextEra Energy,36.58,-99.304
OK,Oklahoma Wind Energy Center Substation,substation,,36.573,-99.299
OK,Oktaha Substation 345kV,substation,,35.57,-95.516
OK,Omega Substation,substation,Oklahoma Gas & Electric,35.835,-98.268
OK,Oneta Power,plant,Oneta Power LLC,36.012,-95.696
OK,Oneta Substation,substation,Public Service Company of Oklahoma,36.012,-95.703
OK,Open Sky Substation,substation,Oklahoma Gas & Electric,36.984,-97.131
OK,Oral Roberts Substation,substation,Public Service Company of Oklahoma,36.042,-95.95
OK,Origin Wind,plant,"Enel Green Power NA, Inc.",34.452,-97.275
OK,Orlando,substation,KAMO Power,36.13,-97.371
OK,Osage Power Plant Substation,substation,Oklahoma Gas & Electric,36.655,-97.066
OK,Osage Substation,substation,KAMO Power,36.299,-96.41
OK,Osage Wind,plant,"Enel Green Power NA, Inc.",36.702,-96.66
OK,OU Brooke St. Substation,substation,,35.207,-97.436
OK,OU Med. Center Substation,substation,,35.478,-97.49
OK,OU Power Plant,plant,University of Oklahoma,35.209,-97.442
OK,OU Spirit Substation,substation,Oklahoma Gas & Electric,36.334,-99.48
OK,OU Spirit Wind Farm,plant,Oklahoma Gas & Electric,36.33,-99.482
OK,Owasso 109th Street Substation,substation,,36.312,-95.814
OK,Owasso 88th St North Substation,substation,Public Service Company of Oklahoma,36.282,-95.866
OK,Owasso Substation,substation,Public Service Company of Oklahoma,36.279,-95.838
OK,Paradigm Substation,substation,,35.376,-96.644
OK,Paradise Substation,substation,,34.782,-98.447
OK,Paragon Substation,substation,,35.311,-96.423
OK,Park Meadows Substation,substation,,36.314,-95.919
OK,Park Place Substation,substation,,35.48,-97.511
OK,Pawhuska Substation,substation,,36.676,-96.325
OK,Pawnee,substation,KAMO Power,36.35,-96.799
OK,Pawnee Substation,substation,,36.354,-96.795
OK,Payne Substation,substation,,34.892,-97.555
OK,Payne Substation,substation,,36.087,-96.945
OK,Pearson Substation,substation,,35.066,-96.932
OK,Pecan Creek Substation,substation,Oklahoma Gas & Electric,35.717,-95.468
OK,Penn Substation,substation,,35.385,-97.549
OK,Pensacola Power Plant,plant,Grand River Dam Authority,36.468,-95.041
OK,Perkins,substation,KAMO Power,35.927,-97.07
OK,Perry,substation,KAMO Power,36.202,-97.195
OK,Persimmon Creek Wind Farm 1,plant,"Persimmon Creek Wind Farm 1, LLC",36.17,-99.3
OK,Persimmon Creek Wind Farm Substation,substation,,36.18,-99.346
OK,Pic Substation,substation,,36.353,-99.095
OK,Piedmont Substation,substation,,35.639,-97.719
OK,Pine & Peoria Substation,substation,Public Service Company of Oklahoma,36.176,-95.976
OK,Pine Ridge Solar,plant,"Western Farmers Elec Coop, Inc",35.014,-98.442
OK,Pine Street Substation,substation,,35.899,-97.407
OK,Pink Southwest Substation,substation,,35.249,-97.132
OK,Pink Substation,substation,,35.229,-97.16
OK,Pinto Substation,substation,,34.42,-97.599
OK,Pipeline Substation,substation,,35.943,-96.75
OK,Pittsburg Substation,substation,Public Service Company of Oklahoma,34.717,-95.862
OK,Pleasant Valley Substation,substation,Oklahoma Gas & Electric,35.274,-97.511
OK,Pocasset Substation,substation,,35.203,-98.021
OK,Ponca City power station,plant,Oklahoma Municipal Power Authority,36.72,-97.087
OK,Ponderosa Wind Energy Center,plant,"Ponderosa Wind, LLC",36.576,-100.703
OK,Ponderosa Wind II,plant,"Ponderosa Wind II, LLC",36.591,-100.818
OK,Pontotoc Wind,plant,Avangrid Power LLC,34.656,-96.89
OK,Port of Catoosa Substation,substation,,36.248,-95.745
OK,Prague Substation,substation,,35.478,-96.649
OK,Pryor City #1 Substation,substation,,36.309,-95.32
OK,Pryor City #2 Substation,substation,,36.293,-95.292
OK,Pryor City #3 Substation,substation,,36.309,-95.293
OK,Pryor Continental Pipe Substation,substation,,36.285,-95.419
OK,Pryor Creek Substation,substation,Public Service Company of Oklahoma,36.248,-95.317
OK,Pryor Junction Substation,substation,,36.321,-95.248
OK,Purcell,substation,OMPA,35.017,-97.377
OK,Putman,substation,,35.812,-98.969
OK,Quail Creek Substation,substation,OG&E,35.59,-97.586
OK,R.S. Kerr Substation,substation,,35.344,-94.774
OK,Ramsey,substation,KAMO Power,36.04,-97.123
OK,Ranch Road Substation,substation,Oklahoma Gas & Electric,36.817,-97.126
OK,Randlett Substation,substation,,34.174,-98.528
OK,Rebar Substation,substation,,33.983,-96.348
OK,Red Dirt Wind Project,plant,"Red Dirt Wind Project, LLC",36.05,-97.763
OK,Red Hills,substation,,35.514,-99.346
OK,Red Hills Tap,substation,,35.535,-99.383
OK,Red Hills Wind Project,plant,Acciona Wind Energy USA LLC,35.542,-99.394
OK,Redbed Plains Wind Farm,plant,Redbed Plains Wind Farm LLC,35.276,-97.867
OK,Redbud Power Plant,plant,Oklahoma Gas & Electric,35.686,-97.225
OK,Redbud Substation,substation,,35.687,-97.227
OK,Redcliffe Substation,substation,,36.124,-99.156
OK,Redden Substation,substation,,36.229,-95.284
OK,Remington Substation,substation,,35.34,-96.894
OK,Renfrow Substation,substation,Oklahoma Gas & Electric,36.868,-97.672
OK,Reno Substation,substation,,35.462,-97.441
OK,Richards Substation,substation,,35.596,-97.682
OK,Ringwood Substation,substation,,36.391,-98.265
OK,River Valley Power Plant,plant,Oklahoma Gas & Electric,35.193,-94.645
OK,Riverside Power Station,plant,Public Service Company of Oklahoma,35.999,-95.957
OK,Riverside Substation,substation,Public Service Company of Oklahoma,35.997,-95.96
OK,Robert S Kerr Powerhouse,plant,USCE-Tulsa District,35.345,-94.776
OK,Rock Creek Substation,substation,,35.39,-96.914
OK,Rock Falls Wind Farm,plant,EDF Renewables,36.907,-97.472
OK,Rockhaven Wind Project,plant,"Rockhaven Wind Project, LLC",34.42,-97.272
OK,Rocky Ridge Wind Project,plant,Rocky Ridge Wind Project LLC,35.128,-98.995
OK,Roman Nose,substation,Oklahoma Gas & Electric,35.842,-98.33
OK,Rossville Substation,substation,,35.624,-97.003
OK,Round Barn Substation,substation,,35.692,-97.317
OK,Rush Springs Wind,plant,Rush Springs Wind Project,34.718,-97.809
OK,Rushing Natural Gas Substation,substation,,34.796,-97.798
OK,Rushing Substation,substation,,35.369,-96.91
OK,Sage Substation,substation,,35.414,-97.517
OK,Saint John Substation,substation,American Electric Power,36.135,-95.965
OK,Salina Creek Substation,substation,,36.269,-95.101
OK,Salina Power Plant,plant,Grand River Dam Authority,36.266,-95.105
OK,Saline Substation,substation,,36.609,-98.263
OK,Sallisaw Substation,substation,,35.511,-94.772
OK,Sand Springs Substation,substation,American Electric Power,36.132,-96.109
OK,Santa Fe Substation,substation,,35.385,-97.514
OK,Sapulpa Road Substation,substation,Public Service Company of Oklahoma,36.055,-96.07
OK,Sara Road Substation,substation,,35.377,-97.711
OK,Sara Substation,substation,,35.403,-97.708
OK,Sasakwa Substation,substation,,34.941,-96.534
OK,Scissortail Substation,substation,,35.555,-96.551
OK,SE 15th Substation,substation,,35.449,-97.35
OK,Seaway Substation,substation,,33.83,-96.455
OK,Seaways Substation,substation,,35.939,-96.747
OK,Seiling Wind I and II,plant,NextEra Energy,36.13,-98.97
OK,Seminole Power Plant,plant,Oklahoma Gas & Electric,34.966,-96.726
OK,Seminole Pump Substation,substation,,34.936,-96.689
OK,Seminole substation,substation,Oklahoma Gas & Electric,34.966,-96.732
OK,Service PL Substation,substation,,35.991,-96.578
OK,Service Substation,substation,,35.11,-97.055
OK,Seven Clans Substation,substation,,35.874,-94.97
OK,Seven Cowboy Wind Project,plant,"Seven Cowboy Wind Project, LLC",35.235,-99.086
OK,Shady Point 2 Substation,substation,,35.113,-94.656
OK,Shawnee Substation,substation,,35.305,-97.05
OK,Sheffield Steel Substation,substation,,36.13,-96.121
OK,Shell Pipeline Substation,substation,,35.959,-96.75
OK,Shidler Substation,substation,,36.764,-96.656
OK,Shidler Substation,substation,,36.791,-96.696
OK,Siemens Energy AECI Chouteau - KAMO Power Plant,plant,"Associated Electric Coop, Inc",36.222,-95.276
OK,Silver City,substation,KAMO Power,36.076,-96.497
OK,Silver City 138,substation,,36.077,-96.495
OK,Silver Lake Substation,substation,OG&E,35.573,-97.639
OK,Sinclair PL Substation,substation,,35.333,-96.967
OK,Sinclair Substation,substation,,35.867,-96.664
OK,Sinnett Substation,substation,,36.209,-96.295
OK,Skeleton Creek Energy Center Hybrid,plant,Skeleton Creek Energy Center,36.503,-98.18
OK,Skelly Pipeline Substation,substation,,35.934,-96.75
OK,Skelly Substation,substation,,34.447,-97.68
OK,Skiatook City Substation,substation,,36.361,-96.013
OK,Skiatook East Substation,substation,City of Skiatook,36.367,-95.956
OK,Skyline Substation,substation,,35.595,-97.536
OK,Sleeping Bear Substation,substation,,36.637,-99.504
OK,Sleeping Bear Wind Farm,plant,NRG Energy Gas & Wind Holdings Inc,36.639,-99.499
OK,Snyder Substation,substation,Public Service Company of Oklahoma,34.657,-98.958
OK,Sooner Power Station,plant,Oklahoma Gas & Electric,36.455,-97.055
OK,Sooner Pump Substation,substation,,36.464,-96.98
OK,Sooner Substation,substation,Oklahoma Gas & Electric,36.447,-97.057
OK,South Ada Substation,substation,,34.752,-96.652
OK,South Brown Substation,substation,,34.086,-96.497
OK,South Coleman Substation,substation,,34.2,-96.426
OK,South Mustang Solar Farm,plant,Oklahoma Gas & Electric,35.465,-97.675
OK,Southard,substation,,36.056,-98.467
OK,Southern Hills Substation,substation,Public Service Company of Oklahoma,36.068,-95.96
OK,Southgate Substation,substation,,35.335,-97.517
OK,Southwestern Power Plant,plant,Public Service Co of Oklahoma,35.101,-98.351
OK,Southwestern Station,substation,Public Service Company of Oklahoma,35.1,-98.351
OK,Spectrum Substation,substation,,34.461,-97.693
OK,Spring Creek Energy Center,plant,Evergy,35.743,-97.654
OK,Spring Creek Substation,substation,,35.743,-97.654
OK,St. Gregory Substation,substation,,35.37,-96.965
OK,Stephens Substation,substation,,34.565,-97.93
OK,Stigler Substation,substation,,35.289,-95.114
OK,Stillwater 138,substation,KAMO Power,36.117,-96.99
OK,Stillwater 69,substation,Grand River Dam Authority,36.117,-96.992
OK,Stillwater Energy Center,plant,Stillwater Utilities Authority,36.161,-97.036
OK,Stillwater Substation,substation,,35.819,-94.648
OK,Stirling Substation,substation,,34.171,-97.002
OK,Stonewall Substation,substation,,35.505,-97.492
OK,Stroud,substation,KAMO Power,35.768,-96.717
OK,Stuart Line,substation,Public Service Company of Oklahoma,34.942,-95.983
OK,Stubbeman Substation,substation,,35.247,-97.455
OK,Sugden Substation,substation,,34.085,-98.0
OK,Sundance Wind,plant,Public Service Co of Oklahoma,36.509,-98.61
OK,Sunnylane Substation,substation,,35.43,-97.441
OK,Sunnyside Substation,substation,Oklahoma Gas & Electric,34.186,-97.241
OK,Sunset Corner Substation,substation,,35.254,-94.759
OK,Sunshine North Substation,substation,,35.276,-97.658
OK,SW 22nd Substation,substation,,35.443,-97.549
OK,SW 5th Substation,substation,,35.46,-97.567
OK,SW 64th Substation,substation,,35.403,-97.575
OK,Sweetwater Substation,substation,Public Service Company of Oklahoma,35.383,-99.913
OK,Talequah Substation,substation,,35.894,-94.946
OK,Taloga,substation,Western Farmers Electric Cooperative,36.066,-98.92
OK,Taloga Wind,plant,NRG Energy Gas & Wind Holdings Inc,35.863,-98.938
OK,Tarby Substation,substation,,35.115,-94.63
OK,Tatonga Substation,substation,Oklahoma Gas & Electric,35.932,-98.754
OK,Tecumseh Town Substation,substation,,35.29,-96.925
OK,Tenkiller Ferry,plant,USCE-Tulsa District,35.595,-95.051
OK,Tenkiller Substation,substation,,35.595,-95.052
OK,Tennessee Substation,substation,OG&E,35.58,-97.552
OK,Terra Nitrogen Substation,substation,,36.235,-95.721
OK,Texoma Substation,substation,,33.97,-96.674
OK,Three Sands Substation,substation,,36.622,-97.31
OK,Thunder Ranch Substation,substation,,36.548,-97.259
OK,Thunder Ranch Wind Project,plant,"Thunder Ranch Wind Project, LLC",36.58,-97.293
OK,Tiger Creek Substation,substation,,36.003,-96.588
OK,Tinker #3 Substation,substation,,35.425,-97.423
OK,Tinker #4 Substation,substation,,35.429,-97.395
OK,Tinker #5 Substation,substation,,35.421,-97.375
OK,Tinker #6 Substation,substation,,35.414,-97.373
OK,Tinker Power Plant,plant,Oklahoma Gas & Electric,35.415,-97.373
OK,Tonkawa Substation,substation,,36.674,-97.307
OK,Transcanada Substation,substation,,35.291,-96.449
OK,Traverse Wind Energy Center,plant,Invenergy,35.694,-98.681
OK,Tri-County Electric,substation,,36.817,-100.517
OK,Trosper Substation,substation,,35.441,-97.46
OK,Tryon Substation,substation,,35.885,-96.975
OK,Tulsa North 138 kV Substation,substation,American Electric Power,36.28,-95.981
OK,Tulsa North 345 kV Substation,substation,Public Service Company of Oklahoma,36.282,-95.981
OK,Tulsa Power Station,plant,Public Service Company of Oklahoma,36.116,-95.992
OK,Tulsa Power Substation,substation,Public Service Company of Oklahoma,36.114,-95.991
OK,Tulsa Substation,substation,,35.527,-97.593
OK,Tulsa Sunray Substation,substation,,36.137,-96.025
OK,Tulsa Williams Pipeline Co Substation,substation,,36.133,-96.03
OK,Turner Substation,substation,,35.301,-97.511
OK,Tuttle,plant,"Western Farmers Elec Coop, Inc",35.266,-97.845
OK,Tuttle Conoco,substation,,35.307,-97.764
OK,Twin Lakes Southwest,substation,,35.9,-97.648
OK,TXI Substation,substation,,33.816,-96.336
OK,Union Avenue Refinery Substation,substation,,36.141,-96.01
OK,United Clay Substation,substation,,35.146,-96.615
OK,University,substation,Oklahoma Gas & Electric,36.124,-97.095
OK,Valley View Substation,substation,,34.788,-96.651
OK,Valliant Substation,substation,American Electric Power,33.987,-95.051
OK,Vance Substation,substation,,36.347,-97.9
OK,Vanoss Substation,substation,,34.782,-96.906
OK,Velma Substation,substation,,34.456,-97.685
OK,Verden Natural Gas Substation,substation,,35.059,-98.123
OK,Verdigras Substation,substation,,36.285,-95.651
OK,Veterans Substation,substation,Public Service Company of Oklahoma,34.666,-99.307
OK,Vici Substation,substation,,36.146,-99.186
OK,W. Red Hill Substation,substation,,35.406,-96.894
OK,Wagon Wheel Sub A,substation,,36.161,-97.614
OK,Wagon Wheel Sub B,substation,,36.14,-97.444
OK,Wagon Wheel Wind,plant,Southwestern Electric Power Co,36.152,-97.531
OK,Wagoner Tap Switching Station,substation,Public Service Company of Oklahoma,35.974,-95.404
OK,Walnut Creek,substation,Oklahoma Gas & Electric,34.987,-97.372
OK,Walters Substation,substation,,34.364,-98.225
OK,Warren Medical Center Substation,substation,Public Service Company of Oklahoma,36.067,-95.92
OK,Warwick,substation,KAMO Power,35.767,-96.982
OK,Warwick Substation,substation,,35.711,-97.017
OK,Washington Park Substation,substation,,35.47,-97.49
OK,Waterloo Substation,substation,,35.726,-97.451
OK,Waukomis Substation,substation,,36.279,-97.907
OK,Weatherford Southeast Substation,substation,Public Service Company of Oklahoma,35.507,-98.679
OK,Weatherford Substation,substation,Public Service Company of Oklahoma,35.524,-98.705
OK,Weatherford Wind Energy Center,plant,NextEra Energy,35.517,-98.722
OK,Webb City Substation,substation,,36.87,-96.734
OK,Webbers Falls,plant,USCE-Tulsa District,35.553,-95.17
OK,Wekiwa Substation,substation,Public Service Company of Oklahoma,36.16,-96.224
OK,Weleetka Power Plant,plant,Public Service Company of Oklahoma,35.324,-96.137
OK,West Moore Substation,substation,,35.327,-97.548
OK,West Norman Substation,substation,,35.23,-97.495
OK,West Oaks Substation,substation,,35.479,-97.633
OK,Western Substation,substation,Oklahoma Gas & Electric,35.501,-97.53
OK,Westing House Substation,substation,,35.279,-97.478
OK,Westmoore Substation,substation,,35.345,-97.547
OK,Wetumka Substation,substation,,35.247,-96.247
OK,Wewoka Substation,substation,,35.222,-96.529
OK,WFEC GenCo LLC Power Plant,plant,"Western Farmers Electric Coop, Inc",35.083,-98.227
OK,Whirpool Substation,substation,,36.259,-95.916
OK,White Rock East and West Wind Project,plant,,34.976,-98.258
OK,White Substation,substation,,35.71,-97.47
OK,Wilburton Substation,substation,Public Service Company of Oklahoma,34.913,-95.318
OK,Wild Mary Substation,substation,,35.382,-97.44
OK,Wildhorse Mountain Wind Facility,plant,Southern Power,34.588,-95.201
OK,Will Rogers Substation,substation,,35.399,-97.627
OK,Willow Creek Wind,plant,Willow Creek Wind LLC,36.394,-97.109
OK,Wilshire Substation,substation,,35.552,-97.573
OK,Wister Substation,substation,,34.987,-94.629
OK,Woodlawn Substation,substation,,35.517,-97.655
OK,Woodring Substation,substation,Oklahoma Gas & Electric,36.331,-97.79
OK,Woodward,substation,,36.375,-99.37
OK,Woodward,substation,,36.418,-99.387
OK,Woodward District Substation,substation,Oklahoma Gas & Electric,36.312,-99.369
OK,Woodward Nitrogen Substation,substation,,36.437,-99.472
OK,WR Airport Substation,substation,,35.41,-97.575
OK,Xerox Substation,substation,,35.472,-97.72
OK,Yale Substation,substation,KAMO Power,36.101,-96.667
OK,Yuba Substation,substation,,33.809,-96.254
OK,Yukon Substation,substation,,35.515,-97.742
OK,Zunis Substation,substation,Public Service Company of Oklahoma,36.146,-95.96
SC,1634 Solar,plant,"1634 Solar, LLC",34.337,-80.081
SC,41-Siding Substation,substation,,33.347,-79.94
SC,99 Island Dam,plant,Duke Energy,35.032,-81.493
SC,Abbot Solar,plant,"Abbot Solar, LLC",33.679,-80.24
SC,Accabee Substation,substation,,32.853,-79.976
SC,Ace Solar,plant,"Ace Solar, LLC",34.722,-82.526
SC,Adams,plant,"Adams Solar SC, LLC",34.694,-82.527
SC,Adams Run Substation,substation,,32.715,-80.354
SC,AGA TAG Solar III LLC,plant,AGA TAG Solar III LLC,34.995,-82.034
SC,Air Liquide Substation,substation,,33.005,-79.876
SC,Airport Substation,substation,,33.953,-81.105
SC,Allendale Biomass Plant,plant,Allendale Biomass LLC,33.0,-81.283
SC,Allendale Biomass Substation,substation,,33.0,-81.284
SC,Allendale Biomass Switching Station,substation,,32.999,-81.286
SC,Allendale Substation,substation,,33.018,-81.317
SC,Allora Solar,plant,"Allora Solar, LLC",33.89,-81.398
SC,Anderson (SC),plant,"Anderson Solar Farm, LLC",34.493,-82.674
SC,Anderson Substation,substation,Duke Energy,34.438,-82.666
SC,Argos Substation,substation,,33.224,-80.454
SC,Ascend Substation,substation,,34.231,-82.05
SC,Atood II,plant,Cypress Creek Renewables,35.032,-81.807
SC,ATOOD Solar III,plant,ATOOD Solar III LLC,34.996,-82.042
SC,Augusta Solar,plant,"Augusta Solar, LLC",34.123,-82.132
SC,Awendaw Metering Point,substation,,33.045,-79.56
SC,Azalea Lakes Substation,substation,,33.659,-78.995
SC,Bad Creek Hydro Substation,substation,Duke Energy,35.007,-82.997
SC,Bad Creek Hydroelectric Station,plant,Duke Energy,35.007,-82.997
SC,Baldock Substation,substation,South Carolina Electric & Gas Company,33.089,-81.423
SC,Ballenger Road Solar A,plant,Ballenger Road Solar A,35.044,-82.114
SC,Bamberg City,substation,Santee Cooper,33.296,-81.039
SC,Bamberg Substation,substation,Dominion Energy,33.29,-81.041
SC,Bani Solar,plant,,33.953,-79.937
SC,Barnwell City Substation,substation,Dominion Energy,33.247,-81.365
SC,Barnwell Solar,plant,"Barnwell Solar, LLC",33.237,-81.351
SC,Batesburg Substation,substation,,33.913,-81.564
SC,Bayview Substation,substation,Dominion Energy South Carolina,32.801,-79.887
SC,Bee Street Substation,substation,Dominion Energy South Carolina,32.786,-79.951
SC,Beech Island Wastewater Substation,substation,,33.473,-81.913
SC,Belton Ret Substation,substation,Duke Energy,34.533,-82.496
SC,Belton Tie Substation,substation,Duke Energy,34.531,-82.491
SC,Berry Road Solar,plant,"RPSC Solar 3, LLC",34.639,-82.329
SC,Berry Street Substation,substation,,33.504,-80.868
SC,Bethel Substation,substation,Pee Dee Electric Coorperative,34.279,-79.949
SC,Beulah Solar,plant,Pine Gate Renewables,33.949,-81.572
SC,Biggins Substation,substation,,33.22,-79.968
SC,Bishopville II Solar,plant,,34.209,-80.22
SC,Bishopville Substation,substation,,34.204,-80.224
SC,Blacksburg Ret Substation,substation,Duke Energy,35.12,-81.526
SC,Blacksburg Substation,substation,Duke Energy,35.135,-81.513
SC,Blacktip Solar,plant,"Blacktip Solar, LLC",33.9,-79.755
SC,"Blackville Solar Farm, LLC",plant,Dominion Energy Inc.,33.348,-81.264
SC,Blackville Solar II,plant,"DP-C2 Episode 1, LLC",33.34,-81.261
SC,Blair Substation,substation,,34.395,-81.393
SC,Bloom Solar,plant,"Bloom Solar, LLC",33.611,-80.336
SC,Bluebird Solar,plant,"Bluebird Solar, LLC",34.601,-82.74
SC,Bluffton Substation,substation,South Carolina Electric & Gas,32.235,-80.853
SC,BMW Manufacturing,plant,BMW Manufacturing Co LLC,34.895,-82.178
SC,BMW Substation,substation,,34.895,-82.18
SC,Bob Cooper Substation,substation,Santee Electric Cooperative,33.552,-80.258
SC,Bond Solar,plant,"Bond Solar, LLC",33.618,-80.363
SC,Bonefish Solar,plant,"Bonefish Solar, LLC",33.721,-80.19
SC,Bosch Substation,substation,,32.906,-80.102
SC,Bowman Substation,substation,,33.351,-80.692
SC,Boyds Mill Hydro,plant,Northbrook Carolina Hydro LLC,34.456,-82.199
SC,Branchville Substation,substation,,33.249,-80.82
SC,Briarcliffe Substation,substation,,33.792,-78.772
SC,Briarwood,plant,"Briarwood Solar, LLC",34.144,-82.173
SC,Bridgestone Solar,plant,,33.62,-81.851
SC,Bridgestone Substation #1,substation,,33.64,-81.836
SC,Bridgestone Substation #2,substation,,33.626,-81.857
SC,Broad River Energy Center,plant,Broad River Energy,35.078,-81.576
SC,Brocks Mill Substation,substation,,34.756,-79.995
SC,Brunson Substation,substation,South Carolina Gas & Electric,32.927,-81.193
SC,Bryant Road Solar,plant,"JSD Flatwood PV-1, LLC",35.016,-81.929
SC,Bucksville Substation,substation,,33.719,-79.096
SC,Bull Street Plant,plant,City of Orangeburg,33.49,-80.87
SC,Bull Street Substation,substation,,33.49,-80.87
SC,Burcale Road Substation,substation,,33.721,-78.944
SC,Burgess Substation,substation,,33.63,-79.033
SC,Burke Road Substation,substation,,33.635,-80.882
SC,Burnettown Substation,substation,,33.517,-81.847
SC,Burroughs Road Substation,substation,,33.773,-78.871
SC,Burton Central Substation,substation,Dominion Energy,32.438,-80.719
SC,Burton Substation,substation,South Carolina Electric & Gas Company,32.436,-80.721
SC,Bushy Park Combustion Turbine Facility,plant,"Dominion Energy South Carolina, Inc",33.015,-79.93
SC,Buzzard Roost Dam,plant,South Carolina Public Service Authority,34.169,-81.903
SC,Buzzard Roost Dam Substation,substation,,34.169,-81.903
SC,C Reactor Substation,substation,,33.252,-81.677
SC,C Reactor Substation #2,substation,,33.248,-81.674
SC,Cainhoy Substation,substation,Dominion Energy South Carolina,32.941,-79.842
SC,Calhoun Falls Substation,substation,,34.088,-82.589
SC,Camden South Carolina,plant,Invista,34.234,-80.656
SC,Camden Substation,substation,,34.248,-80.594
SC,Camden Substation,substation,Duke Energy Progress,34.302,-80.541
SC,Cameron Solar,plant,"Cameron Solar, LLC",33.576,-80.708
SC,Cameron Solar II,plant,"Cameron Solar II, LLC",33.568,-80.698
SC,Cameron Solar Substation,substation,,33.573,-80.711
SC,Cameron Substation,substation,,33.564,-80.709
SC,Campfield Substation,substation,,33.483,-79.246
SC,Campobello Substation,substation,Duke Energy,35.121,-82.163
SC,Canadys Substation,substation,South Carolina Electric & Gas Company,33.064,-80.621
SC,Cane Patch Substation,substation,,33.741,-78.84
SC,Cardinal Solar,plant,Cardinal Solar LLC,34.2,-79.386
SC,Carolina Forest Substation,substation,,33.781,-78.887
SC,Carolina Pride Substation,substation,,34.191,-82.146
SC,Caropines Substation,substation,,33.608,-78.989
SC,Carver Street Ret Substation,substation,Duke Energy,35.118,-81.231
SC,Catawba 230kV Switching Station,substation,,35.052,-81.075
SC,Catawba Nuclear Station,plant,Duke Energy,35.053,-81.072
SC,Catchall Substation,substation,,34.012,-80.49
SC,Cayce Industrial Park Substation,substation,South Carolina Gas & Electric,33.962,-81.135
SC,Cayce Substation,substation,Dominion Energy,33.973,-81.064
SC,Cedar Creek Dam,plant,Duke Energy,34.541,-80.876
SC,Centerfield Cooper Solar,plant,"Centerfield Cooper Solar, LLC",34.698,-80.132
SC,Centerfield Cooper Solar Substation,substation,,34.709,-80.118
SC,Central Energy Facilities,plant,Clemson University - Main Campus,34.679,-82.84
SC,Central Plant,plant,Bob Jones University,34.872,-82.366
SC,Central Tie Substation,substation,Duke Energy,34.714,-82.792
SC,Champion Solar,plant,"Champion Solar, LLC",33.795,-81.262
SC,Charleston East Side #216,substation,Dominion Energy South Carolina,32.779,-79.926
SC,Charleston International Airport Substation,substation,,32.869,-80.038
SC,Charleston International Manufacturing Center Substation,substation,,32.984,-79.929
SC,Charlotte Street Substation,substation,Dominion Energy South Carolina,32.791,-79.928
SC,Cheraw Cash Road Substation,substation,Duke Energy Progress,34.68,-79.886
SC,Cheraw Reid Park Substation,substation,Duke Energy Progress,34.684,-79.92
SC,Cherokee County Cogen Power Plant,plant,"Cherokee County Cogen Partners, LLC",35.072,-81.614
SC,Cherokee Falls Power Plant,plant,"Hydroland Omega, LLC",35.064,-81.546
SC,Cherry Blossom Solar,plant,CBH Lessor LLC,33.763,-79.456
SC,Cherry Grove Substation,substation,,33.847,-78.627
SC,Cherry Point Wastewater Treatment Substation,substation,,32.365,-80.871
SC,Chesnee Substation,substation,Duke Energy,35.132,-81.864
SC,Chesnee Tie Substation,substation,Duke Energy,35.141,-81.872
SC,Church Creek Substation,substation,,32.83,-80.07
SC,City West Diesel Plant,plant,Lockhart Power,34.723,-81.647
SC,Claflin University Substation,substation,,33.499,-80.852
SC,Clark Hill Tie Substation,substation,Duke Energy,34.162,-82.156
SC,Clary Wastewater Peaking Plant,plant,City of Gaffney,35.051,-81.709
SC,Clearwater Substation,substation,,33.5,-81.886
SC,Clifton Dam 3 Power Station,plant,"Converse Energy, Inc",34.995,-81.834
SC,Clinton Substation,substation,,34.453,-81.901
SC,CMC Steel Substation,substation,,33.963,-81.054
SC,Cola Industrial Park Substation,substation,,33.943,-80.984
SC,Coldstream Substation,substation,MCEC,34.054,-81.19
SC,Colleton Solar Farm,plant,TIG Sun Energy I LLC,32.911,-80.696
SC,Collins Creek Substation,substation,,33.588,-79.05
SC,Colonial Pipeline Substation,substation,,34.421,-82.688
SC,Colonial Pipeline Substation,substation,Colonial Pipeline Company,34.552,-82.487
SC,Colston Substation,substation,Edisto Electric,33.164,-81.083
SC,Columbia Canal Power Plant,plant,South Carolina Electric & Gas Co.,33.997,-81.049
SC,Columbia Canal Substation,substation,,33.998,-81.05
SC,Columbia Energy Center,plant,Dominion Energy South Carolina,33.871,-81.018
SC,Columbia Energy Center Substation,substation,,33.871,-81.018
SC,Columbia Metropolitan Airport Solar,plant,Con Edison Solutions,33.936,-81.12
SC,Columbia Wastewater Treatment Substation,substation,,33.94,-81.015
SC,Continental Tire Substation,substation,,33.88,-80.315
SC,Conway Substation,substation,,33.815,-79.081
SC,Cope Station,plant,South Carolina Electric&Gas Company,33.366,-81.031
SC,Crescent Beach Substation,substation,,33.808,-78.714
SC,Cromer Road Substation,substation,South Carolina Gas & Electric,34.004,-81.156
SC,Cross Generating Station,plant,South Carolina Public Service Authority,33.37,-80.111
SC,Cross Substation,substation,,33.367,-80.115
SC,Crown Solar,plant,"Crown Solar Center, LLC",34.646,-80.717
SC,Cypress Tie Substation Abbeville,substation,Duke Energy,34.184,-82.421
SC,DAK Americas Substation,substation,,33.058,-79.939
SC,Dalzell Substation,substation,,34.016,-80.422
SC,Danwood Substation,substation,Pee Dee Electric Cooperative,34.139,-79.827
SC,Darlington 115kV Substation,substation,Duke Energy Progress,34.308,-79.884
SC,Darlington County Plant,plant,Duke Energy Progress,34.419,-80.165
SC,Darlington Solar,plant,"Darlington Solar, LLC",34.322,-79.919
SC,Darlington Substation,substation,Pee Dee Electric Cooperative,34.319,-79.911
SC,Darlington Substation,substation,,34.418,-80.168
SC,DCC Metals Substation,substation,,33.284,-80.439
SC,Dearborn Dam,plant,Duke Energy,34.559,-80.891
SC,Denmark Solar,plant,Dominion Renewable Energy,33.35,-81.142
SC,Denny Terrace Substation,substation,South Carolina Electric & Gas Company,34.058,-81.062
SC,Devro Substation,substation,,33.81,-80.917
SC,Diamond Solar,plant,DP-C2 Episode 1 LLC,33.787,-81.269
SC,Dillon 115kV Substation,substation,Duke Energy Progress,34.432,-79.355
SC,Dixiana Substation,substation,South Carolina Gas & Electric,33.923,-81.09
SC,Dixie Pipeline Substation,substation,Dixie Pipeline Company LLC,33.681,-81.884
SC,Dorchester Biomass Plant,plant,"Dorchester Biomass, LLC",33.24,-80.454
SC,Dorchester Biomass Substation,substation,,33.24,-80.455
SC,Dorchester Substation,substation,,33.139,-80.366
SC,Duke Energy CHP at Clemson University,plant,Duke Energy,34.678,-82.823
SC,Dunbar Road Substation,substation,South Carolina Gas & Electric,33.942,-81.085
SC,Dunbar Substation,substation,,33.51,-79.359
SC,Dunes Substation,substation,,33.755,-78.822
SC,East Conway Substation,substation,,33.83,-79.051
SC,East Energy Facility,substation,University of South Carolina,33.998,-81.024
SC,East Marion Substation,substation,,34.194,-79.349
SC,East Spartanburg Substation,substation,Duke Energy,34.965,-81.913
SC,Eastover Solar,plant,"Eastover Solar, LLC",33.92,-80.654
SC,Eaton Corporation Substation,substation,,34.217,-82.123
SC,Edison Solar,plant,,33.246,-81.384
SC,Edisto Camp Hall Metering Point,substation,,33.135,-80.264
SC,Edisto Island Substation,substation,,32.543,-80.293
SC,Edmund Substation,substation,MCEC,33.855,-81.204
SC,Elgin Substation,substation,,34.18,-80.78
SC,Elloree Substation,substation,,33.532,-80.58
SC,Enviva Pellets Substation,substation,"Enviva Pellets Greenwood, LLC",34.229,-82.064
SC,Estill Solar,plant,"Estill Solar I, LLC",32.765,-81.246
SC,Estill Solar II,plant,Cypress Creek Renewables,32.728,-81.253
SC,Estill Solar Substation,substation,,32.765,-81.245
SC,Estill Substation,substation,South Carolina Electric & Gas,32.758,-81.241
SC,Eutawville Substation,substation,Central Electric Power Cooperative,33.39,-80.35
SC,Evergreen Substation,substation,,34.06,-79.647
SC,Faber Place Substation,substation,,32.85,-80.015
SC,Fairfax Substation,substation,South Carolina Gas & Electric,32.954,-81.232
SC,Fairfax Substation,substation,South Carolina Gas & Electric,32.989,-81.234
SC,Fairfield Pumped Storage,plant,South Carolina Electric&Gas Company,34.306,-81.331
SC,Fairfield Pumped Storage Substation,substation,,34.306,-81.331
SC,Fishing Creek Dam,plant,Duke Energy,34.601,-80.892
SC,Fishing Creek Dam Substation,substation,Duke Energy,34.6,-80.893
SC,Five Points Substation,substation,,34.0,-81.015
SC,Folly Beach Substation,substation,,32.656,-79.942
SC,Fork Shoals Substation,substation,,34.62,-82.305
SC,Freedom Solar,plant,"Freedom Solar, LLC",34.288,-79.149
SC,Frogmore Substation,substation,South Carolina Electric & Gas,32.399,-80.571
SC,Fujifilm Substation #1,substation,,34.244,-82.068
SC,Fujifilm Substation #2,substation,,34.253,-82.064
SC,Furman University Solar Farm,plant,Furman University,34.928,-82.432
SC,Gaffney City Delivery Substation 1A/1B,substation,Duke Energy,35.074,-81.641
SC,Gaffney Peaking Plant,plant,City of Gaffney,35.073,-81.641
SC,Gaffney Tie Substation,substation,Duke Energy,35.073,-81.622
SC,Gaffney Water Treatment Peaking Plant,plant,City of Gaffney,35.098,-81.614
SC,Gaines Solar,plant,Gaines Solar,34.192,-80.218
SC,Garden City Beach Substation,substation,,33.592,-79.011
SC,Gary Solar,plant,"Gary Solar, LLC",34.199,-80.221
SC,Gaston II,plant,Cypress Creek Renewables,33.779,-81.11
SC,Gaston Shoals Power Plant,plant,"Northbrook Carolina Hydro II, LLC",35.138,-81.597
SC,Gaston Solar I,plant,Cypress Creek Renewables,33.774,-81.11
SC,Georgetown City Substation,substation,,33.378,-79.301
SC,Georgetown Switching Station,substation,,33.378,-79.3
SC,Georgia Pacific Substation,substation,,32.995,-81.226
SC,Georgia Pacific Substation,substation,,33.796,-80.233
SC,Georgia Pacific Substation,substation,,34.218,-81.494
SC,Georgia Pacific Substation #1,substation,,33.89,-82.278
SC,Georgia Pacific Substation #2,substation,,33.888,-82.277
SC,Giant Switching Station,substation,,33.239,-80.451
SC,Glen Raven Custom Fabrics Solar,plant,"Glen Raven Custom Fabrics, LLC",34.593,-82.691
SC,Gold Mine Solar,plant,"Gold Mine Solar, LLC",34.071,-82.226
SC,Goldenrod Solar,plant,,33.963,-79.563
SC,Google Substation #1,substation,,33.066,-80.043
SC,Google Substation #2,substation,,33.066,-80.041
SC,GPC <-> SCG&E Compensator Station,substation,,33.657,-82.159
SC,Grahamville Substation,substation,,32.471,-80.957
SC,Graniteville Substation,substation,,33.583,-81.805
SC,Great Falls Dam,plant,Duke Energy,34.559,-80.892
SC,Great Falls Substation,substation,,34.559,-80.893
SC,Greer Substation,substation,,34.937,-82.235
SC,Grove Street Substation,substation,Dominion Energy South Carolina,32.802,-79.956
SC,"Gunsight Solar, LLC",plant,"Gunsight Solar, LLC",33.761,-81.071
SC,H. B. Robinson Nuclear Generating Station,plant,Duke Energy Progress,34.403,-80.159
SC,Hagood Power Plant,plant,"Dominion Energy South Carolina, Inc",32.827,-79.962
SC,Hagood Substation,substation,,32.827,-79.962
SC,Haile Gold Mine Substation,substation,,34.598,-80.531
SC,Haley Solar,plant,"Haley Solar, LLC",33.023,-81.294
SC,Hamlin Substation,substation,South Carolina Gas & Electric,32.86,-79.788
SC,Hammonds Substation,substation,,33.732,-80.857
SC,Hampton Solar,plant,,32.884,-81.141
SC,Hampton Solar Substation,substation,,32.882,-81.132
SC,Hampton Substation,substation,,32.899,-81.107
SC,Hanahan Water Treatment Plant Substation,substation,,32.927,-80.019
SC,Harleyville Substation,substation,,33.21,-80.451
SC,Hecate Energy West Newberry,plant,"Hecate Energy West Newberry, LLC",34.247,-81.649
SC,Hemingway Substation,substation,Santee Electric Cooperative,33.75,-79.427
SC,"Hickson Solar, LLC",plant,"Hickson Solar, LLC",34.694,-79.82
SC,High Hill Substation,substation,Pee Dee Electric Cooperative,34.233,-79.927
SC,Hilton Head Power Plant,plant,South Carolina Public Service Authority,32.209,-80.699
SC,Hobcaw Substation,substation,Dominion Energy South Carolina,32.843,-79.875
SC,Hollidays Bridge Hydro,plant,"Northbrook Carolina Hydro, LLC",34.527,-82.375
SC,Hollidays Bridge Hydro Substation,substation,,34.527,-82.375
SC,Holly Hill Substation,substation,,33.326,-80.421
SC,Homewood Substation,substation,,33.89,-79.05
SC,Honda Substation,substation,,34.112,-79.919
SC,Honea Path Substation,substation,Duke Energy,34.451,-82.394
SC,Howard Street,substation,Dominion Energy South Carolina,33.986,-81.006
SC,Huger Substation,substation,,33.103,-79.803
SC,Hugh K. Leatherman Terminal Substation,substation,Dominion Energy South Carolina,32.842,-79.947
SC,Huntley Solar,plant,Cypress Creek Renewables,33.33,-80.635
SC,Hurl Rock Substation,substation,,33.677,-78.907
SC,Husqvarna Substation,substation,,33.504,-80.809
SC,Industrial Paper Substation,substation,,33.888,-80.642
SC,INEOS Aromatics Substation,substation,,32.976,-79.873
SC,Inman Substation,substation,Duke Energy,35.028,-82.04
SC,International Paper Georgetown Mill Power Station,plant,International Paper Co-GT Mill,33.365,-79.301
SC,International Paper Substation,substation,,33.369,-79.303
SC,International Paper Substation,substation,,33.442,-79.44
SC,International Paper Substation,substation,,34.187,-81.755
SC,International Paper Substation #2,substation,,33.366,-79.3
SC,Invista Substation,substation,,34.233,-80.656
SC,Irmo Substation,substation,,34.084,-81.18
SC,Island Green Substation,substation,,33.659,-79.052
SC,Isle of Palms Substation,substation,South Carolina Gas & Electric,32.789,-79.789
SC,Iva Substation,substation,,34.309,-82.665
SC,J Strom Thurmond Dam,plant,U.S. Corps of Engineers,33.661,-82.198
SC,Jack Primus Substation,substation,South Carolina Gas & Electric,32.919,-79.904
SC,Jamestown Substation,substation,,33.287,-79.684
SC,Jamison Solar Farm,plant,Jamison Solar Farm,33.574,-80.837
SC,Jasper Generating Plant,plant,Dominion Energy South Carolina,32.359,-81.125
SC,Jasper Substation,substation,,32.361,-81.124
SC,Jefferies Dam,plant,South Carolina Public Service Authority,33.245,-79.991
SC,Jefferies Dam Substation,substation,,33.244,-79.988
SC,Jefferson Solar,plant,Jefferson Solar,34.35,-80.06
SC,Jefferson Substation,substation,,34.668,-80.381
SC,Jessamine Solar,plant,"Jessamine Solar, LLC",34.231,-79.39
SC,Joanna Substation,substation,,34.407,-81.826
SC,Jocassee Hydroelectric Station,plant,Duke Energy,34.96,-82.915
SC,Jocassee Switching Station,substation,Duke Energy,34.958,-82.91
SC,Jocassee Tie Substation,substation,Duke Energy,34.954,-82.916
SC,John S Rainey Power Plant,plant,South Carolina Public Service Authority,34.347,-82.776
SC,John S Rainey Substation,substation,,34.348,-82.774
SC,Johnsville Substation,substation,,33.13,-80.807
SC,Jones Road Substation,substation,,33.697,-79.016
SC,Keowee Power Plant,plant,Duke Energy,34.798,-82.887
SC,Kiawah Switching Station,substation,Berkeley Electric Cooperative,32.601,-80.109
SC,Kimberley-Clark Substation,substation,,33.418,-81.899
SC,Kinder Morgan Substation,substation,,32.825,-79.942
SC,Kingstree Substation,substation,Duke Energy,33.664,-79.817
SC,Kingstree Substation,substation,Duke Energy Progress,33.668,-79.8
SC,Kohler Solar,plant,,34.922,-81.846
SC,Konig Substation,substation,Santee Cooper,33.709,-78.923
SC,L Reactor Substation,substation,,33.21,-81.625
SC,Lake Murray Substation,substation,,34.055,-81.215
SC,Lambert Solar,plant,Silicon Ranch,33.334,-79.542
SC,Lambertown Substation,substation,Santee Electric Cooperative,33.333,-79.564
SC,Lancaster Mn Substation,substation,Duke Energy,34.709,-80.783
SC,Lancaster Ret Substation,substation,Duke Energy,34.709,-80.786
SC,Landrace Holdings Solar,plant,"Landrace Holdings, LLC",33.726,-79.098
SC,Langfords Crossroads,substation,,34.206,-80.902
SC,Latta Substation,substation,,34.335,-79.417
SC,Latta Switching Station,substation,,34.358,-79.409
SC,Laurens Substation,substation,,34.511,-82.001
SC,Lebanon Substation,substation,,33.214,-80.254
SC,Lee Substation,substation,,34.602,-82.434
SC,Leesville Substation,substation,MCEC,33.881,-81.513
SC,Legareville Substation,substation,,32.651,-80.072
SC,Lesslie Community Solar Farm,plant,New Horizon Electric Coop,34.919,-80.965
SC,Lexington Substation,substation,Dominion Energy,33.988,-81.234
SC,Liberty Steelworks Substation,substation,,33.369,-79.292
SC,Lily Solar,plant,X-Elio North America,33.094,-81.434
SC,Lily Solar Substation,substation,,33.093,-81.432
SC,"Limelight Solar I, LLC",plant,"Limelight Solar I, LLC",34.949,-81.989
SC,Limelight Solar II,plant,Limelight Solar II LLC,34.994,-81.877
SC,"Limelight Solar III, LLC",plant,"Limelight Solar III, LLC",34.953,-81.984
SC,Lockhart Dam,plant,Lockhart Power,34.779,-81.456
SC,Lone Star Solar,plant,Lone Star Solar,33.645,-80.64
SC,Lower Pelzer Hydroelectric Plant,plant,"Central Rivers Power US, LLC",34.616,-82.448
SC,Lower Willow Street Substation,substation,,35.074,-81.64
SC,Lowndesville Substation,substation,,34.211,-82.64
SC,Lynchburg Substation,substation,,34.024,-80.09
SC,Macedonia Substation,substation,,33.273,-79.894
SC,Marine Corps Beaufort Substation,substation,,32.463,-80.718
SC,Market Place Substation,substation,,32.158,-80.762
SC,Marlboro Substation,substation,Marlboro Electric Coorperative,34.551,-79.714
SC,Marshall Solar,plant,Marshall Solar,34.372,-80.022
SC,Maryville Substation,substation,,32.796,-79.994
SC,Maryville Substation,substation,,33.348,-79.298
SC,May Hilltop Substation,substation,,34.325,-79.213
SC,Mayesville Substation,substation,,33.955,-80.167
SC,Mayesville Switching Station,substation,,33.954,-80.166
SC,McClellanville Substation,substation,,33.098,-79.467
SC,McCormick Substation,substation,,33.907,-82.293
SC,McDowell Shortcut Substation,substation,,33.578,-79.037
SC,McIver Road Substation,substation,Pee Dee Electric Cooperative,34.27,-79.818
SC,McMeekin Station,plant,"Dominion Energy South Carolina, Inc",34.056,-81.217
SC,McQueen Substation,substation,,33.059,-80.224
SC,MCRD Parris Island PV Hybrid,plant,Ameresco Federal Solutions,32.323,-80.679
SC,Mechanicsville Substation,substation,Pee Dee Electric Cooperative,34.333,-79.792
SC,Medline Industries Substation,substation,,34.439,-82.388
SC,Meeting Street Substation,substation,Dominion Energy South Carolina,32.805,-79.945
SC,Mercedes Substation,substation,,32.964,-80.104
SC,Michelin Substation,substation,,34.593,-82.76
SC,Michelin Tires Substation,substation,,33.938,-81.284
SC,Midlands Solar,plant,Cypress Creek Renewables,33.657,-80.954
SC,Midlands Solar Substation,substation,,33.65,-80.939
SC,Mill Branch Substation,substation,,33.161,-80.245
SC,Mill Creek Combustion Turbine Station,plant,Duke Energy,35.161,-81.43
SC,Millwood Substation,substation,Santee Electric Cooperative,33.611,-79.785
SC,Modoc Substation,substation,,33.736,-82.202
SC,Moffett Solar Project,plant,"Moffett Solar 1, LLC",32.636,-80.991
SC,Mohawk Substation,substation,,34.138,-82.614
SC,Mohawk Substation,substation,Marlboro Electric Coorperative,34.503,-79.721
SC,Mohea Solar Energy Center,plant,"Mohea Solar Energy Center, LLC",35.088,-81.624
SC,Moncks Corner Substation,substation,,33.197,-80.002
SC,Mount Holly Smeltery Substation,substation,,33.052,-80.059
SC,Mount Pleasant Substation,substation,South Carolina Gas & Electric,32.827,-79.849
SC,MTU Solar Field,plant,,33.609,-81.842
SC,Myrtle Beach Peaking Plant,plant,South Carolina Public Service Authority,33.708,-78.924
SC,Naval Nuclear Power Training Command Substation,substation,,32.963,-79.968
SC,Naval Support Activity Charleston Substation,substation,,32.934,-79.943
SC,Neal Shoals Dam,plant,"Dominion Energy South Carolina, Inc",34.664,-81.448
SC,Neeses Substation,substation,Dominion Energy,33.535,-81.116
SC,Network Substation,substation,,34.002,-81.039
SC,New Ellenton Substation,substation,,33.4,-81.701
SC,New Hope Substation,substation,,33.088,-80.202
SC,Newport Tie Substation,substation,Duke Energy,34.998,-81.121
SC,Nexans High Voltage Cable Substation,substation,,32.994,-79.926
SC,Nimitz Community Solar PV Park,plant,Cypress Creek Renewables,32.498,-80.962
SC,Ninety Six Substation,substation,,34.176,-82.015
SC,Ninety-Nine Island Hydro Substation,substation,Duke Energy,35.032,-81.492
SC,Nixons Crossroads Substation,substation,,33.851,-78.679
SC,Nixonville Substation,substation,,33.837,-78.876
SC,Nixville Substation,substation,,32.743,-81.151
SC,North Bamberg,substation,Edisto Electric,33.323,-81.03
SC,North Charleston Port Substation,substation,,32.903,-79.975
SC,North Energy Facility,substation,University of South Carolina,33.994,-81.034
SC,North Energy Facility,substation,,33.997,-81.033
SC,North Greenville Tie Substation,substation,Duke Energy,34.89,-82.438
SC,North Road Peaking Plant,plant,City of Orangeburg,33.545,-80.911
SC,North Road Substation,substation,,33.544,-80.911
SC,North Substation,substation,,33.468,-80.786
SC,North Substation,substation,,33.61,-81.09
SC,Nucor Steel Foundry Substation,substation,,33.01,-79.884
SC,Nucor Steel Foundry Switching,substation,,33.003,-79.886
SC,Nucor Steel Foundry Switching,substation,,33.006,-79.881
SC,Nucor Steel Foundry Switching,substation,,33.007,-79.881
SC,Nucor Steel Foundry Switching,substation,,33.007,-79.881
SC,Nucor Steel Substation,substation,,34.373,-79.893
SC,Oakdale Substation#21,substation,Pee Dee Electic Coorperative,34.173,-79.898
SC,Ocean Drive Substation,substation,,33.839,-78.67
SC,Oconee Nuclear Station,plant,Duke Energy,34.794,-82.897
SC,Oconee Substation,substation,Duke Energy,34.794,-82.895
SC,Odyssey Solar,plant,"Odyssey Solar, LLC",33.79,-81.266
SC,Ogburn Solar,plant,,34.663,-80.39
SC,Oil Engine Substation,substation,,33.696,-78.885
SC,Olanta Substation,substation,,33.934,-79.916
SC,Omtanke Solar,plant,"DG South Carolina Solar, LLC",33.132,-80.263
SC,Orangeburg East Substation,substation,,33.502,-80.806
SC,Orangeburg Primary Substation,substation,South Carolina Gas & Electric,33.46,-80.889
SC,Orchids Paper Products Substation,substation,,33.255,-81.39
SC,Otarre Solar Park,plant,"TIG Sun Energy IV, LLC",33.934,-81.053
SC,Otis Elevator Company Solar,plant,,34.238,-79.792
SC,Owens Corning Substation,substation,,34.437,-82.659
SC,Owens Corning Substation #2,substation,,34.436,-82.657
SC,Owens Corning Switching Station,substation,,34.438,-82.658
SC,Pacolet Diesel Generation Facility,plant,Lockhart Power,34.899,-81.74
SC,Pacolet Mills Substation,substation,Lockhart Power,34.921,-81.741
SC,Pacolet Tie Substation,substation,Duke Energy,34.896,-81.75
SC,Pageland Substation,substation,,34.778,-80.366
SC,Palmer Substation,substation,Marlboro Electric Coorperative,34.66,-79.717
SC,Palmetto Plains Solar,plant,Cypress Creek Renewables,33.339,-80.698
SC,Pamplico Substation,substation,,33.992,-79.554
SC,Parr Hydro,plant,"Dominion Energy South Carolina, Inc",34.261,-81.331
SC,Parr Hydro Substation,substation,,34.262,-81.329
SC,Parr Substation,substation,,34.264,-81.331
SC,Pawley's Island Substation,substation,,33.43,-79.151
SC,Peach Valley Tie Substation,substation,Duke Energy,35.006,-81.896
SC,Pelion Substation,substation,Dominion Energy South Carolina,33.798,-81.264
SC,Pelton Substation,substation,MCEC,33.76,-81.37
SC,Pelzer Solar I,plant,"Pelzer Solar I, LLC",34.658,-82.502
SC,Pelzer Substation,substation,Duke Energy,34.646,-82.457
SC,Pelzer Upper Hydroelectic,plant,"Central Rivers Power US, LLC",34.643,-82.455
SC,Pendleton Substation,substation,,34.646,-82.777
SC,Peony Solar,plant,"Peony Solar, LLC",33.503,-81.254
SC,Peony Solar Substation,substation,,33.499,-81.258
SC,People’s Creek Wastewater Peaking Plant,plant,City of Gaffney,35.074,-81.604
SC,Pepperhill Substation,substation,South Carolina Gas & Electric,32.938,-80.085
SC,Perkins Crossroads Substation,substation,,34.102,-79.824
SC,Piedmont Hydroelectric Plant,plant,"Central Rivers Power US, LLC",34.702,-82.462
SC,Pine Island Substation,substation,,33.727,-78.953
SC,Pineland Substation,substation,,32.612,-81.15
SC,Pinson Solar Farm,plant,"JSD Pinson PV-1, LLC",34.731,-82.051
SC,Pittman Corner Substation,substation,,34.369,-79.295
SC,Plantation Pipeline Substation,substation,,34.483,-82.605
SC,Platt Springs Road,substation,South Carolina Gas & Electric,33.907,-81.228
SC,Pomoria Substation,substation,,34.224,-81.395
SC,Poplar Spring Substation,substation,,33.488,-80.942
SC,Port of Charlston Substation,substation,,32.848,-79.951
SC,Port Park Substation,substation,,32.904,-80.002
SC,Port Royal Substation,substation,South Carolina Electric & Gas,32.397,-80.686
SC,President Street Substation,substation,Dominion Energy South Carolina,32.784,-79.949
SC,Pringle Ferry Substation,substation,Santee Electric Coorperative,33.427,-79.292
SC,Pritchardville Substation,substation,Dominion Energy,32.239,-80.961
SC,Prosperity Substation,substation,,34.209,-81.535
SC,Pump House #1 Substation,substation,,33.224,-81.768
SC,Pump Station #3 Substation,substation,,33.202,-81.752
SC,Queens Harbor Substation,substation,,33.637,-78.995
SC,Queensborough Substation,substation,,32.723,-79.967
SC,Queensborough Switching Station,substation,Santee Cooper,32.723,-79.973
SC,Ralph E. Gandy Substation,substation,Pee Dee Electic Coorperative,34.394,-79.84
SC,Rankin Solar Center,plant,"Rankin Solar Center, LLC",34.235,-79.655
SC,Reactor #2 Substation,substation,,34.288,-81.322
SC,Red Bluff Substation,substation,,33.93,-78.853
SC,Redcliffe Elementary School Solar,plant,Rockbridge Energy,33.374,-81.823
SC,Redwing Solar,plant,"Redwing Solar, LLC",34.274,-79.886
SC,Rhems Substation,substation,,33.59,-79.444
SC,Richard B. Russell Dam,plant,U.S. Corps of Engineers,34.025,-82.595
SC,Richardson Solar,plant,,33.277,-81.348
SC,Richburg Substation,substation,,34.665,-80.978
SC,Ridgecrest Substation,substation,,33.612,-81.727
SC,Ridgeland Solar Project,plant,"Ridgeland Solar Farm I, LLC",32.467,-80.962
SC,Ridgeville Substation,substation,,33.1,-80.31
SC,Ripp Switching Station,substation,Duke Energy,35.157,-81.434
SC,River Oaks Substation,substation,,33.749,-78.888
SC,River Solar,plant,"River Solar, LLC",34.108,-80.128
SC,Riverland Terrace Substation,substation,,32.761,-79.989
SC,Riverview Switching Station,substation,Duke Energy,35.076,-81.574
SC,Robinson Substation,substation,,34.402,-80.158
SC,Rocky River Hydro,plant,City of Abbeville,34.257,-82.61
SC,Rosewood Substation,substation,Dominion Energy,33.986,-80.993
SC,Rowesville Rd Plant,plant,City of Orangeburg,33.438,-80.849
SC,Ruffin Substation,substation,,32.971,-80.811
SC,Runway Solar Farm,plant,Runway Solar Farm,33.668,-78.918
SC,Russellville Substation,substation,,33.403,-79.99
SC,Saint George Switching Station,substation,,33.199,-80.592
SC,Salley Substation,substation,,33.566,-81.297
SC,Saluda Hydroelectric Plant,plant,Dominion Energy South Carolina,34.053,-81.217
SC,Saluda Solar II,plant,"Saluda Solar II, LLC",34.01,-81.739
SC,"Saluda Solar, LLC",plant,Cypress Creek Renewables,33.969,-81.783
SC,Saluda Substation,substation,,33.997,-81.766
SC,Sandy Run Substation,substation,,33.809,-81.05
SC,Santee Substation,substation,Berkeley Electric Cooperative,33.423,-80.125
SC,Sapphire Solar,plant,"Sapphire Solar, LLC",33.888,-79.784
SC,Savage Substation,substation,Dominion Energy,32.802,-80.039
SC,Savannah River Site Biomass Cogen,plant,Ameresco,33.275,-81.687
SC,SC-28 Solar Plant Substation,substation,,33.35,-81.269
SC,SCE&G Curie CSG,plant,Cypress Creek Renewables,32.889,-81.105
SC,SCE&G Springfield CSG,plant,Cypress Creek Renewables,33.492,-81.298
SC,Seabrook Solar,plant,,32.564,-80.73
SC,Seabrook Solar Substation,substation,,32.561,-80.742
SC,Seabrook Solar Switching Station,substation,,32.561,-80.742
SC,Seneca City Substation,substation,Duke Energy,34.688,-82.952
SC,Seneca Tie Substation,substation,Duke Energy,34.689,-82.971
SC,Shady Grove Substation,substation,Duke Energy,34.761,-82.425
SC,Shady Grove Tap,substation,Duke Energy,34.828,-82.524
SC,Sharon Grove Substation,substation,Duke Energy,34.976,-81.417
SC,Sharon Grove Switching Station,substation,,34.976,-81.417
SC,Shaw AFB Substation,substation,,33.969,-80.493
SC,Shaw Creek Solar,plant,"Shaw Creek Solar, LLC",33.677,-81.747
SC,Shaw Creek Solar Substation,substation,,33.671,-81.754
SC,Shaw Industries Substation,substation,,34.046,-81.159
SC,Shaw Substation,substation,,33.665,-81.671
SC,Sheep Island Substation,substation,,33.06,-80.185
SC,Shiloh Switching Station,substation,Duke Energy,34.983,-82.515
SC,Simmonsville Substation,substation,,33.422,-79.182
SC,Site B Substation,substation,,33.204,-81.74
SC,Smoaks Substation,substation,,33.09,-80.816
SC,Socastee Substation,substation,"Horry Electric Cooperative, Inc.",33.678,-79.001
SC,Society Hill Substation,substation,Pee Dee Electric Coorperative,34.503,-79.896
SC,Society Hill Substation,substation,Duke Energy Progress,34.523,-79.844
SC,Sock Hill Substation,substation,Duke Energy,34.852,-82.014
SC,South Energy Facility,substation,,33.989,-81.025
SC,South Marion Substation,substation,,34.157,-79.413
SC,South Solar,plant,,33.995,-79.605
SC,South Walterboro Substation,substation,,32.89,-80.662
SC,Southborough Road Substation,substation,Pee Dee Electric Coorperative,34.2,-79.903
SC,Southern Current One Solar,plant,"Southern Current One, LLC",32.949,-81.215
SC,Sparrows Crossroads Substation,substation,Pee Dee Electric Cooperative,34.066,-79.878
SC,Spartanburg Water System Generators,plant,Spartanburg Commissioners PW,35.111,-81.968
SC,Spillway Substation,substation,,33.449,-80.162
SC,Springdale Substation,substation,South Carolina Gas & Electric,33.982,-81.118
SC,Springfield City Substation,substation,,33.5,-81.273
SC,St Stephen Dam,plant,US Army Corps of Engineers,33.427,-79.931
SC,St. Andrews Substation,substation,SCE&G,32.78,-79.989
SC,St. Matthews Solar,plant,"St. Matthews Solar, LLC",33.686,-80.761
SC,St. Stephen Dam,substation,,33.426,-79.93
SC,Stephens Crossroads Substation,substation,,33.874,-78.682
SC,Stevens Crossroads Switching Station,substation,Santee Cooper,32.993,-80.879
SC,Stono Park Substation,substation,Dominion Energy South Carolina,32.786,-80.024
SC,Strawberry Substation,substation,,33.09,-80.028
SC,Substation 20,substation,,33.44,-80.842
SC,Substation 20 Plant,plant,City of Orangeburg,33.44,-80.842
SC,Summerville Wastewater Treatment Substation,substation,,32.987,-80.221
SC,Sumter Industrial Substation,substation,,33.864,-80.382
SC,Sumter Substation,substation,,33.898,-80.324
SC,Surfside Substation,substation,,33.632,-78.963
SC,Swamp Fox Solar,plant,"Swamp Fox Solar, LLC",33.791,-81.257
SC,Sylvamo Eastover Facility Cogeneration,plant,Sylvamo,33.886,-80.64
SC,Tedder Solar,plant,Tedder Solar,34.303,-79.925
SC,Teijin Carbon Substation,substation,,34.229,-82.069
SC,The Barrows Substation,substation,,33.139,-80.062
SC,ThermoFisher Substation,substation,,34.216,-79.597
SC,Thomas Island Substation,substation,Dominion Energy South Carolina,32.875,-79.927
SC,Thurmond Substation,substation,Georgia Power,33.66,-82.196
SC,Tiger Tie Substation,substation,Duke Energy,34.953,-82.155
SC,Tillman Substation,substation,,32.443,-81.101
SC,Timmonsville Substation,substation,Pee Dee Electric Coorperative,34.178,-79.949
SC,Toolebeck Substation,substation,,33.535,-81.669
SC,Towers Road Substation,substation,,34.49,-82.652
SC,Transco Substation,substation,,34.58,-82.432
SC,Trask East Solar,plant,,32.47,-80.75
SC,Trenton Substation,substation,,33.751,-81.88
SC,Trio Substation,substation,,33.487,-79.721
SC,TWE Bowman Solar Project,plant,"TWE Bowman Solar Project, LLC",33.317,-80.685
SC,Ulmer Substation,substation,Dominion Energy South Carolina,33.101,-81.202
SC,Union Crossroads Substation,substation,,33.8,-79.988
SC,Union Renewable Energy Facility,plant,Lockhart Power,34.616,-81.819
SC,Union Substation,substation,,34.724,-81.659
SC,Upper Pacolet Hydro,plant,Lockhart Power,34.921,-81.745
SC,Uptown 1300 Henderson Street,substation,Dominion Energy South Carolina,34.006,-81.027
SC,Urquhart Station,plant,"Dominion Energy South Carolina, Inc",33.433,-81.909
SC,Urquhart Substation,substation,,33.433,-81.911
SC,US 521 Substation,substation,Duke Energy,34.965,-80.854
SC,Vanderhorst Switching Station,substation,Berkeley Electric Cooperative,32.615,-80.071
SC,Vincent Solar,plant,"Vincent Solar, LLC",34.093,-80.107
SC,Virgil C. Summer Nuclear #1 Substation,substation,,34.296,-81.315
SC,Virgil C. Summer Nuclear #2/3 Switching Station,substation,,34.29,-81.329
SC,Virgil C. Summer Nuclear Generating Station,plant,SCE&G,34.296,-81.315
SC,Volvo Substation,substation,,33.134,-80.26
SC,W.S. Lee Power Plant,plant,Duke Energy,34.6,-82.437
SC,Wadmalaw Substation,substation,,32.666,-80.172
SC,Wagener Substation,substation,South Carolina Gas & Electric,33.65,-81.361
SC,Walhalla Tie Substation,substation,Duke Energy,34.741,-83.054
SC,Wampee Substation,substation,,33.839,-78.697
SC,Ward Substation,substation,,33.872,-81.698
SC,Ware Place Substation,substation,Duke Energy,34.628,-82.393
SC,Ware Shoals Hydro Project,plant,"Central Rivers Power US, LLC",34.404,-82.234
SC,Ware Shoals Substation,substation,Duke Energy,34.396,-82.246
SC,Watauga Solar,plant,"Watauga Solar, LLC",34.523,-79.846
SC,Water Mission Solar Farm,plant,,32.878,-79.973
SC,Wateree Dam Hydro,plant,Duke Energy,34.336,-80.702
SC,Wateree Dam Substation,substation,,34.335,-80.702
SC,Wateree Station,plant,"Dominion Energy South Carolina, Inc",33.821,-80.628
SC,Wateree Substation,substation,,33.826,-80.624
SC,Watsons Riverside Substation,substation,,33.687,-78.979
SC,Weaver Solar,plant,Weaver Solar,34.07,-80.079
SC,Webb Forging Plant,plant,Central Electric Power,34.565,-81.494
SC,West Columbia Substation,substation,Dominion Energy,33.988,-81.071
SC,West Energy Facility,substation,University of South Carolina,33.993,-81.029
SC,Westminster Substation,substation,Duke Energy,34.67,-83.086
SC,WestRock Florence Mill Power Plant,plant,WestRock,34.153,-79.559
SC,WestRock Solar,plant,WestRock,32.896,-79.972
SC,WestRock Substation,substation,,32.898,-79.968
SC,WestRock Substation,substation,,34.153,-79.559
SC,White Horse Solar A,plant,White Horse Solar A,34.787,-82.399
SC,Whitetail Solar,plant,SolRiver Capital LLC,34.398,-79.398
SC,Whitt Solar,plant,"Whitt Solar, LLC",34.722,-82.525
SC,Williams Gas Turbine Substation,substation,South Carolina Gas & Electric,33.015,-79.93
SC,Williams Station,plant,South Carolina Generating Company,33.017,-79.929
SC,Williams Substation,substation,,33.018,-79.932
SC,Willigton Substation,substation,,33.976,-82.466
SC,Willis Solar,plant,,33.985,-79.565
SC,Windy Hill Substation,substation,,33.802,-78.739
SC,Winyah Generating Plant,plant,South Carolina Public Service Authority,33.329,-79.358
SC,Winyah Substation,substation,,33.332,-79.357
SC,Withers Swash Substation,substation,,33.692,-78.894
SC,Woodfield Park Substation,substation,,34.058,-80.932
SC,Woodfields Solar,plant,,34.192,-82.129
SC,Woodruff Tie Substation,substation,Duke Energy,34.734,-82.052
SC,Wylie Dam,plant,Duke Energy,35.02,-81.007
SC,Wylie Hydro Substation,substation,Duke Energy,35.024,-81.008
SC,Yemassee Solar,plant,Dominion Renewable Energy,32.709,-80.911
SC,Yemassee Substation,substation,South Carolina Electric & Gas Company,32.697,-80.864
SC,Yonah Dam Hydroelectric Station,plant,Georgia Power,34.681,-83.343
SC,York Ret Substation,substation,Duke Energy,34.994,-81.238
TN,11th Avenue Substation,substation,Nashville Electric Service,36.16,-86.79
TN,41st Avenue Substation,substation,Nashville Electric Service,36.142,-86.835
TN,42nd Avenue Substation,substation,Nashville Electric Service,36.157,-86.838
TN,54th Avenue Substation,substation,Nashville Electric Service,36.153,-86.852
TN,Adams Substation,substation,Cumberland Electric Membership Corporation,36.578,-87.055
TN,Adamsville District Substation,substation,Pickwick Electric Cooperative,35.234,-88.377
TN,AEDC Substation,substation,,35.378,-86.052
TN,Airport Substation,substation,Nashville Electric Service,36.124,-86.649
TN,Alamo Substation,substation,Tennessee Valley Authority,35.793,-89.114
TN,Albany Substation,substation,Greeneville Light and Power System,36.243,-82.903
TN,Alcoa Substation,substation,Arconic Corporation,35.809,-83.968
TN,Alcoa Switching Station,substation,Tennessee Valley Authority,35.75,-84.003
TN,Algood Substation,substation,Upper Cumberland Electric Membership Corporation,36.19,-85.443
TN,Allen Substation,substation,"Memphis Light, Gas and Water",35.073,-90.149
TN,Almaville Substation,substation,Middle Tennessee Electric,35.9,-86.562
TN,Alpha Substation,substation,Appalachian Electric Cooperative,36.182,-83.385
TN,Altamont Substation,substation,Sequachee Valley Electric Cooperative,35.403,-85.696
TN,Alumax Substation,substation,Jackson Energy Authority,35.658,-88.777
TN,Ameristeel Substation,substation,Gerdau Ameristeel US Inc.,35.73,-88.809
TN,Anderson Substation,substation,Duck River Electric Membership Corporation,34.997,-85.896
TN,Anderson Substation,substation,Tennessee Valley Authority,36.19,-84.059
TN,Andersonville Pike Substation,substation,Knoxville Utilities Board,36.086,-83.934
TN,Angeltown Switching Station,substation,Tennessee Valley Authority,36.549,-86.365
TN,Anthony Hill Substation,substation,Pulaski Electric System,35.139,-87.107
TN,Apalachia Powerhouse,plant,Tennessee Valley Authority,35.183,-84.438
TN,Apalachia Substation,substation,Tennessee Valley Authority,35.183,-84.436
TN,Ardee Avenue Substation,substation,Nashville Electric Service,36.211,-86.715
TN,Area Q Substation,substation,Milan Department of Public Utilities,35.918,-88.646
TN,Arlington Substation,substation,Knoxville Utilities Board,36.008,-83.93
TN,Asbury Substation,substation,Knoxville Utilities Board,35.949,-83.825
TN,Ashland City Substation,substation,,36.262,-87.064
TN,Aspen Grove Substation,substation,Middle Tennesse Electric,35.942,-86.84
TN,Athens Substation,substation,Tennessee Valley Authority,35.467,-84.587
TN,Atoka Substation,substation,Southwest Tennessee Electric Membership Corporation,35.417,-89.766
TN,Aurora Substation,substation,Tennessee Valley Authority,35.417,-89.403
TN,Avco Primary Substation,substation,Nashville Electric Service,36.121,-86.696
TN,Bailey Fork Substation,substation,Paris Board of Public Utilities,36.309,-88.263
TN,Bangham Substation,substation,Upper Cumberland Electric Membership Corporation,36.282,-85.468
TN,Barkers Mill Substation,substation,CDE Lightband,36.629,-87.349
TN,Basin Substation,substation,TVA,35.004,-84.387
TN,Battlefield Substation,substation,Nashville Electric Service,36.119,-86.772
TN,Baxter Substation,substation,Tennessee Valley Authority,36.149,-85.647
TN,Bean Station Substation,substation,Appalachian Electric Cooperative,36.34,-83.294
TN,Bearden Substation,substation,Knoxville Utilities Board,35.943,-83.98
TN,Bearwallow Substation,substation,Cumberland Electric Membership Corporation,36.302,-86.986
TN,Beech Bluff Substation,substation,Southwest Tennessee Electric Membership Corporation,35.588,-88.641
TN,Belfast Substation,substation,Tennessee Valley Authority,35.379,-86.686
TN,Bellevue Substation,substation,Nashville Electric Service,36.072,-86.926
TN,Bells Substation,substation,Gibson Electric Membership Corporation,35.713,-89.098
TN,Belvoir Substation,substation,EPB,35.01,-85.239
TN,Bethel Road Substation,substation,Tennessee Valley Authority,36.418,-86.749
TN,Bethlehem Substation,substation,Cumberland Electric Membership Corporation,36.595,-87.276
TN,Bi-County Gas Producers,plant,"Cube District Energy, LLC",36.541,-87.544
TN,Big Sandy Substation,substation,Benton County Electric System,36.211,-88.089
TN,Blackman Substation,substation,,35.87,-86.462
TN,Blair Road Substation,substation,Middle Tennesse Electric,35.972,-86.578
TN,Blanche Substation,substation,Fayetteville Public Utilities,35.035,-86.756
TN,Bledsoe Substation,substation,Cumberland Electric Membership Corporation,36.396,-86.371
TN,Blockhouse Substation,substation,,35.705,-83.942
TN,Bluff City Substation,substation,Tennessee Valley Authority,36.5,-82.235
TN,Bolivar Substation,substation,Tennessee Valley Authority,35.258,-89.018
TN,Bon Aqua Substation,substation,Dickson Electric System,35.941,-87.298
TN,Bonicord Substation,substation,Forked Deer Electric Cooperative,35.937,-89.311
TN,Bonwood Substation,substation,Jackson Energy Authority,35.554,-88.815
TN,Boone Dam,plant,Tennessee Valley Authority,36.44,-82.438
TN,Boone Dam Substation,substation,Tennessee Valley Authority,36.442,-82.436
TN,Boyd Station Substation,substation,Knoxville Utilities Board,35.843,-84.184
TN,Boynton Valley Substation,substation,Duck River Electric Membership Corporation,35.542,-86.135
TN,Bradford Substation,substation,Weakley County Municipal Electric System,36.079,-88.822
TN,Bradley Substation,substation,Tennessee Valley Authority,35.042,-84.959
TN,Braytown Substation,substation,Tennessee Valley Authority,36.16,-84.369
TN,Brentwood Substation,substation,Nashville Electric Service,36.018,-86.751
TN,Brick Church Substation,substation,Nashville Electric Service,36.243,-86.781
TN,Bridgestone Substation,substation,,35.63,-85.884
TN,Broadview Substation,substation,Duck River Electric Membership Corporation,35.182,-86.198
TN,Brownsville Combustion Turbine Plant,plant,Tennessee Valley Authority,35.544,-89.198
TN,Brownsville Pump Station Substation,substation,Marathon Pipe Line LLC,35.552,-89.43
TN,Brownsville Substation,substation,Southwest Tennessee Electric Membership Corporation,35.587,-89.274
TN,Brownsville Switching Station,substation,Brownsville Energy Authority,35.588,-89.273
TN,Bruceton Substation,substation,Carroll County Electric Department,36.043,-88.261
TN,Brush Creek Capacitor,substation,Tennessee Valley Authority,35.412,-85.385
TN,Brush Creek Substation,substation,Sequachee Valley Electric Cooperative,35.403,-85.373
TN,Buck Creek Substation,substation,Rockwood Electric Utility,35.835,-84.453
TN,Bud Crockett Switching Station,substation,Tennessee Valley Authority,35.72,-88.379
TN,Buffalo Mountain Energy Center,plant,Invenergy Services LLC,36.126,-84.347
TN,Bull Run Substation,substation,Tennessee Valley Authority,36.019,-84.158
TN,Bulls Gap Substation,substation,Holston Electric Cooperative,36.271,-83.114
TN,Burlison Substation,substation,Southwest Tennessee Electric Membership Corporation,35.564,-89.759
TN,Cairo Bend Substation,substation,Middle Tennessee Electric,36.281,-86.386
TN,Calderwood,plant,Brookfield Smoky Mountain Hydropower LP,35.494,-83.989
TN,Camden Substation,substation,Benton County Electric System,36.055,-88.116
TN,Campbell Junction Substation,substation,Volunteer Energy Cooperative,36.056,-85.14
TN,Canaan Road Substation,substation,Mount Pleasant Power System,35.557,-87.188
TN,Canadaville Solar,plant,"SR Canadaville Solar, LLC",35.142,-89.589
TN,Canadaville Substation,substation,Chickasaw Electric Cooperative,35.145,-89.593
TN,Cane Ridge Substation,substation,,36.033,-86.654
TN,Carlex Glass Substation,substation,"Carlex Glass America, LLC",35.611,-84.262
TN,Carriage House Substation,substation,Jackson Energy Authority,35.664,-88.848
TN,Carson Lane Substation,substation,Murfreesboro Electric Department,35.808,-86.447
TN,Carthage Substation,substation,,36.266,-85.96
TN,Caryville Substation,substation,,36.321,-84.192
TN,CCJIP Substation,substation,Duck River Electric Membership Corporation,35.401,-86.13
TN,Cedar Creek Substation,substation,Tennessee Valley Authority,36.273,-83.226
TN,Cedar Grove Substation,substation,Powell Valley Electric Cooperative,36.398,-83.693
TN,Celina Substation,substation,Tri-County Electric,36.54,-85.458
TN,Center City Substation,substation,Knoxville Utilities Board,35.966,-83.917
TN,Center Hill Hydroelectric Station,plant,United States Army Corps of Engineers,36.097,-85.827
TN,Centerville Substation,substation,Meriwether Lewis Electric Cooperative,35.77,-87.479
TN,Centerville Switching Station,substation,Tennessee Valley Authority,35.771,-87.48
TN,Central Substation,substation,Nashville Electric Service,36.169,-86.779
TN,Central Wastewater Solar,plant,Metro Water Services,36.184,-86.787
TN,Chapel Hill Substation,substation,Duck River Electric Membership Corporation,35.612,-86.698
TN,Charleston Distributing Substation,substation,Tennessee Valley Authority,35.293,-84.757
TN,Charleston Primary Substation,substation,Tennessee Valley Authority,35.302,-84.783
TN,Charleston Substation,substation,Volunteer Energy Cooperative,35.282,-84.774
TN,Charlotte Substation,substation,Dickson Electric System,36.177,-87.347
TN,Chattanooga Metropolitan Airport Photovoltaic Solar Power Plant,plant,Chattanooga Metropolitan Airport,35.026,-85.208
TN,Cheatham Hydroelectric Station,plant,United States Army Corps of Engineers,36.319,-87.224
TN,Chelsea Substation,substation,"Memphis Light, Gas and Water",35.173,-89.95
TN,Cherokee Dam Powerhouse,plant,Tennessee Valley Authority,36.167,-83.498
TN,Cherokee Dam Substation,substation,Tennessee Valley Authority,36.168,-83.497
TN,Cherokee Dam Substation,substation,Tennessee Valley Authority,36.171,-83.499
TN,Cherry Glen Substation,substation,Mount Pleasant Power System,35.576,-87.17
TN,Chesterfield Substation,substation,Tennessee Valley Authority,35.637,-88.271
TN,Chestnut Ridge Gas Recovery,plant,WM Renewable Energy LLC,36.121,-84.038
TN,Chestnut Substation,substation,,35.941,-83.311
TN,Chickamauga Power Plant,plant,Tennessee Valley Authority,35.103,-85.229
TN,Chickamauga Substation,substation,Tennessee Valley Authority,35.101,-85.229
TN,Chilhowee Power Plant,plant,Brookfield Smoky Mountain Hydropower LP,35.545,-84.05
TN,Chilhowee Substation,substation,,35.56,-84.104
TN,Christiana Substation,substation,Middle Tennessee Electric,35.717,-86.413
TN,Clarksburg Substation,substation,Carroll County Electric Department,35.856,-88.389
TN,Clarksville District Substation,substation,CDE Lightband,36.513,-87.331
TN,Clarksville Primary Substation,substation,Tennessee Valley Authority,36.534,-87.336
TN,Clay Street Substation,substation,Nashville Electric Service,36.184,-86.808
TN,Cleveland Substation,substation,Tennessee Valley Authority,35.184,-84.821
TN,Clifton City Substation,substation,Tennessee Valley Electric Cooperative,35.373,-87.983
TN,Clinton Substation,substation,Clinton Utilities Board,36.114,-84.12
TN,Clouse Hill Road Solar,plant,Alicity Group LLC,35.286,-85.78
TN,Coalfield Substation,substation,,36.037,-84.392
TN,Coalmont Substation,substation,Sequachee Valley Electric Cooperative,35.346,-85.698
TN,Collierville Gate Substation,substation,"Memphis Light, Gas and Water",35.046,-89.741
TN,Collinwood Substation,substation,Tennessee Valley Electric Cooperative,35.163,-87.745
TN,Colonial Pipeline Substation,substation,Colonial Pipeline Company,35.101,-85.351
TN,Colonial Village Substation,substation,Knoxville Utilities Board,35.921,-83.872
TN,Columbia Hydro Substation,substation,Tennessee Valley Authority,35.621,-87.022
TN,Columbia Substation,substation,Tennessee Valley Authority,35.664,-87.033
TN,Compton Road Substation,substation,Murfreesboro Electric Department,35.904,-86.331
TN,Coopertown Substation,substation,Cumberland Electric Membership Corporation,36.459,-86.952
TN,Copper Ridge Substation,substation,Morristown Utility Systems,36.249,-83.263
TN,Copperweld Corp #2 Substation,substation,,35.166,-86.567
TN,Copperweld Corp #2 Substation,substation,,35.168,-86.567
TN,Cordell Hull Dam,plant,United States Army Corps of Engineers,36.29,-85.944
TN,Cordova Substation,substation,Tennessee Valley Authority,35.175,-89.745
TN,Cornersville Substation,substation,Duck River Electric Membership Corporation,35.347,-86.842
TN,Cosby Substation,substation,Tennessee Valley Authority,35.809,-83.248
TN,Counce Switching Station,substation,Tennessee Valley Authority,35.049,-88.26
TN,Covington Substation,substation,Tennessee Valley Authority,35.546,-89.647
TN,Cowan Substation,substation,,35.16,-86.005
TN,Crab Orchard Substation,substation,Volunteer Energy Cooperative,35.912,-84.889
TN,Craighead Substation,substation,Nashville Electric Service,36.13,-86.759
TN,Crockett Substation,substation,Lawrenceburg Utility Systems,35.257,-87.378
TN,Crockett Substation,substation,Nashville Electric Service,36.195,-86.753
TN,Cross Park Substation,substation,Knoxville Utilities Board,35.923,-84.086
TN,Cross Plains Substation,substation,Tennessee Valley Authority,36.546,-86.759
TN,Crossville Substation,substation,Tennessee Valley Authority,35.955,-85.0
TN,Crutcher Street Substation,substation,Nashville Electric Service,36.162,-86.756
TN,Culleoka Substation,substation,Duck River Electric Membership Corporation,35.462,-87.016
TN,Cumberland 500kV Substation,substation,Tennessee Valley Authority,36.392,-87.657
TN,Cumberland Fossil Plant,plant,Tennessee Valley Authority,36.389,-87.652
TN,Cumberland Furnace Substation,substation,Dickson Electric System,36.262,-87.367
TN,Cumberland Substation,substation,Tennessee Valley Authority,36.39,-87.658
TN,Cumberland Substation,substation,Kingsport Power Company,36.544,-82.559
TN,Cumberland Switchyard,substation,Tennessee Valley Authority,36.378,-87.676
TN,Cummings Substation,substation,EPB,35.016,-85.389
TN,Cunningham Substation,substation,Cumberland Electric Membership Corporation,36.386,-87.382
TN,Curve Substation,substation,Forked Deer Electric Cooperative,35.807,-89.474
TN,Dale Hollow Dam,plant,United States Army Corps of Engineers,36.538,-85.452
TN,Dale Hollow Hydro Plant Substation,substation,Tennessee Valley Authority,36.539,-85.452
TN,Dalton Smith Substation,substation,CDE Lightband,36.633,-87.302
TN,Dancyville Substation,substation,Tennessee Valley Authority,35.374,-89.305
TN,Dandridge Substation,substation,Appalachian Electric Cooperative,36.024,-83.425
TN,Davidson Substation,substation,Tennessee Valley Authority,36.068,-86.984
TN,Dayton Substation,substation,Tennessee Valley Authority,35.512,-85.021
TN,Dechert Substation,substation,Duck River Electric Membership Corporation,35.227,-86.098
TN,Dechert Substation,substation,Tennessee Valley Authority,35.228,-86.097
TN,Denso Substation,substation,"Denso Manufacturing Tennessee, Inc.",35.476,-84.642
TN,Denver Substation,substation,,36.034,-87.943
TN,Dickerson Road Substation,substation,Nashville Electric Service,36.212,-86.765
TN,Dickson Substation,substation,Tennessee Valley Authority,36.094,-87.407
TN,District Substation,substation,Trenton Light & Water Department,35.978,-88.949
TN,"DMAT Denso - SEAT Solar Holdings, LLC",plant,"Solarity Aggregator, LLC",35.481,-84.643
TN,Doe Substation,substation,Mountain Electric Cooperative,36.445,-81.887
TN,Domtar Kingsport Mill Power Plant,plant,Domtar Paper Co LLC Kingsport Mill,36.55,-82.569
TN,Domtar Substation,substation,,36.547,-82.571
TN,Donelson Substation,substation,Nashville Electric Service,36.165,-86.65
TN,Double Bridges Substation,substation,Tennessee Valley Authority,35.913,-89.458
TN,Double Springs Substation,substation,Upper Cumberland Electric Membership Corporation,36.149,-85.6
TN,Douglas Dam Powerhouse,plant,Tennessee Valley Authority,35.962,-83.539
TN,Douglas Dam Substation,substation,Tennessee Valley Authority,35.963,-83.54
TN,Dover Substation,substation,Cumberland Electric Membership Corporation,36.484,-87.831
TN,Dr. Jean Anne Rogers Substation,substation,Murfreesboro Electric Department,35.771,-86.344
TN,Dresden Substation,substation,Tennessee Valley Authority,36.252,-88.712
TN,Drummonds Substation,substation,Southwest Tennessee Electric Membership Corporation,35.469,-89.894
TN,Dry Creek Substation,substation,Hood Container Corporation,36.084,-87.938
TN,Dry Gap Substation,substation,Knoxville Utilities Board,36.059,-83.975
TN,Dumplin Valley Switching Station,substation,Tennessee Valley Authority,36.033,-83.568
TN,Duncan Substation,substation,Tennessee Valley Authority,35.797,-83.965
TN,Dunn Substation,substation,Lawrenceburg Utility Systems,35.198,-87.325
TN,Dupont Substation,substation,Nashville Electric Service,36.271,-86.66
TN,Dupont Substation #2,substation,Nashville Electric Service,36.271,-86.651
TN,Dupree Substation,substation,Brownsville Energy Authority;Southwest Tennessee Electric Membership Corporation,35.606,-89.242
TN,Dyer Creek Substation,substation,Jackson Energy Authority,35.689,-88.802
TN,E.H. Crump Substation,substation,"Memphis Light, Gas and Water",35.143,-90.03
TN,Eagle Bend Substation,substation,,36.094,-84.108
TN,Eagle Creek Substation,substation,Paris Board of Public Utilities,36.431,-88.158
TN,East Camden Substation,substation,Benton County Electric System,36.048,-88.089
TN,East Cool Springs Substation,substation,Middle Tennesse Electric,35.94,-86.794
TN,East Court Street Substation,substation,Dyersburg Electric System,36.025,-89.359
TN,East Fork Substation,substation,Knoxville Utilities Board,35.997,-84.304
TN,East Franklin Substation,substation,Tennessee Valley Authority,35.921,-86.809
TN,East Franklin Substation,substation,Middle Tennesse Electric,35.922,-86.819
TN,East Industrial Park Substation,substation,Ripley Power & Light Company,35.725,-89.527
TN,East Knoxville Substation,substation,Knoxville Utilities Board,36.001,-83.864
TN,East McMinnville Substation,substation,Tennessee Valley Authority,35.705,-85.744
TN,East Murfreesboro Substation,substation,Murfreesboro Electric Department,35.836,-86.353
TN,East Park Substation,substation,Jackson Energy Authority,35.641,-88.775
TN,East Ridge Substation,substation,Electric Power Board of Chattanooga,34.998,-85.249
TN,East Savannah Substation,substation,Tennessee Valley Electric Cooperative,35.23,-88.199
TN,East Sevierville Substation,substation,Sevier County Electric System,35.863,-83.542
TN,East Shelbyville Substation,substation,Shelbyville Power System,35.496,-86.427
TN,East Substation,substation,Nashville Electric Service,36.21,-86.735
TN,East Switching Station,substation,Naval Support Activity Mid-South,35.336,-89.867
TN,East Tennessee Progress Center Substation,substation,,36.144,-83.288
TN,Eastbridge Solar Farm,plant,,36.081,-83.727
TN,Eastbridge Substation,substation,Knoxville Utilities Board,36.064,-83.731
TN,Eastgate Substation,substation,Middle Tennessee Electric,36.184,-86.438
TN,Eaton Crossroads Substation,substation,Knoxville Utilities Board,35.842,-84.272
TN,Eaton Crossroads Substation,substation,Lenoir City Utilities Board,35.851,-84.325
TN,Ebenezer Substation,substation,Tennessee Valley Authority,35.905,-84.076
TN,Edens Ridge Substation,substation,Appalachian Power Company,36.519,-82.529
TN,Edenwold Substation,substation,Nashville Electric Service,36.293,-86.697
TN,Edgehill Substation,substation,Nashville Electric Service,36.141,-86.79
TN,Egypt Substation,substation,Southwest Tennessee Electric Membership Corporation,35.492,-89.727
TN,Electric Substation #46,substation,"Memphis Light, Gas and Water",35.246,-89.997
TN,Elizabethton Substation,substation,Tennessee Valley Authority,36.359,-82.21
TN,Elk River Substation,substation,Fayetteville Public Utilities,35.126,-86.567
TN,Elkton Substation,substation,Pulaski Electric System,35.037,-86.888
TN,Ellistown Substation,substation,Knoxville Utilities Board,36.05,-83.803
TN,Elm Hill Substation,substation,Nashville Electric Service,36.149,-86.711
TN,Elora Solar,plant,NextEra Energy,35.051,-86.351
TN,Elora Solar Substation,substation,NextEra Energy,35.062,-86.339
TN,Elysian Fields Substation,substation,,36.097,-86.746
TN,Elza Substation,substation,Knoxville Utilities Board,36.001,-84.258
TN,Emory Road Substation,substation,Knoxville Utilities Board,36.139,-83.801
TN,Englewood Substation,substation,Tennessee Valley Authority,35.425,-84.496
TN,Erin Substation,substation,Tennessee Valley Authority,36.326,-87.673
TN,Erwin Substation,substation,Tennessee Valley Authority,36.153,-82.419
TN,Estill Springs Substation,substation,Duck River Electric Membership Corporation,35.281,-86.122
TN,Etowah Substation,substation,Tennessee Valley Authority,35.374,-84.515
TN,Factory at Franklin Solar,plant,Factory at Franklin,35.932,-86.859
TN,Fair Drive Substation,substation,Knoxville Utilities Board,36.026,-83.949
TN,Fairfield Glade Substation,substation,Volunteer Energy Cooperative,36.009,-84.893
TN,Fairfield Pike Substation,substation,Shelbyville Power System,35.514,-86.446
TN,Falling Water Substation,substation,Electric Power Board of Chattanooga,35.203,-85.222
TN,Fayetteville District Substation,substation,Fayetteville Public Utilities,35.152,-86.59
TN,Fayetteville Industrial Substation,substation,Fayetteville Public Utilities,35.161,-86.511
TN,Fayetteville Primary Substation,substation,Tennessee Valley Authority,35.132,-86.476
TN,Finn Street Substation,substation,Nashville Electric Service,36.179,-86.753
TN,Fish Springs Substation,substation,,36.316,-82.052
TN,Five Points Substation,substation,Lawrenceburg Utility Systems,35.037,-87.308
TN,Flintville Substation,substation,Fayetteville Public Utilities,35.064,-86.414
TN,Florence Substation,substation,Middle Tennesse Electric,35.928,-86.492
TN,Ford Hudson Road Substation,substation,Dyersburg Electric System,36.081,-89.342
TN,Forest Hills Substation,substation,Nashville Electric Service,36.048,-86.859
TN,Forrest Hill Substation,substation,Pickwick Electric Cooperative,35.145,-88.576
TN,Forrest Street Substation,substation,Dyersburg Electric System,36.036,-89.415
TN,Fort Loudon Hydro,plant,Tennessee Valley Authority,35.792,-84.244
TN,Fort Loudoun Dam Substation,substation,Tennessee Valley Authority,35.793,-84.245
TN,Fort Patrick Henry Dam Substation,substation,Tennessee Valley Authority,36.499,-82.509
TN,Fort Patrick Henry Powerhouse,plant,Tennessee Valley Authority,36.498,-82.509
TN,Fort Sanders Substation,substation,Knoxville Utilities Board,35.963,-83.936
TN,Fountain City Substation,substation,Knoxville Utilities Board,36.038,-83.924
TN,Fountain Head Substation,substation,Cumberland Electric Membership Corporation,36.552,-86.479
TN,Fowlkes Substation,substation,Tennessee Valley Authority,35.977,-89.379
TN,Franklin Substation,substation,Tennessee Valley Authority,35.335,-86.117
TN,Franklin Substation,substation,Tennessee Valley Authority,35.926,-86.855
TN,Franklin WWTP Solar Phase 1,plant,City of Franklin,35.941,-86.871
TN,Franklin WWTP Solar Phase 2,plant,City of Franklin,35.944,-86.871
TN,Fredonia Substation,substation,Volunteer Energy Cooperative,36.014,-85.045
TN,Freeport Substation,substation,Tennessee Valley Authority,34.996,-90.049
TN,Friendsville Substation,substation,,35.756,-84.128
TN,Friendsville Substation,substation,Fort Loudon Electric Cooperative,35.765,-84.098
TN,Front Street Substation,substation,,35.154,-90.05
TN,Fruitland Substation,substation,Trenton Light & Water Department,35.916,-88.94
TN,GAF Substation,substation,Nashville Electric Service,36.134,-86.752
TN,Gainesboro Substation,substation,Upper Cumberland Electric Membership Corporation,36.329,-85.633
TN,Gallatin Power Plant,plant,Tennessee Valley Authority,36.318,-86.401
TN,Gallatin Substation,substation,Tennessee Valley Authority,36.358,-86.444
TN,Gallaway Substation,substation,Southwest Tennessee Electric Membership Corporation,35.324,-89.617
TN,Galloway Substation,substation,Nashville Electric Service,36.157,-86.812
TN,Gates Substation,substation,Ripley Power & Light Company,35.858,-89.403
TN,Gatlinburg Substation,substation,Tennessee Valley Authority,35.723,-83.508
TN,Georgetown Substation,substation,Volunteer Energy Cooperative,35.322,-84.966
TN,Getwell Substation,substation,"Memphis Light, Gas and Water",35.085,-89.932
TN,Gladeville Substation,substation,Middle Tennessee Electric,36.148,-86.467
TN,Gleason Generating Facility,plant,Tennessee Valley Authority,36.246,-88.612
TN,Gleason Substation,substation,Weakley County Municipal Electric System,36.19,-88.629
TN,Gleason Substation,substation,Tennessee Valley Authority,36.245,-88.611
TN,Goodfield Substation,substation,Volunteer Energy Cooperative,35.491,-84.814
TN,Goodlettsville Substation,substation,,36.317,-86.717
TN,Google Substation,substation,Google LLC,36.624,-87.266
TN,Goose Creek Substation,substation,Middle Tennesse Electric,35.862,-86.829
TN,Gordonsville Substation,substation,,36.166,-85.939
TN,Grand Junction Substation,substation,Bolivar Energy Authority,35.06,-89.187
TN,Grassland Substation,substation,Middle Tennesse Electric,36.008,-86.884
TN,Great Falls Hydro Plant,plant,Tennessee Valley Authority,35.807,-85.634
TN,Great Falls Substation,substation,Tennessee Valley Authority,35.807,-85.636
TN,Green Hills Substation,substation,Nashville Electric Service,36.104,-86.818
TN,Greenbrier Substation,substation,Cumberland Electric Membership Corporation,36.421,-86.797
TN,Greeneville Industrial Park Substation,substation,Tennessee Valley Authority,36.195,-82.727
TN,Greeneville Substation,substation,Tennessee Valley Authority,36.159,-82.879
TN,Greenfield Substation,substation,Weakley County Municipal Electric System,36.155,-88.812
TN,Grigsby Chapel Substation,substation,Knoxville Utilities Board,35.894,-84.182
TN,H. Gordon Bone Memorial Substation,substation,Middle Tennessee Electric,36.069,-86.428
TN,Haletown Substation,substation,Electric Power Board of Chattanooga,35.016,-85.545
TN,Halls Crossroads Substation,substation,Knoxville Utilities Board,36.088,-83.907
TN,Halls Substation,substation,Forked Deer Electric Cooperative,35.88,-89.429
TN,Hamilton Substation,substation,Electric Power Board of Chattanooga,35.029,-85.151
TN,Hardin Valley Substation,substation,Knoxville Utilities Board,35.949,-84.16
TN,Harding Pike Substation,substation,Nashville Electric Service,36.1,-86.872
TN,Harding Place Substation,substation,Nashville Electric Service,36.093,-86.847
TN,Harrison Substation,substation,Tennessee Valley Authority,35.192,-85.048
TN,Harrogate Substation,substation,Powell Valley Electric Cooperative,36.579,-83.645
TN,Hartsville Substation,substation,,36.394,-86.173
TN,Haywood Solar,plant,"Haywood Solar, SMLLC",35.614,-89.239
TN,HCA IT & Services Data Center,substation,,36.032,-86.637
TN,Hebron Substation,substation,Bolivar Energy Authority,35.19,-88.926
TN,Hemlock Switching Station,substation,Tennessee Valley Authority,36.623,-87.267
TN,Henderson Substation,substation,Tennessee Valley Authority,35.431,-88.658
TN,Hendersonville Substation,substation,Nashville Electric Service,36.307,-86.623
TN,Hendron Substation,substation,Knoxville Utilities Board,35.9,-83.822
TN,Henning Substation,substation,Southwest Tennessee Electric Membership Corporation,35.662,-89.588
TN,Henpeck Substation,substation,Middle Tennesse Electric,35.871,-86.867
TN,Henry Substation,substation,Paris Board of Public Utilities,36.209,-88.415
TN,Hickory Star Substation,substation,Knoxville Utilities Board,36.228,-83.846
TN,Hickory Valley Substation,substation,Tennessee Valley Authority,35.134,-89.138
TN,Hickory White Substation,substation,Chickasaw Electric Cooperative,35.252,-89.588
TN,Hicks Street Substation,substation,Jackson Energy Authority,35.581,-88.825
TN,Highlands Park Solar Farm,plant,,36.135,-85.562
TN,Highlands Park Substation,substation,Cookeville Electric Department,36.134,-85.565
TN,Highway 411 Substation,substation,City of Maryville,35.713,-84.02
TN,Hillsboro Substation,substation,Duck River Electric Membership Corporation,35.402,-85.975
TN,Hilltop Substation,substation,Meriwether Lewis Electric Cooperative,35.851,-87.382
TN,Hohenwald Substation,substation,Tennessee Valley Authority,35.544,-87.549
TN,Holloday Substation,substation,Benton County Electric System,35.887,-88.159
TN,Hollywood Substation,substation,Jackson Energy Authority,35.64,-88.851
TN,Holston Valley Substation,substation,Bristol Tennessee Essential Services,36.566,-82.071
TN,Hopewell Substation,substation,Volunteer Energy Cooperative,35.252,-84.908
TN,Hornsby Substation,substation,Bolivar Energy Authority,35.22,-88.821
TN,Hospital Substation,substation,Jackson Energy Authority,35.633,-88.829
TN,House Mountain Substation,substation,Knoxville Utilities Board,36.118,-83.722
TN,Humboldt Substation,substation,Tennessee Valley Authority,35.82,-88.88
TN,Huntingdon District Substation,substation,Carroll County Electric Department,36.018,-88.437
TN,Huntingdon Substation,substation,Tennessee Valley Authority,36.021,-88.379
TN,Huntsville Substation,substation,Tennessee Valley Authority,36.414,-84.518
TN,Hurricane Creek Substation,substation,Nashville Electric Service,36.025,-86.593
TN,Hustburg Substation,substation,Meriwether Lewis Electric Cooperative,35.999,-87.985
TN,IKEA Memphis 508,plant,IKEA Property Inc,35.19,-89.799
TN,India Substation,substation,Paris Board of Public Utilities,36.313,-88.294
TN,Indian Springs Substation,substation,Kingsport Power Company,36.527,-82.448
TN,Industrial Park Substation,substation,Applachian Electric Cooperative,36.131,-83.489
TN,Industrial Substation,substation,Trenton Light & Water Department,35.948,-88.952
TN,Industrial Substation,substation,Paris Board of Public Utilities,36.28,-88.309
TN,Island Home Substation,substation,Knoxville Utilities Board,35.956,-83.891
TN,J M Huber Substation,substation,Tennessee Valley Authority,35.278,-84.54
TN,J P Priest Power Plant,plant,United States Army Corps of Engineers,36.157,-86.619
TN,Jacks Creek Substation,substation,Southwest Tennessee Electric Membership Corporation,35.472,-88.515
TN,Jackson Substation,substation,Jackson Energy Authority,35.604,-88.811
TN,Jackson Switching Station,substation,Tennessee Valley Authority,35.702,-88.791
TN,Jacksonian Substation,substation,Nashville Electric Service,36.195,-86.628
TN,James Kent Substation,substation,Pickwick Electric Cooperative,35.358,-88.374
TN,Jamestown Substation,substation,Volunteer Energy Cooperative,36.405,-84.935
TN,Jasper Substation,substation,Sequachee Valley Electric Cooperative,35.075,-85.61
TN,Jefferson City Substation,substation,Appalachian Electric Cooperative,36.106,-83.497
TN,Jena Substation,substation,Fort Loudoun Electric Cooperative,35.654,-84.152
TN,Jingo Substation,substation,Middle Tennesse Electric,35.958,-87.139
TN,John Hall Substation,substation,Knoxville Utilities Board,35.916,-83.937
TN,John Robert Nixon Substation,substation,Smithville Electric System,35.938,-85.822
TN,John Sevier Combined Cycle Plant,plant,Tennessee Valley Authority,36.375,-82.965
TN,John Sevier Substation,substation,Tennessee Valley Authority,36.377,-82.961
TN,Johnsonville 500kV Substation,substation,TVA,36.024,-87.982
TN,Johnsonville Combustion Turbine Plant,plant,Tennessee Valley Authority,36.035,-87.985
TN,Jones Boulevard Substation,substation,Murfreesboro Electric Department,35.879,-86.401
TN,Jones Cove Substation,substation,Sevier County Electric System,35.849,-83.404
TN,Jones Creek Substation,substation,Jackson Energy Authority,35.638,-88.774
TN,Jonesboro Substation,substation,Johnson City Energy Authority,36.283,-82.483
TN,Jonesborough Substation,substation,Tennessee Valley Authority,36.251,-82.431
TN,K-25  Solar Farm,plant,,35.928,-84.382
TN,Karns Substation,substation,Knoxville Utilities Board,35.985,-84.06
TN,Kedron Road Switching Station,substation,Tennessee Valley Authority,35.702,-86.91
TN,Kenneth Phillips Substation,substation,Duck River Electric Membership Corporation,35.569,-86.464
TN,Kent Substation,substation,Nashville Electric Service,36.152,-86.663
TN,Kenton Substation,substation,Gibson Electric Membership Corporation,36.204,-89.032
TN,Kimball Substation,substation,Sequachee Valley Electric Cooperative,35.052,-85.662
TN,Kimberley Clark Substation,substation,,35.766,-84.328
TN,Kingston Springs Substation,substation,Dickson Electric System,36.109,-87.079
TN,Kingston Steam Plant,plant,Tennessee Valley Authority,35.903,-84.513
TN,Kirkwood Substation,substation,Cumberland Electric Membership Corporation,36.592,-87.254
TN,Kittrell Substation,substation,Middle Tennessee Electric,35.821,-86.246
TN,Klinke Avenue Substation,substation,"Memphis Light, Gas and Water",35.21,-90.051
TN,Knoxville Primary Substation,substation,Tennessee Valley Authority,36.033,-83.864
TN,Kodak Road Substation,substation,Knoxville Utilities Board,35.963,-83.67
TN,Kyle Hill Substation,substation,Kingsport Power Company,36.587,-82.572
TN,Kyles Ford Substation,substation,Tennessee Valley Authority,36.575,-83.033
TN,La Vergne Substation,substation,Middle Tennesse Electric,35.983,-86.577
TN,Lafayette District Substation,substation,,36.525,-86.036
TN,Lafayette Primary Substation,substation,Tennessee Valley Authority,36.569,-86.073
TN,Lafollette Substation,substation,TVA,36.4,-84.09
TN,Lagoon Creek Plant,plant,Tennessee Valley Authority,35.654,-89.395
TN,Lagoon Creek Substation,substation,Tennessee Valley Authority,35.657,-89.395
TN,Lakeshore Substation,substation,Knoxville Utilities Board,35.918,-83.995
TN,Lakeview Substation,substation,Middle Tennessee Electric,36.259,-86.537
TN,Lamar Substation,substation,Johnson City Energy Authority,36.239,-82.469
TN,Latitude Solar Center,plant,"CD Arevon USA, Inc.",35.307,-89.168
TN,Lawrenceburg Primary Substation,substation,Tennessee Valley Authority,35.279,-87.321
TN,Lebanon Industrial Substation,substation,Middle Tennessee Electric,36.219,-86.331
TN,Lebanon Substation,substation,Tennessee Valley Authority,36.166,-86.312
TN,Lexington Street Substation,substation,Jackson Energy Authority,35.625,-88.788
TN,Lexington Substation,substation,Lexington Electric System,35.644,-88.387
TN,Lick Creek Substation,substation,Tennessee Valley Authority,36.192,-82.994
TN,Lightfoot Substation,substation,Forked Deer Electric Cooperative,35.742,-89.635
TN,Lincoln Farm,plant,Greenbacker Renewable Energy Corporation,35.079,-86.569
TN,Linden Substation,substation,Meriwether Lewis Electric Cooperative,35.622,-87.834
TN,Livingston Substation,substation,Tennessee Valley Authority,36.396,-85.328
TN,Lobelville Substation,substation,Meriwether Lewis Electric Cooperative,35.783,-87.774
TN,Longtown Substation,substation,Chickasaw Electric Cooperative,35.335,-89.484
TN,Lonsdale Substation,substation,Tennessee Valley Authority,35.961,-83.953
TN,Loretto Substation,substation,Lawrenceburg Utility Systems,35.065,-87.462
TN,Loudon Substation,substation,Tennessee Valley Authority,35.72,-84.36
TN,Loudon Substation,substation,Tennessee Valley Authority,35.731,-84.352
TN,Lovedale Substation,substation,Kingsport Power Company,36.557,-82.565
TN,Lovell Substation,substation,Knoxville Utilities Board,35.891,-84.136
TN,Luttrell Substation,substation,Knoxville Utilities Board,36.208,-83.746
TN,Lynchburg Substation,substation,,35.269,-86.386
TN,Lynnville Substation,substation,Pulaski Electric System,35.374,-87.018
TN,Madison Substation,substation,Nashville Electric Service,36.261,-86.715
TN,Madison West Switching Station,substation,Tennessee Valley Authority,35.641,-88.905
TN,Madisonville Substation,substation,Fort Loudoun Electric Cooperative,35.516,-84.375
TN,Magic Valley Substation,substation,Southwest Tennessee Electric Membership Corporation,35.471,-88.687
TN,Manchester Substation,substation,Duck River Electric Membership Corporation,35.504,-86.076
TN,Mann Road Switching Station,substation,Tennessee Valley Authority,35.107,-86.35
TN,Mansker Farms Substation,substation,Cumberland Electric Membership Corporation,36.327,-86.654
TN,Maremont Exhaust Products Substation,substation,Loudon Utilities Board,35.727,-84.355
TN,Martha Substation,substation,Middle Tennessee Electric,36.23,-86.477
TN,Mashburn Substation,substation,Nashville Electric Service,36.114,-86.731
TN,Mason Substation,substation,Tennessee Valley Authority,35.41,-89.55
TN,Maury City Substation,substation,Gibson Electric Membership Corporation,35.821,-89.212
TN,Maury Substation,substation,Tennessee Valley Authority,35.673,-87.019
TN,Maynardville Substation,substation,Knoxville Utilities Board,36.258,-83.777
TN,McBurg Substation,substation,Fayetteville Public Utilities,35.187,-86.834
TN,McDonald Substation,substation,Tennessee Valley Authority,35.097,-84.99
TN,McEwen Substation,substation,Meriwether Lewis Electric Cooperative,36.107,-87.637
TN,McGhee Tyson Subtation,substation,,35.797,-84.016
TN,McIver Substation,substation,Nashville Electric Service,36.219,-86.729
TN,McKellar Solar,plant,"SR McKellar, LLC",35.579,-88.938
TN,McKellar Switching Station,substation,Tennessee Valley Authority,35.595,-88.934
TN,McKenzie Substation,substation,Tennessee Valley Authority,36.139,-88.54
TN,McMinnville Power Plant,plant,McMinnville Electric System,35.705,-85.744
TN,McMinnville Substation,substation,Tennessee Valley Authority,35.694,-85.809
TN,Melton Hill Dam Substation,substation,Tennessee Valley Authority,35.885,-84.301
TN,Melton Hill Power Plant,plant,Tennessee Valley Authority,35.885,-84.3
TN,Merry Oaks Substation,substation,Nashville Electric Service,36.153,-86.685
TN,Messer Substation,substation,Messer LLC,36.025,-86.593
TN,Meta Switching Station,substation,Tennessee Valley Authority,36.409,-86.372
TN,Metro Center Substation,substation,Nashville Electric Service,36.188,-86.803
TN,Middale Substation,substation,Southwest Tennessee Electric Membership Corporation,35.722,-88.908
TN,Middlebrook Substation,substation,Knoxville Utilities Board,35.969,-83.988
TN,Midvale Substation,substation,Electric Power Board of Chattanooga,35.087,-85.312
TN,Midway Substation,substation,Tennessee Valley Authority,36.005,-83.704
TN,Milan Army Ammunition Plant,substation,Milan Army Ammunition Plant,35.925,-88.722
TN,Milan District Substation,substation,Milan Department of Public Utilities,35.931,-88.759
TN,Milan Substation,substation,Tennessee Valley Authority,35.946,-88.773
TN,Mill Branch Substation,substation,"Memphis Light, Gas and Water",35.033,-90.007
TN,Mill Creek Substation,substation,Forked Deer Electric Cooperative,35.925,-89.45
TN,Millington II Substation,substation,"SR Millington, LLC",35.35,-89.849
TN,Millington Solar Farm,plant,"SR Millington, LLC",35.351,-89.856
TN,Millington Substation,substation,"Memphis Light, Gas and Water",35.341,-89.891
TN,Minco Substation,substation,,36.18,-82.991
TN,Mitchell Substation,substation,,36.356,-82.595
TN,Mitchellville Substation,substation,Cumberland Electric Membership Corporation,36.634,-86.566
TN,Moccassin Substation,substation,Tennessee Valley Authority,35.062,-85.333
TN,Mohawk Substation,substation,Knoxville Utilities Board,35.967,-83.889
TN,Moize Creek Substation,substation,Southwest Tennessee Electric Membership Corporation,35.7,-88.852
TN,Moncrief Substation,substation,Nashville Electric Service,36.326,-86.715
TN,Monroe Substation,substation,Upper Cumberland Electric Membership Corporation,36.439,-85.248
TN,Monsanto Switching Station,substation,Tennessee Valley Authority,35.668,-87.104
TN,Montague Substation,substation,Nashville Electric Service,36.248,-86.72
TN,Monterey Substation,substation,Tennessee Valley Authority,36.126,-85.249
TN,Montgomery Substation,substation,Lexington Electric System,35.465,-88.154
TN,Montgomery Substation,substation,Tennessee Valley Authority,36.594,-87.253
TN,Monticello Substation,substation,Nashville Electric Service,36.289,-86.705
TN,Morgan County Substation,substation,Plateau Electric Cooperative,36.095,-84.543
TN,Morris Substation,substation,Southwest Tennessee Electric Membership Corporation,35.575,-89.037
TN,Morrison Substation,substation,Caney Fork Electric Cooperative,35.616,-85.894
TN,Morristown Municipal Powerhouse,plant,Morristown Utility Systems,36.261,-83.286
TN,Morristown Municipal Powerhouse,plant,,36.261,-83.285
TN,Moscow Substation,substation,Chickasaw Electric Cooperative,35.063,-89.399
TN,Moss Substation,substation,Tri-County Electric,36.589,-85.611
TN,Mossy Grove Substation,substation,Harriman Utility Board,36.066,-84.529
TN,Mount Pleasant Substation,substation,Greeneville Power and Light,36.172,-82.907
TN,Mountain City Substation,substation,Mountain Electric Cooperative,36.469,-81.806
TN,Mt. Juliet Substation,substation,Middle Tennessee Electric,36.194,-86.505
TN,Mt. Pleasant Substation,substation,Tennessee Valley Authority,35.522,-87.227
TN,Mt. Pleasant Substation,substation,Mount Pleasant Power System,35.532,-87.205
TN,Mt. Zion Substation,substation,Gibson Electric Membership Corporation,35.819,-88.811
TN,MTEMC Cooperative Solar,plant,Middle Tennesse Electric,35.771,-86.683
TN,MTSU Power Co-Gen Plant,plant,Middle Tennessee State University,35.852,-86.365
TN,Mulberry Solar Farm,plant,Onward Energy,35.134,-88.587
TN,Murfreesboro 161kV Substation,substation,Tennessee Valley Authority,35.84,-86.402
TN,Murfreesboro Industrial Park Substation,substation,Murfreesboro Electric Department,35.807,-86.393
TN,Murfreesboro Road Substation,substation,Nashville Electric Service,36.064,-86.625
TN,Murfreesboro Substation,substation,Murfreesboro Electric Department,35.841,-86.404
TN,Murray Substation,substation,Knoxville Utilities Board,36.01,-84.0
TN,Music City Community Solar,plant,Nashville Electric Service,36.248,-86.746
TN,Nagel Substation,substation,Appalachian Power Company,36.592,-82.696
TN,Nauvoo (Bogota) Subtation,substation,Forked Deer Electric Cooperative,36.102,-89.425
TN,New Brookfield Substation,substation,"Memphis Light, Gas and Water",35.101,-89.872
TN,New Market Solar Farm,plant,Appalachian Electric Cooperative,36.094,-83.583
TN,New Market Substation,substation,Appalachian Electric Cooperative,36.093,-83.582
TN,New Providence Substation,substation,CDE Lightband,36.551,-87.4
TN,New Tiptonville Substation,substation,Tennessee Valley Authority,36.376,-89.465
TN,Newbern Substation,substation,,36.124,-89.256
TN,Newport Substation,substation,Newport Utilities,35.988,-83.211
TN,Nickajack Dam,plant,Tennessee Valley Authority,35.003,-85.62
TN,Nickajack Substation,substation,Tennessee Valley Authority,35.002,-85.622
TN,Nike PV,plant,"SR Innovation, LLC",35.234,-89.963
TN,Niles Ferry Substation,substation,Fort Loudoun Electric Cooperative,35.603,-84.23
TN,Niota Substation,substation,Athens Utility Board,35.513,-84.545
TN,Nissan Motors Substation,substation,"Nissan North America, Inc.",35.962,-86.485
TN,Nixon Road Substation,substation,Tennessee Valley Authority,35.914,-83.852
TN,Nixon Substation,substation,Tennessee Valley Electric Cooperative,35.162,-88.24
TN,Nolensville Road Substation,substation,Nashville Electric Service,36.049,-86.708
TN,Nolensville Substation,substation,Middle Tennesse Electric,35.94,-86.675
TN,Nolichucky Substation,substation,Greeneville Light and Power System,36.066,-82.867
TN,Noranda Substation,substation,Granges Inc.,36.019,-88.38
TN,Norris Dam Powerhouse,plant,Tennessee Valley Authority,36.224,-84.092
TN,Norris Switching Station,substation,TVA,36.224,-84.091
TN,North Adairsville Substation,substation,Pickwick Electric Cooperative,35.246,-88.373
TN,North Columbia Substation,substation,Columbia Power & Water Systems,35.724,-86.989
TN,North Covington Substation,substation,Covington Electric System,35.572,-89.64
TN,North Dayton Primary Substation,substation,Tennessee Valley Authority,35.539,-84.99
TN,North East Substation,substation,Nashville Electric Service,36.194,-86.768
TN,North Knox Substation,substation,Tennessee Valley Authority,36.026,-83.987
TN,North Lawrenceburg Substation,substation,Lawrenceburg Utility Systems,35.316,-87.35
TN,North Martin Substation,substation,Weakley County Municipal Electric System,36.362,-88.845
TN,North Nashville Substation,substation,Nashville Electric Service,36.277,-86.713
TN,North Nashville Substation,substation,Tennessee Valley Authority,36.278,-86.713
TN,North Ooltewah Substation,substation,,35.121,-85.047
TN,North Pigeon Forge Substation,substation,Sevier County Electric System,35.81,-83.581
TN,North Primary Substation,substation,"Memphis Light, Gas and Water",35.18,-90.025
TN,North Selmer Substation,substation,Pickwick Electric Cooperative,35.202,-88.618
TN,North Tullahoma Substation,substation,Tullahoma Utilities Authority,35.381,-86.224
TN,North Union City Substation,substation,Union City Energy Authority,36.467,-89.053
TN,North White County Substation,substation,Caney Fork Electric Cooperative,36.029,-85.538
TN,Northeast Benton Substation,substation,Tennessee Valley Authority,35.219,-84.589
TN,Northeast Gate Substation,substation,"Memphis Light, Gas and Water",35.191,-89.9
TN,Northeast Johnson City Substation,substation,Tennessee Valley Authority,36.34,-82.33
TN,Northview Substation,substation,Sevier County Electric System,35.948,-83.583
TN,Norton Hill Substation,substation,Southwest Tennessee Electric Membership Corporation,35.553,-88.792
TN,Oak Grove Substation,substation,Appalachian Electric Cooperative,36.045,-83.345
TN,Oak Plains Substation,substation,Cumberland Electric Membership Corporation,36.429,-87.168
TN,Oakland Substation,substation,Chickasaw Electric Cooperative,35.228,-89.501
TN,Oakwood Switching Station,substation,Tennessee Valley Authority,36.529,-87.539
TN,Obion Substation,substation,Gibson Electric Membership Corporation,36.266,-89.186
TN,Ocoee #3 Dam,plant,Tennessee Valley Authority,35.075,-84.483
TN,Ocoee Dam #1,plant,Tennessee Valley Authority,35.095,-84.648
TN,Ocoee Dam #2,plant,Tennessee Valley Authority,35.095,-84.534
TN,Ocoee Dam Number One Substation,substation,Tennessee Valley Authority,35.096,-84.649
TN,Ocoee Number Three Dam Substation,substation,Tennessee Valley Authority,35.074,-84.482
TN,Ocoee Village Substation,substation,Tennessee Valley Authority,35.127,-84.719
TN,Old Hickory Power Plant,plant,United States Army Corps of Engineers,36.297,-86.656
TN,Old Hickory Substation,substation,Nashville Electric Service,36.258,-86.651
TN,Olin Substation,substation,,35.306,-84.78
TN,Oliver Springs Substation,substation,Tennessee Valley Authority,36.031,-84.332
TN,Omohundro Water Treatment Solar,plant,Metro Water Services,36.158,-86.727
TN,Oneida Substation,substation,Tennessee Valley Authority,36.502,-84.532
TN,Orebank Substation,substation,APS,36.564,-82.463
TN,Orlinda Substation,substation,Cumberland Electric Membership Corporation,36.597,-86.721
TN,Orme Mountain Substation,substation,Tennessee Valley Authority,35.18,-85.967
TN,Owens Corning Substation,substation,,35.64,-88.909
TN,Owl Hollow Substation,substation,Middle Tennesse Electric,35.752,-86.867
TN,Packaging Corp of America Power Plant,plant,Packaging Corp of America,35.048,-88.266
TN,Palmer Substation,substation,Sequachee Valley Electric Cooperative,35.331,-85.565
TN,Palmersville Highway Substation,substation,Weakley County Municipal Electric System,36.297,-88.683
TN,Pandora Substation,substation,Tennessee Valley Authority,36.44,-81.94
TN,Paris District Substation,substation,Paris Board of Public Utilities,36.314,-88.342
TN,Paris Landing Substation,substation,Paris Board of Public Utilities,36.425,-88.129
TN,Paris Substation,substation,Tennessee Valley Authority,36.271,-88.365
TN,Park City Substation,substation,Fayetteville Public Utilities,35.062,-86.57
TN,Park City Substation,substation,Knoxville Utilities Board,35.992,-83.883
TN,Parnell Substation,substation,Pickwick Electric Cooperative,35.048,-88.259
TN,Parrottsville Substation,substation,Newport Utilities,36.013,-83.094
TN,Parsons Substation,substation,Tennessee Valley Authority,35.648,-88.13
TN,Passmore Substation,substation,Jackson Energy Authority,35.736,-88.86
TN,PCA Substation,substation,Packaging Corporation of America,35.048,-88.26
TN,Peabody Substation,substation,Nashville Electric Service,36.155,-86.777
TN,Peavine Switching Station,substation,Tennessee Valley Authority,35.989,-84.984
TN,Pelham Substation,substation,Sequachee Valley Electric Cooperative,35.304,-85.876
TN,Pellissippi State Solar Farm,plant,Pellissippi State Community College,35.95,-84.163
TN,Persia Substation,substation,Holston Electric Cooperative,36.354,-83.019
TN,Petersburg Substation,substation,Fayetteville Public Utilities,35.326,-86.653
TN,Petros Substation,substation,Clinton Utility Board,36.099,-84.446
TN,Phipps Bend Solar Farm,plant,Tennessee Valley Authority,36.462,-82.81
TN,Phipps Bend Substation,substation,TVA,36.461,-82.808
TN,Pickwick Landing Dam Powerhouse,plant,Tennessee Valley Authority,35.07,-88.251
TN,Pickwick Landing Substation,substation,,35.073,-88.252
TN,Pictsweet Substation,substation,Gibson Electric Membership Corporation,35.716,-89.09
TN,Pierce Substation,substation,Gibson Electric Membership Corporation,36.462,-88.901
TN,Pigeon Forge Substation,substation,Tennessee Valley Authority,35.787,-83.547
TN,Pikeville Substation,substation,Sequachee Valley Electric Cooperative,35.609,-85.194
TN,Pin Hook Substation,substation,Tennessee Valley Authority,36.046,-86.606
TN,Pinewood Substation,substation,Middle Tennesse Electric,35.936,-87.195
TN,Plantation Pipe Line Substation,substation,Products (SE) Pipe Line Corporation,35.766,-84.365
TN,Plateau Substation,substation,Tennessee Valley Authority,36.059,-85.142
TN,Pleasant View Substation,substation,Cumberland Electric Membership Corporation,36.393,-87.029
TN,Polk Substation,substation,Gibson Electric Membership Corporation,36.289,-89.149
TN,Poor Valley Substation,substation,Tennessee Valley Authority,36.342,-83.206
TN,Poplar Avenue Substation,substation,"Memphis Light, Gas and Water",35.135,-89.965
TN,Portland Substation,substation,Cumberland Electric Membership Corporation,36.591,-86.506
TN,Portland Switching Station,substation,Tennessee Valley Authority,36.591,-86.505
TN,Powell Substation,substation,Sequachee Valley Electric Cooperative,35.187,-85.474
TN,Powell Substation,substation,Knoxville Utilities Board,36.018,-84.031
TN,Powell Valley Power Plant,plant,Powell Valley Electric Cooperative,36.575,-83.032
TN,Pressmens Home Power Plant,plant,,36.531,-83.132
TN,Providence Solar,plant,"Providence Solar Center, LLC",35.577,-89.05
TN,Pulaski District Substation,substation,Tennessee Valley Authority,35.189,-87.032
TN,Puryear Substation,substation,Paris Board of Public Utilities,36.443,-88.33
TN,Rabbit Branch Substation,substation,Shelbyville Power System,35.493,-86.482
TN,Raccoon Mountain Pumped Storage,substation,Tennessee Valley Authority,35.056,-85.407
TN,Raccoon Mountain Pumped-Storage Plant,plant,Tennessee Valley Authority,35.058,-85.408
TN,Radnor Substation,substation,Tennessee Valley Authority,36.057,-86.771
TN,Rally Hill Substation,substation,Duck River Electric Membership Corporation,35.665,-86.85
TN,Ramer Substation,substation,Pickwick Electric Cooperative,35.065,-88.632
TN,Randy Substation,substation,Nashville Electric Service,36.253,-86.693
TN,Red Boiling Springs Substation,substation,,36.539,-85.847
TN,Red Hill Substation,substation,Duck River Electric Membership Corporation,35.44,-86.018
TN,Red Sulphur Springs Substation,substation,Pickwick Electric Cooperative,35.02,-88.242
TN,Red Top Substation,substation,Cumberland Electric Membership Corporation,36.545,-87.668
TN,Reedy Creek Substation,substation,Kingsport Power Company,36.57,-82.537
TN,Rialto Substation,substation,Covington Electric System,35.619,-89.617
TN,Riceville Substation,substation,Volunteer Energy Cooperative,35.385,-84.686
TN,Richmond Substation,substation,Jackson Energy Authority,35.637,-88.802
TN,Richwood Substation,substation,Forked Deer Electric Cooperative,36.004,-89.506
TN,Ridgely Solar Farm,plant,"Leeward Asset Management, LLC",36.295,-89.48
TN,Ridgely Substation,substation,Gibson Electric Membership Corporation,36.264,-89.469
TN,Ridgely Switching Station,substation,Tennessee Valley Authority,36.306,-89.463
TN,Ridgevale Substation,substation,Cumberland Electric Membership Corporation,36.382,-86.703
TN,Ripley Substation,substation,Tennessee Valley Authority,35.75,-89.52
TN,Riverdale Solar Farm,plant,Tennessee Valley Alternative Energy,35.122,-86.533
TN,Roan Mountain Substation,substation,Mountain Electric Cooperative,36.193,-82.058
TN,Roane Substation,substation,Tennessee Valley Authority,35.945,-84.389
TN,Rockford Substation,substation,,35.831,-83.953
TN,Rockvale Substation,substation,,35.762,-86.531
TN,Rockwood Substation,substation,Tennessee Valley Authority,35.88,-84.671
TN,Rocky Gap Substation,substation,Tennessee Valley Authority,36.226,-84.16
TN,Rocky Hill Substation,substation,Knoxville Utilities Board,35.904,-84.022
TN,Rogersville Substation,substation,Tennessee Valley Authority,36.397,-83.021
TN,Rollins Substation,substation,Southwest Tennessee Electric Membership Corporation,35.687,-88.739
TN,Rosedale Substation,substation,,36.156,-84.377
TN,Rossview Substation,substation,Cumberland Electric Membership Corporation,36.574,-87.179
TN,Rossville Substation,substation,Chickasaw Electric Cooperative,35.043,-89.554
TN,Rotary Park Substation,substation,CDE Lightband,36.505,-87.273
TN,Rotherwood Substation,substation,Kingsport Power Company,36.553,-82.623
TN,Round Pond Substation,substation,Cumberland Electric Membership Corporation,36.455,-87.375
TN,Rugby Substation,substation,Tennessee Valley Authority,36.331,-84.709
TN,Rutherford Substation,substation,Tennessee Valley Authority,35.828,-86.598
TN,Rutherford Substation,substation,Gibson Electric Membership Corporation,36.116,-88.988
TN,Rutledge Substation,substation,Appalachian Electric Cooperative,36.287,-83.498
TN,Ryall Springs Substation,substation,Electric Power Board of Chattanooga,35.005,-85.116
TN,Salem Substation,substation,Duck River Electric Membership Corporation,35.086,-86.253
TN,Sand Ridge Substation,substation,Lexington Electric System,35.69,-88.474
TN,Sanford Substation,substation,Volunteer Energy Cooperative,35.325,-84.734
TN,Saturn Substation,substation,General Motors LLC,35.742,-86.963
TN,Saulsbury Substation,substation,Bolivar Energy Authority,35.051,-89.061
TN,Saundersville Substation,substation,Nashville Electric Service,36.335,-86.562
TN,Savannah Substation,substation,Tennessee Valley Electric Cooperative,35.223,-88.25
TN,Schneider Electric Solar,plant,Schneider Electric,36.014,-86.492
TN,Science Hill Capacitor Station,substation,Tennessee Valley Authority,35.825,-86.296
TN,Scott Avenue Substation,substation,Nashville Electric Service,36.192,-86.734
TN,Screaming Eagles Substation,substation,Tennessee Valley Authority,36.601,-87.456
TN,Selmer I Solar,plant,"Selmer North Solar I, LLC",35.141,-88.548
TN,Selmer II Solar,plant,"Selmer North Solar II, LLC",35.167,-88.645
TN,Selmer Mulberry Substation,substation,Pickwick Electric Cooperative,35.144,-88.574
TN,Selmer Solar Farm,plant,Onward Energy,35.148,-88.558
TN,Selmer Substation,substation,Tennessee Valley Authority,35.139,-88.579
TN,Sequoyah Nuclear Generating Station,plant,Tennessee Valley Authority,35.225,-85.091
TN,Sequoyah Substation,substation,,35.227,-85.094
TN,Sevierville Substation,substation,Sevier County Electric System,35.858,-83.559
TN,Sewanee Substation,substation,Duck River Electric Membership Corporation,35.197,-85.918
TN,Seymour Substation,substation,Knoxville Utilities Board,35.898,-83.727
TN,Shady Grove Substation,substation,Cumberland Electric Membership Corporation,36.482,-87.177
TN,Sharon Substation,substation,Weakley County Municipal Electric System,36.215,-88.824
TN,Sharondale Substation,substation,Nashville Electric Service,36.127,-86.816
TN,Shelby Substation,substation,Tennessee Valley Authority,35.386,-89.804
TN,Shelton Road Substation,substation,"Memphis Light, Gas and Water",35.075,-89.654
TN,Sherwood Substation,substation,Duck River Electric Membership Corporation,35.073,-85.922
TN,Shooks Gap Substation,substation,Knoxville Utilities Board,35.884,-83.788
TN,Short Hills Substation,substation,Kingsport Power Company,36.56,-82.515
TN,Signal Mountain Cement Substation,substation,,35.102,-85.344
TN,Signal Mountain Substation,substation,Electric Power Board of Chattanooga,35.123,-85.342
TN,Skyhawk Solar,plant,Tennessee Valley Authority,36.387,-88.985
TN,Skyhawk Substation,substation,,36.385,-88.973
TN,Skyhawk Switching Station,substation,Tennessee Valley Authority,36.385,-88.971
TN,Smithville Substation,substation,Tennessee Valley Authority,35.966,-85.846
TN,Smyrna Airport Solar,plant,Smyrna / Rutherford County Airport Authority,36.016,-86.513
TN,Smyrna Airport Substation,substation,Middle Tennessee Electric,36.0,-86.497
TN,Smyrna Substation,substation,Tennessee Valley Authority,35.967,-86.527
TN,Sneedville Substation,substation,Powell Valley Electric Cooperative,36.536,-83.219
TN,Solway Substation,substation,,35.972,-84.135
TN,Somerville Solar,plant,"Somerville Solar, LLC",35.224,-89.352
TN,Somerville Substation,substation,Chickasaw Electric Cooperative,35.24,-89.34
TN,South Cleveland Substation,substation,Tennessee Valley Authority,35.145,-84.937
TN,South Cookeville Substation,substation,Cookeville Electric Department,36.142,-85.517
TN,South Fifth Street Substation,substation,Union City Energy Authority,36.417,-89.064
TN,South Holston Dam Substation,substation,Tennessee Valley Authority,36.523,-82.091
TN,South Holston Power Plant,plant,Tennessee Valley Authority,36.524,-82.09
TN,South Jackson Substation,substation,Tennessee Valley Authority,35.58,-88.806
TN,South Knoxville Substation,substation,Knoxville Utilities Board,35.943,-83.912
TN,South Lebanon Substation,substation,,36.181,-86.296
TN,South Medina Substation,substation,Gibson Electric Membership Corporation,35.788,-88.801
TN,South Milan Substation,substation,Milan Department of Public Utilities,35.89,-88.761
TN,South Nashville Substation,substation,Tennessee Valley Authority,36.155,-86.746
TN,South Pittsburgh Substation,substation,Sequachee Valley Electric Cooperative,35.003,-85.708
TN,South Switching Station,substation,Naval Support Activity Mid-South,35.332,-89.88
TN,South Tullahoma Substation,substation,Tullahoma Utilities Authority,35.348,-86.197
TN,South Waverly Substation,substation,Meriwether Lewis Electric Cooperative,36.075,-87.797
TN,Southaven Combined-Cycle Plant,plant,Tennessee Valley Authority,34.994,-90.039
TN,Southeast Gate Substation,substation,"Memphis Light, Gas and Water",35.076,-89.877
TN,Southgate Substation,substation,"Memphis Light, Gas and Water",35.099,-90.008
TN,Southgate Substation,substation,"Memphis Light, Gas and Water",35.101,-90.008
TN,Speedwell Substation,substation,Powell Valley Electric Cooperative,36.457,-83.884
TN,Spencer Substation,substation,Caney Fork Electric Cooperative,35.733,-85.452
TN,Spring City Substation,substation,Tennessee Valley Authority,35.675,-84.874
TN,Spring Creek Road Substation,substation,Tullahoma Utilities Authority,35.332,-86.179
TN,Spring Creek Substation,substation,Electric Power Board of Chattanooga,34.992,-85.221
TN,Spring Creek Substation,substation,Cumberland Electric Membership Corporation,36.625,-87.253
TN,Spring Hill Substation,substation,Duck River Electric Membership Corporation,35.691,-86.919
TN,Springfield Substation,substation,Tennessee Valley Authority,36.493,-86.847
TN,Springfield Substation,substation,Tennessee Valley Authority,36.503,-86.876
TN,SR Bell Buckle,plant,"SR Bell Buckle, LLC",35.578,-86.462
TN,SR Bolivar,plant,"SR Bolivar, LLC",35.258,-89.019
TN,SR Christiana,plant,"SR Christiana, LLC",35.7,-86.366
TN,"SR Clarksville, LLC",plant,"SR Clarksville, LLC",36.523,-87.317
TN,SR Greenville I,plant,"SR Greenville I, LLC",36.294,-82.694
TN,SR Greenville II,plant,"SR Greenville II, LLC",36.192,-82.741
TN,SR Jackson II,plant,"SR Jackson II, LLC",35.609,-88.915
TN,SR Jonesborough,plant,"SR Jonesborough II, LLC",36.249,-82.522
TN,SR Lexington,plant,"SR Lexington, LLC",35.721,-88.372
TN,SR Paris,plant,"SR Paris, LLC",36.447,-88.327
TN,SR Trezevant,plant,"SR Trezevant, LLC",36.001,-88.619
TN,"SR Washington I, LLC",plant,"SR Washington I, LLC",36.346,-82.595
TN,Standart Gypsum Substation,substation,,36.386,-87.647
TN,Stock Creek Substation,substation,City of Maryville,35.868,-83.942
TN,Stockyard Substation,substation,Johnson City Energy Authority,36.233,-82.582
TN,Strawberry Plains Solar Farm,plant,Knoxville Utilities Board,36.045,-83.714
TN,Strawberry Plains Substation,substation,Knoxville Utilities Board,36.062,-83.681
TN,Sugar Grove Substation,substation,Volunteer Energy Cooperative,35.076,-84.84
TN,Sugar Limb Substation,substation,Loudon Utilities Board,35.754,-84.324
TN,Sullivan Gardens Substation,substation,Kingsport Power Company,36.468,-82.589
TN,Sullivan Substation,substation,Tennessee Valley Authority,36.442,-82.279
TN,Summerfield Substation,substation,Sequachee Valley Electric Cooperative,35.249,-85.784
TN,Summers Road Substation,substation,Weakley County Municipal Electric System,36.261,-88.678
TN,Sunbright Substation,substation,Plateau Electric Cooperative,36.25,-84.664
TN,Sweetwater Substation,substation,Sweetwater Utilities Board,35.592,-84.465
TN,Sylvan Road Substation,substation,Dyersburg Electric System,36.061,-89.346
TN,Tarpley Substation,substation,Pulaski Electric System,35.149,-87.001
TN,Tate & Lyle Loudon Cogen,plant,Green Plains Obion LLC,35.733,-84.319
TN,Telford Substation,substation,Johnson City Energy Authority,36.255,-82.526
TN,Tellico Substation,substation,Fort Loudoun Electric Cooperative,35.373,-84.301
TN,Tenmile Substation,substation,Volunteer Energy Cooperative,35.663,-84.679
TN,Tennessee Ave Substation,substation,Knoxville Utilities Board,35.98,-83.954
TN,Tennessee Ave Substation,substation,Knoxville Utilities Board,35.983,-83.947
TN,Tennessee Eastman Operations Power Plant,plant,Eastman Chemical Co-TN Ops,36.519,-82.535
TN,Tennol Substation,substation,Sequachee Valley Electric Cooperative,35.05,-85.642
TN,Thomas H. Allen Power Plant,plant,"Memphis Light, Gas and Water",35.069,-90.143
TN,Thompson Creek Substation,substation,Morristown Utility Systems,36.221,-83.256
TN,Thompson Station Substation,substation,Middle Tennesse Electric,35.795,-86.898
TN,Tims Ford Hydroelectric Station,plant,Tennessee Valley Authority,35.196,-86.278
TN,Tims Fory Hydro Pant,substation,Tennessee Valley Authority,35.196,-86.278
TN,Tipton Substation,substation,Southwest Tennessee Electric Membership Corporation,35.411,-89.833
TN,Tiptonville Substation,substation,Gibson Electric Membership Corporation,36.377,-89.465
TN,Toone Substation,substation,Bolivar Energy Authority,35.334,-88.926
TN,Townsend Substation,substation,,35.678,-83.739
TN,Trentville Substation,substation,Knoxville Utilities Board,36.024,-83.736
TN,Trezevant Substation,substation,Carroll County Electric Department,36.002,-88.615
TN,Trinity Hills Substation,substation,Nashville Electric Service,36.212,-86.78
TN,Trinity Lane Substation,substation,Nashville Electric Service,36.207,-86.751
TN,Triune Substation,substation,,35.854,-86.66
TN,Troy Substation,substation,Tennessee Valley Authority,36.334,-89.157
TN,Truxton Substation,substation,Nashville Electric Service,36.155,-86.644
TN,TSU Substation,substation,Nashville Electric Service,36.167,-86.832
TN,TUA Solar Farm,plant,Tullahoma Utilities Authority,35.334,-86.177
TN,Tulu Substation,substation,Pickwick Electric Cooperative,35.084,-88.381
TN,Ucar Carbon Substation,substation,,35.198,-87.344
TN,Ultium Cells Substation,substation,"Ultium Cells, LLC",35.722,-86.973
TN,Ultium Switching Station,substation,Tennessee Valley Authority,35.722,-86.973
TN,Unicoi Substation,substation,,36.191,-82.354
TN,Union City Substation,substation,Tennessee Valley Authority,36.412,-89.034
TN,Union Springs Substation,substation,Bolivar Energy Authority,35.294,-89.152
TN,Union Valley Substation,substation,Knoxville Utilities Board,35.997,-84.229
TN,Unionville Substation,substation,Duck River Electric Membership Corporation,35.621,-86.586
TN,University Hospital Substation,substation,Knoxville Utilities Board,35.942,-83.941
TN,University Substation,substation,"Memphis Light, Gas and Water",35.117,-89.929
TN,UT Substation,substation,Knoxville Utilities Board,35.949,-83.927
TN,Utopia Substation,substation,Nashville Electric Service,36.126,-86.757
TN,Van Buren Substation,substation,Nashville Electric Service,36.181,-86.787
TN,Veterans Substation,substation,Middle Tennessee Electric,35.809,-86.484
TN,Volkswagen Solar System,plant,SR Enterprise South LLC,35.097,-85.128
TN,Volunteer 69kV Substation,substation,,36.121,-83.812
TN,Volunteer Boulevard Substation,substation,Dyersburg Electric System,36.059,-89.4
TN,Volunteer Substation,substation,Tennessee Valley Authority,36.122,-83.815
TN,Vonore Battery Energy Storage System,plant,Tennessee Valley Authority,35.616,-84.276
TN,Vonore Substation,substation,,35.584,-84.263
TN,Vonore Substation II,substation,,35.584,-84.26
TN,Walker Springs Substation,substation,Knoxville Utilities Board,35.926,-84.057
TN,Walnut Grove Substation,substation,Sevier County Electric System,35.878,-83.479
TN,Walter Anderson Substation,substation,Tennessee Valley Authority,35.209,-87.061
TN,Walton Lane Substation,substation,Nashville Electric Service,36.241,-86.736
TN,Wartburg Substation,substation,Plateau Electric Cooperative,36.114,-84.605
TN,Wartrace Substation,substation,Duck River Electric Membership Corporation,35.518,-86.336
TN,Wartrace Substation,substation,Tennessee Valley Authority,35.521,-86.336
TN,Washington Ave Substation,substation,Knoxville Utilities Board,35.984,-83.914
TN,Watauga Dam Substation,substation,Tennessee Valley Authority,36.33,-82.125
TN,Watauga Powerhouse,plant,Tennessee Valley Authority,36.33,-82.126
TN,Watertown Substation,substation,Middle Tennessee Electric,36.099,-86.117
TN,Watkins Park Substation,substation,Nashville Electric Service,36.161,-86.803
TN,Watts Bar Dam Powerhouse,plant,Tennessee Valley Authority,35.62,-84.784
TN,Watts Bar Nuclear Power Plant,plant,Tennessee Valley Authority,35.601,-84.792
TN,Watts Bar Power Station,substation,TVA,35.6,-84.789
TN,Watts Bar Substation,substation,Tennessee Valley Authority,35.619,-84.786
TN,Waupaca Substation,substation,,35.363,-84.524
TN,Waynesboro Substation,substation,Tennessee Valley Authority,35.332,-87.691
TN,Weakley Substation,substation,Tennessee Valley Authority,36.275,-88.834
TN,Weakley Substation,substation,Tennessee Valley Authority,36.313,-88.846
TN,Wears Valley Substation,substation,,35.724,-83.641
TN,Wellsville Substation,substation,Fort Loudoun Electric Cooperative,35.631,-84.072
TN,West Adairsville Switching Station,substation,Tennessee Valley Authority,35.252,-88.419
TN,West Athens Substation,substation,Athens Utilities Board,35.471,-84.646
TN,West Camden Landfill Gas Capture,plant,WM Renewable Energy LLC,36.058,-88.142
TN,West Columbia Substation,substation,Tennessee Valley Authority,35.618,-87.093
TN,West Cookeville Substation,substation,Tennessee Valley Authority,36.162,-85.536
TN,West Crossville Substation,substation,Volunteer Energy Cooperative,35.961,-85.047
TN,West Gallatin Substation,substation,Gallatin Department of Electricity,36.36,-86.493
TN,West Hills Substation,substation,Knoxville Utilities Board,35.944,-84.028
TN,West Johnson City Substation,substation,Johnson City Energy Authority,36.313,-82.392
TN,West Kingsport Substation,substation,Kingsport Power Company,36.543,-82.575
TN,West Lexington Substation,substation,Lexington Electric System,35.642,-88.399
TN,West McMinnville Substation,substation,Caney Fork Electric Cooperative,35.695,-85.81
TN,West Nashville Substation,substation,Nashville Electric Service,36.166,-86.866
TN,West Sparta Substation,substation,Caney Fork Electric Cooperative,35.931,-85.49
TN,West Tennessee Solar Farm,plant,UT West Tennessee Solar Farm,35.409,-89.389
TN,Westhaven Substation,substation,Middle Tennessee Electric,35.927,-86.916
TN,Westland Substation,substation,Knoxville Utilities Board,35.9,-84.051
TN,White Bluff Substation,substation,Dickson Electric System,36.107,-87.206
TN,White Bluff Substation,substation,Tennessee Valley Authority,36.119,-87.229
TN,White House Substation,substation,Cumberland Electric Membership Corporation,36.456,-86.67
TN,White Pine Substation,substation,Tennessee Valley Authority,36.12,-83.29
TN,Whites Creek Substation,substation,Nashville Electric Service,36.246,-86.832
TN,Whites Creek Wastewater Solar,plant,Metro Water Services,36.182,-86.855
TN,Whiteville Substation,substation,Southwest Tennessee Electric Membership Corporation,35.322,-89.136
TN,Whittle Springs,substation,Knoxville Utilities Board,36.018,-83.904
TN,Whitwell Substation,substation,Sequachee Valley Electric Cooperative,35.209,-85.52
TN,Wilbur Power Plant,plant,Tennessee Valley Authority,36.342,-82.126
TN,Wildberry Solar,plant,"Adapture Renewables, Inc.",35.062,-89.37
TN,Willett Street Substation,substation,MLGW,35.125,-90.012
TN,William Blount Substation,substation,,35.754,-84.05
TN,Williamsport Substation,substation,Duck River Electric Membership Corporation,35.695,-87.209
TN,Wilson Substation,substation,Tennessee Valley Authority,36.205,-86.465
TN,Winfield Substation,substation,Plateau Electric Cooperative,36.547,-84.451
TN,Wingate Substation,substation,Covington Electric System,35.62,-89.614
TN,Winner Substation,substation,,36.398,-82.106
TN,Wolftever Substation,substation,Volunteer Energy Cooperative,35.17,-85.071
TN,Woodbury Substation,substation,Middle Tennessee Electric,35.826,-86.092
TN,Woodland Mills Substation,substation,Gibson Electric Membership Corporation,36.467,-89.106
TN,Woodlawn Substation,substation,Cumberland Electric Membership Corporation,36.538,-87.492
TN,Y-12 Substation,substation,"Consolidated Nuclear Security, LLC",35.992,-84.248
TN,Yum Yum Solar,plant,Invenergy Services LLC,35.325,-89.411
VA,Abingdon Substation,substation,Appalachian Power Company,36.72,-82.008
VA,ACCA Substation,substation,Dominion Energy,37.58,-77.478
VA,AEP Lane Substation,substation,American Electric Power,37.21,-80.42
VA,Airport Substation,substation,North Virginia Electric Cooperative,38.74,-77.509
VA,Alexanders Corner Substation,substation,Virginia Electric and Power Company,36.808,-76.368
VA,Allied Substation,substation,,37.336,-77.281
VA,Alpine Substation,substation,,37.342,-77.285
VA,Altair Switching Station,substation,,39.064,-77.558
VA,Altavista Power Station,plant,Dominion Energy,37.118,-79.273
VA,Altavista Solar,plant,"Altavista Solar, LLC",37.143,-79.355
VA,Altavista Substation,substation,Virginia Electric and Power Company,37.13,-79.279
VA,Alum Ridge Substation,substation,Appalachian Power Company,36.975,-80.398
VA,Amelia Power Plant,plant,Industrial Power Generating Company LLC,37.31,-78.059
VA,Ameresco Stafford,plant,AMERESCO Stafford LLC,38.384,-77.413
VA,Amherst Substation,substation,Appalachian Power Company,37.561,-79.012
VA,Amphibious Base Substation,substation,Virginia Electric and Power Company,36.913,-76.19
VA,Annandale Substation,substation,,38.823,-77.169
VA,Apple Grove Solar,plant,"Apple Grove Solar, LLC",37.916,-77.868
VA,Aquia Harbour Substation,substation,Virginia Electric and Power Company,38.451,-77.388
VA,Aquia Substation,substation,Virginia Electric & Power Company,38.501,-77.365
VA,Arcola Delivery Point,substation,North Virginia Electric Cooperative,38.897,-77.57
VA,Arlington Substation,substation,Dominion Energy,38.848,-77.098
VA,Arlington Substation,substation,Washington Metro,38.878,-77.058
VA,Arnold's Corner Substation,substation,Virginia Electric and Power Company,38.28,-77.204
VA,Ashburn Substation,substation,Dominion Energy,39.051,-77.498
VA,Atlantic Substation,substation,NOVEC,38.784,-77.58
VA,Austinville Substation,substation,Appalachian Power Company,36.825,-80.931
VA,Avalon Substation,substation,,37.908,-76.424
VA,Aviator Substation,substation,,38.923,-77.486
VA,Axton Substation,substation,Appalachian Power Company,36.635,-79.707
VA,Axton Substation,substation,Appalachian Power Company,36.635,-79.705
VA,Bains Store Substation,substation,Virginia Electric and Power Company,36.88,-76.041
VA,Ballou Substation,substation,,36.574,-79.429
VA,Ballston Substation,substation,Dominion Energy,38.885,-77.098
VA,Banister Power Station,plant,Banister Hydro LP,36.782,-78.924
VA,Banister Substation,substation,,36.751,-79.406
VA,Barracks Road Substation,substation,Virginia Electric and Power Company,38.072,-78.531
VA,Bartonsville Energy Facility,plant,"Bartonsville Energy Facility, LLC",39.098,-78.241
VA,Bartonsville Substation,substation,,39.129,-78.208
VA,Basin Substation,substation,,37.492,-77.431
VA,Bassett Substation,substation,Appalachian Power Company,36.759,-79.994
VA,Bath County Pumped Storage Station,plant,Virginia Electric and Power Company,38.209,-79.8
VA,Battery Heights Substation,substation,,38.753,-77.458
VA,Bayside Substation,substation,Virginia Electric and Power Company,36.9,-76.132
VA,Bayview Power Plant,plant,Calpine Mid-Atlantic Generation LLC,37.272,-75.969
VA,Beamertown Substation,substation,NOVEC,39.208,-77.682
VA,Bear Garden Power Station,plant,Virginia Electric and Power Company,37.696,-78.287
VA,Bear Garden Substation,substation,Virginia Electric and Power Company,37.697,-78.284
VA,Bear Island Substation,substation,,37.819,-77.437
VA,Bearskin Substation,substation,Virginia Electric and Power Company,36.847,-79.462
VA,Bearwallow Substation,substation,Appalachian Power Company,37.24,-81.728
VA,Beaumeade Substation,substation,Virginia Electric & Power Company,39.026,-77.456
VA,Beco Substation,substation,Dominion Energy,39.024,-77.437
VA,Bedford,plant,,37.574,-79.371
VA,Bedford Solar,plant,O2 emc,37.335,-79.481
VA,Bedford Solar Center,plant,Dominion Renewable Energy,36.698,-76.159
VA,Belcher Solar Farm,plant,Dominion Renewable Energy,38.004,-78.049
VA,Belle Haven Diesel Generation Facility,plant,Old Dominion Electric Coop,37.549,-75.791
VA,Belle Haven Substation,substation,,37.548,-75.791
VA,Bellwood Substation,substation,Virginia Electric and Power Company,37.417,-77.433
VA,Belmont Substation,substation,Virginia Electric and Power Company,39.058,-77.54
VA,Belvoir Substation,substation,Virginia Power,38.741,-77.135
VA,Benns Church Substation,substation,Virginia Electric and Power Company,36.913,-76.576
VA,Bent Mountain Substation,substation,,37.178,-80.119
VA,Berkley Substation,substation,Virginia Electric and Power Company,36.815,-76.284
VA,Berryville Substation,substation,,39.143,-77.99
VA,Birchwood Substation,substation,Virginia Electric and Power Company,38.268,-77.318
VA,Birdneck Substation,substation,,36.822,-76.002
VA,Blackwater,substation,,37.419,-79.144
VA,Blaine Substation,substation,Appalachian Power Company,37.051,-79.866
VA,Bloomfield Substation,substation,NOVEC,39.048,-77.839
VA,Bloxoms Corner Substation,substation,Dominion Energy,37.061,-76.3
VA,Blue Ridge Substation,substation,Appalachian Power Company,37.385,-79.798
VA,Bluestone Solar,plant,"Bluestone Farm Solar, LLC",36.809,-78.487
VA,Bonsack Substation,substation,Appalachian Power Company,37.333,-79.87
VA,Bookers Mill Solar,plant,Dominion Energy Inc.,37.871,-76.565
VA,Bowers Hill Substation,substation,Virginia Electric and Power Company,36.794,-76.397
VA,Box Elder Substation,substation,Community Electric Co-op,36.673,-76.77
VA,Boxwood Substation,substation,,37.593,-79.032
VA,Boykins Substation,substation,Virginia Electric & Power Company,36.601,-77.194
VA,Braddock Substation,substation,Dominion Energy,38.822,-77.224
VA,Brambleton Substation,substation,Dominion Energy,38.964,-77.549
VA,Brandy Substation,substation,,38.491,-77.841
VA,Brasfield Power Plant,plant,Appomattox River Associates LP,37.221,-77.524
VA,Breezy Knoll Terminal Station,substation,Virginia Electric and Power Company,39.14,-77.616
VA,Bremo Substation,substation,Virginia Electric and Power Company,37.71,-78.289
VA,Brickyard Substation,substation,,38.734,-77.508
VA,Briel Solar Farm,plant,"Briel Solar Farm, LLC",37.524,-77.263
VA,Briery Substation,substation,Virginia Electric and Power Company,37.164,-78.425
VA,Bristers Substation,substation,,38.563,-77.595
VA,Broadford Substation,substation,Appalachian Power Company,36.92,-81.681
VA,Brodnax Substation,substation,Virginia Electric and Power Company,36.734,-78.011
VA,Brookville Substation,substation,Appalachian Power Company,37.374,-79.205
VA,Brown Boveri Substation,substation,,37.407,-77.403
VA,Brunswick County Power Station,plant,Virginia Electric and Power Company,36.763,-77.713
VA,Brunswick Heritage Substation,substation,,36.761,-77.711
VA,Brunswick Landfill Gas Power,plant,Industrial Power Generating Company LLC,36.75,-77.809
VA,Brunswick Substation,substation,Southside Electric Cooperative,36.808,-77.955
VA,Brush Tavern Substation,substation,Appalachian Power Company,37.323,-79.259
VA,Buchanan Generating Facility,plant,"Buchanan Generation, LLC",37.176,-81.961
VA,Buchanan Substation,substation,Virginia Electric and Power Company,37.535,-79.679
VA,Buck Hydro,plant,Appalachian Power Company,36.808,-80.939
VA,Buckingham Solar,plant,Dominion Renewable Energy,37.504,-78.373
VA,Buckingham Substation,substation,Virginia Electric and Power Company,37.492,-78.35
VA,Buckner Substation,substation,Rappahannock Electric Cooperative,37.962,-77.763
VA,Buena Vista Substation,substation,Virginia Electric and Power Company,37.732,-79.357
VA,Bull Run Substation,substation,,38.818,-77.445
VA,Burke Substation,substation,,38.822,-77.307
VA,Burlington Heights Substation,substation,,37.361,-79.97
VA,Burton Substation,substation,,36.889,-76.186
VA,Buttermilk Substation,substation,Dominion Energy,39.008,-77.457
VA,Byllesby Hydro #2,plant,Appalachian Power Company,36.786,-80.934
VA,Byllesby Substation,substation,Appalachian Power Company,36.785,-80.935
VA,Cabin Run Substation,substation,Virginia Electric & Power Company,38.957,-77.507
VA,Caden Energix Endless Caverns,plant,"Caden Energix Endless Caverns, LLC",38.611,-78.681
VA,Caden Energix Rives Road Solar Farm,plant,Caden Energix Rives Road LLC,37.173,-77.336
VA,Caden Energix Solar,plant,Caden Energix Wytheville LLC,36.963,-81.047
VA,Cambria Substation,substation,Appalachian Power Company,37.142,-80.415
VA,Campbell Avenue Substation,substation,Appalachian Power Company,37.273,-79.929
VA,Candlers Mountain Substation,substation,Appalachian Power Company,37.327,-79.156
VA,Cannon Branch,substation,,38.744,-77.502
VA,Carson Substation,substation,Dominion Energy,37.085,-77.406
VA,Cartersville Substation,substation,Virginia Electric and Power Company,37.657,-78.128
VA,Carver Substation,substation,Virginia Electric and Power Company,37.556,-77.448
VA,Catawba Substation,substation,Appalachian Power Company,37.332,-80.027
VA,Catharpin Delivery Point,substation,,38.854,-77.568
VA,Cavalier Solar,plant,AES Clean Energy,37.037,-76.793
VA,Cave Spring Substation,substation,Appalachian Power Company,37.228,-80.009
VA,CBBT Substation,substation,,36.913,-76.13
VA,Celanese Acetate LLC Power Plant,plant,Celanese Acetate LLC,37.344,-80.765
VA,Celanese Substation,substation,,37.347,-80.768
VA,Centerville Substation,substation,,37.375,-79.502
VA,Centralia Substation,substation,Virginia Electric and Power Company,37.379,-77.453
VA,Centreville Substation,substation,Dominion Energy,38.835,-77.399
VA,Chancellor Substation,substation,Virginia Electric and Power Company,38.262,-77.589
VA,Charles City Power Plant,plant,Industrial Power Generating Company LLC,37.439,-77.128
VA,Charles City Road Substation,substation,Virginia Electric & Power Company,37.516,-77.366
VA,Charlottesville and Albemarle Railroad Power Plant,plant,,38.018,-78.452
VA,Charlottesville Substation,substation,Virginia Electric and Power Company,38.042,-78.458
VA,Chase City Substation,substation,Virginia Electric and Power Company,36.809,-78.465
VA,Chatham Substation,substation,Dominion Energy,36.849,-79.388
VA,Cherrydale Solar,plant,Dominion Energy,37.366,-75.915
VA,Cherrydale Substation,substation,Dominion Energy,38.896,-77.104
VA,Chesapeake Energy Center Substation,substation,Dominion Energy,36.771,-76.303
VA,Chesapeake Solar Project,plant,"Chesapeake Solar Project, LLC",36.681,-76.299
VA,Chesterfield Landfill Gas,plant,Industrial Power Generating Company LLC,37.352,-77.497
VA,Chesterfield Power Station,plant,Virginia Electric & Power Company,37.377,-77.377
VA,Chesterfield Substation,substation,Virginia Electric and Power Company,37.381,-77.387
VA,Chesterfield Substation,substation,Virginia Electric and Power Company,37.381,-77.385
VA,Chesterfield Substation,substation,Virginia Electric and Power Company,37.382,-77.383
VA,Chickahominy Substation,substation,,37.437,-77.159
VA,Chilesburg Substation,substation,Rappahannock Electric Cooperative,38.003,-77.545
VA,Chincoteague Substation,substation,A&N Electric Cooperative,37.934,-75.378
VA,Chuckatuck Substation,substation,Dominion Energy,36.896,-76.587
VA,Church Street Plant,plant,City of Manassas - (VA),38.752,-77.463
VA,Churchland Substation,substation,Virginia Electric and Power Company,36.871,-76.377
VA,CIA Substation,substation,,38.951,-77.148
VA,Clarendon Substation,substation,Dominion Energy,38.885,-77.105
VA,Clark Substation,substation,,38.907,-77.271
VA,Clarke Solar Power Facility,plant,Dominion Renewable Energy,39.066,-78.136
VA,Clark’s Gap Substation,substation,NOVEC,39.119,-77.63
VA,Claytor Hydro Water Power Plant,plant,Appalachian Power Company,37.075,-80.584
VA,Claytor Substation,substation,Appalachian Power Company,37.072,-80.582
VA,Clearbrook Substation,substation,Appalachian Power Company,37.22,-79.953
VA,Clifton Substation,substation,,38.781,-77.399
VA,Climax Substation,substation,Mecklenburg EMC,36.848,-79.471
VA,Clinch River Power Plant,plant,Appalachian Power,36.929,-82.199
VA,Clinch River Substation,substation,Appalachian Power Company,36.93,-82.198
VA,Clover Hill Substation,substation,,38.72,-77.499
VA,Clover Power Station,plant,Dominion Energy,36.87,-78.7
VA,Clover Substation,substation,,36.866,-78.706
VA,Cloverdale East Substation,substation,American Electric Power,37.376,-79.893
VA,Cloverdale North Substation,substation,American Electric Power,37.381,-79.898
VA,Cloverdale West Substation,substation,American Electric Power,37.374,-79.901
VA,Clubhouse Substation,substation,Virginia Electric and Power Company,36.718,-77.585
VA,Coastal Virginia Offshore Wind export cable landfall transition jointing bay,substation,,36.816,-75.97
VA,Cobbs Creek Substation,substation,,37.735,-78.189
VA,Cochran Mill Delivery Point,substation,,39.065,-77.54
VA,Cogentrix of Richmond,plant,Veolia Energy Operating Service,37.455,-77.431
VA,Cogentrix Substation,substation,Virginia Electric and Power Company,37.292,-77.271
VA,Coles Substation,substation,Northern Virginia Electric Cooperative,38.681,-77.442
VA,Colonial Trail West Solar Farm,plant,Dominion Energy Inc.,37.156,-76.899
VA,Colony Substation,substation,Virginia Electric and Power Company,37.107,-76.504
VA,Columbia Substation,substation,Virginia Electric and Power Company,37.761,-78.173
VA,Commonwealth Chesapeake,plant,Commonwealth Chesapeake Co LLC,37.989,-75.54
VA,Commonwealth Natural Gas Substation,substation,Dominion Energy,36.77,-76.304
VA,Comorn Substation,substation,,38.287,-77.231
VA,Copeland Park Substation,substation,Dominion Energy,37.0,-76.418
VA,Copeland Substation,substation,Community Electric Co-op,36.689,-76.69
VA,Cople Elementary Solar,plant,,38.071,-76.675
VA,Copper Ridge Substation,substation,,36.794,-82.465
VA,Correctional Solar,plant,Dominion Energy,37.472,-76.844
VA,Cottage Park Substation,substation,,36.936,-76.228
VA,Country Club Delivery Point,substation,NOVEC,38.609,-77.319
VA,Covanta Fairfax Energy,plant,Covanta Fairfax Inc,38.696,-77.241
VA,Covanta Waste to Energy Facility,plant,Covanta Alexandria/Arlington,38.802,-77.127
VA,Cove Road Substation,substation,Appalachian Power Company,37.304,-79.985
VA,Covington Facility Cogen,plant,WestRock Corp,37.8,-79.996
VA,CPC Flat Rock Substation,substation,Colonial Pipeline Company,37.507,-77.82
VA,CPC Hancock Substation,substation,Colonial Pipeline Company,37.158,-78.835
VA,CPC James River Substation,substation,Colonial Pipeline Company,37.759,-78.174
VA,CPC Locust Grove Substation,substation,Colonial Pipeline Company,38.289,-77.863
VA,CPC Louisa Substation,substation,Colonial Pipeline Company,38.01,-78.028
VA,CPC Richmond Substation,substation,Colonial Pipeline Company,37.512,-77.423
VA,CPC Witt Substation,substation,Colonial Pipeline Company,36.679,-79.396
VA,Cradock Substation,substation,Virginia Electric and Power Company,36.795,-76.312
VA,Craigsville Substation,substation,Virginia Electric and Power Company,38.083,-79.385
VA,Cranes Corner Substation,substation,Virginia Electric and Power Company,38.354,-77.456
VA,Craney Island Terminal Station,substation,Virginia Electric & Power Company,36.894,-76.345
VA,Crewe Substation,substation,Virginia Electric and Power Company,37.165,-78.131
VA,Crewe Switching Station,substation,Virginia Electric and Power Company,37.166,-78.132
VA,Crimora Substation,substation,,38.149,-78.834
VA,Crittenden Substation,substation,Virginia Electric and Power Company,36.883,-76.525
VA,Crossroads Substation,substation,Appalachian Power Company,37.314,-79.961
VA,Crozet Substation,substation,Virginia Electric and Power Company,38.085,-78.699
VA,Crystal Hill Solar,plant,Urban Grid Solar,36.836,-78.94
VA,Crystal Hill Substation,substation,,36.841,-78.938
VA,Crystal Substation,substation,Dominion Energy,38.858,-77.057
VA,Cub Run Delivery Point,substation,,38.875,-77.47
VA,Cumulus Substation,substation,,39.01,-77.465
VA,Cunningham Solar LLC,plant,"Arevon Energy, Inc.",37.887,-78.318
VA,Cunningham Substation,substation,Virginia Electric and Power Company,37.869,-78.374
VA,Cunningham Substation,substation,Central Virginia Electric Coop,37.887,-78.32
VA,Cushaw Hydroelectric Powerhouse,plant,Cushaw Hydro LLC,37.593,-79.381
VA,Cushaw Substation,substation,Cushaw Hydro LLC,37.593,-79.38
VA,Damascus Substation,substation,Appalachian Power Company,36.641,-81.804
VA,Danville BESS 1,plant,Doc Brown LLC,36.579,-79.384
VA,Danville Solar Farm,plant,"Thor Solar 1 CEI, LLC",36.592,-79.298
VA,Danville Substation,substation,Appalachian Power Company,36.615,-79.396
VA,Darbytown Power Plant,plant,Virginia Electric & Power Company,37.499,-77.368
VA,Davis Corner Substation,substation,Dominion Energy,36.852,-76.176
VA,Davis Drive Substation,substation,Virginia Electric & Power Company,38.99,-77.412
VA,Davis Substation,substation,Dominion Energy,38.869,-77.049
VA,Dawkins Branch Substation,substation,,38.777,-77.544
VA,Dayton Substation,substation,Virginia Electric and Power Company,38.41,-78.928
VA,Dayton Substation,substation,City of Harrisonburg,38.411,-78.933
VA,Dearington Substation,substation,,37.409,-79.164
VA,Deep Creek Substation,substation,,36.764,-76.343
VA,Denbigh Substation,substation,Virginia Electric & Power Company,37.162,-76.546
VA,Depot Solar Center,plant,"Emerald Hills Holding I, LLC",37.279,-79.114
VA,DG AMP Solar Front Royal,plant,American Municipal Power Solar,38.93,-78.18
VA,Diamond Springs Substation,substation,Dominion Energy,36.886,-76.183
VA,Discovery Substation,substation,,38.92,-77.428
VA,Dismal River Substation,substation,Appalachian Power Company,37.241,-82.034
VA,Disputana Substation,substation,Virginia Electric and Power Company,37.11,-77.225
VA,Dominion Delivery Point,substation,Dominion Energy,38.747,-77.509
VA,Dominion/Lo Mar,plant,City of Manassas - (VA),38.745,-77.497
VA,Dooms Substation,substation,,38.107,-78.849
VA,Dorchester - Norton Substation,substation,Kentucky Utilities Company,36.933,-82.647
VA,Doswell Energy Center,plant,Doswell Ltd Partnership,37.82,-77.445
VA,Double Toll Gate Substation,substation,Potomac Edison/Rappahannock Electric Cooperative,39.061,-78.137
VA,Doubleday Substation,substation,,38.182,-78.136
VA,Downtown Peaking Plant,plant,City of Franklin,36.68,-76.922
VA,Dozier Substation,substation,Dominion Energy,36.758,-76.289
VA,Dranesville Substation,substation,Dominion Energy,38.979,-77.362
VA,Dry Bridge Battery Storage,plant,Dominion Energy Inc.,37.501,-77.702
VA,Dry Mill South Terminal Station,substation,,39.114,-77.598
VA,DTC substation,substation,,39.038,-77.428
VA,Dulles Substation,substation,,38.945,-77.431
VA,Dumfries Substation,substation,,38.587,-77.306
VA,Dunnsville Substation,substation,Virginia Electric and Power Company,37.853,-76.813
VA,Dupont Substation,substation,,37.453,-77.438
VA,Dupont Waynesboro Substation,substation,Virginia Electric and Power Company,38.061,-78.881
VA,Eagle Rock Substation,substation,Virginia Electric and Power Company,37.656,-79.809
VA,East Danville Substation,substation,Appalachian Power Company,36.604,-79.348
VA,East Lynchburg Substation,substation,Appalachian Power Company,37.406,-79.077
VA,East Market Street Substation,substation,City of Harrisonburg,38.417,-78.84
VA,Eastern Shore Solar Farm,plant,Dominion Renewable Energy,37.959,-75.574
VA,Eastville Substation,substation,A&N Electric Cooperative,37.324,-75.94
VA,Edgemont Substation,substation,Appalachian Power Company,37.102,-80.467
VA,Edinburg Substation,substation,,38.834,-78.536
VA,Edwards Ferry Substation,substation,Dominion Energy,39.113,-77.505
VA,Elizabeth River Power Station,plant,Dominion Energy,36.775,-76.312
VA,Elk Garden Substation,substation,Appalachian Power Company,36.915,-81.997
VA,Elk Run Substation,substation,,38.556,-77.71
VA,Elklick Substation,substation,,38.859,-77.507
VA,Elko Substation,substation,Virginia Electric and Power Company,37.477,-77.237
VA,Elm Farm Substation,substation,,38.66,-77.327
VA,Elm Street Substation,substation,Appalachian Power Company,37.406,-79.134
VA,Elm Substation,substation,Virginia Electric and Power Company,38.705,-77.793
VA,Elmont Substation,substation,Virginia Electric and Power Company,37.698,-77.485
VA,Emporia Substation,substation,Virginia Electric and Power Company,36.696,-77.56
VA,Endless Caverns Substation,substation,,38.619,-78.686
VA,Energix Buckingham Solar Farm,plant,"Energix Buckingham, LLC",37.501,-78.381
VA,Energix Hollyfield,plant,"Energix Hollyfield, LLC",37.678,-77.16
VA,Energix Pamplin Solar Farm,plant,Caden Energix Pamplin LLC,37.329,-78.767
VA,Enon Substation,substation,Virginia Electric and Power Company,37.34,-77.324
VA,Enon Substation,substation,Virginia Electric and Power Company,37.34,-77.323
VA,Enterprise Substation,substation,,39.002,-77.48
VA,Esmont Substation,substation,,37.827,-78.61
VA,Essex Solar Center,plant,Coronal Energy,37.837,-76.796
VA,Evergreen Mills Switching Station,substation,Virginia Electric & Power Company,38.945,-77.527
VA,Fairfax Landfill Solar,plant,Madison Energy Investments LLC,38.691,-77.244
VA,Fairfax Substation,substation,,38.848,-77.311
VA,Falling Branch Substation,substation,Appalachian Power Company,37.138,-80.331
VA,Falls Church Substation,substation,Dominion Energy,38.886,-77.158
VA,Farmville Substation,substation,Virginia Electric and Power Company,37.311,-78.393
VA,Farmwell Substation,substation,Virginia Electric & Power Company,39.015,-77.469
VA,Fentress Substation,substation,Virginia Electric and Power Company,36.691,-76.19
VA,Ferncliff Substation,substation,,37.932,-78.105
VA,Fieldale Substation,substation,Appalachian Power Company,36.708,-79.934
VA,Fields Substation,substation,,36.832,-77.521
VA,Fishersville Substation,substation,Virginia Electric and Power Company,38.096,-78.956
VA,Flint Hill Substation,substation,,38.756,-78.106
VA,Floyd Substation,substation,Appalachian Power Company,36.926,-80.309
VA,Fluvanna Substation,substation,,37.867,-78.379
VA,Forest Substation,substation,Appalachian Power Company,37.363,-79.293
VA,Fort Eustis Substation,substation,US Department of Defense,37.165,-76.578
VA,Fort Lee Substation,substation,Virginia Electric and Power Company,37.244,-77.322
VA,Fort Powhatan Solar Farm,plant,Dominion Renewable Energy,37.252,-77.092
VA,Fountain Creek Solar,plant,Dominion Energy Inc.,36.595,-77.67
VA,Four Rivers Substation,substation,Virginia Electric and Power Company,37.821,-77.444
VA,Foxglove Solar,plant,Urban Grid Solar,39.071,-78.274
VA,Franconia Substation,substation,,38.739,-77.194
VA,Franklin Substation,substation,Virginia Electric and Power Company,36.66,-76.943
VA,Franklin Substation,substation,Appalachian Power Company,37.002,-79.898
VA,Frederick County LFGTE Facility,plant,Frederick County Virginia,39.141,-78.097
VA,Frederick Street Substation,substation,Washington Metropolitan Area Transit Authority,38.88,-77.126
VA,Fredericksburg Substation,substation,Virginia Electric and Power Company,38.304,-77.483
VA,Fremont Substation,substation,Appalachian Power Company,37.13,-82.396
VA,Fries Hydroelectric Project,plant,"Central Rivers Power US, LLC",36.715,-80.985
VA,Fries Substation,substation,Appalachian Power Company,36.715,-80.988
VA,Front Royal Substation,substation,Virginia Electric and Power Company,38.971,-78.181
VA,Fuller Road Substation,substation,Virginia Electric & Power Company,38.534,-77.328
VA,Gainesville Substation,substation,,38.791,-77.565
VA,Galax Substation,substation,Appalachian Power Company,36.666,-80.92
VA,Gallows Road Substation,substation,Dominion Energy,38.854,-77.219
VA,Gant Substation,substation,NOVEC,39.054,-77.539
VA,Garber Delivery Point,substation,NOVEC,38.627,-77.311
VA,Gardy's Mill Solar,plant,"Gardy's Mill Solar, LLC",38.007,-76.608
VA,Garner DP Substation,substation,Dominion Energy,37.864,-76.563
VA,Garrisonville Substation,substation,,38.456,-77.49
VA,Gate City Substation,substation,Appalachian Power Company,36.644,-82.568
VA,Gateway Gen Peaking Plant,plant,City of Manassas - (VA),38.731,-77.514
VA,George Street Substation,substation,,37.327,-79.183
VA,Glade Substation,substation,Appalachian Power Company,36.793,-81.709
VA,Gladstone Substation,substation,,37.573,-78.857
VA,Glasgow Substation,substation,Virginia Electric & Power Company,37.625,-79.481
VA,Glebe Substation,substation,Dominion Energy,38.842,-77.055
VA,Glen Lyn Substation,substation,Appalachian Power Company,37.37,-80.861
VA,Glencarlyn Substation,substation,Dominion Energy,38.87,-77.129
VA,Global Plaza Substation,substation,Dominion Energy,38.993,-77.435
VA,Gloucester Solar,plant,Dominion Energy,37.443,-76.47
VA,Gold Dale Substation,substation,Virginia Electric and Power Company,38.25,-77.783
VA,Gomingo Substation,substation,Appalachian Power Company,37.427,-79.085
VA,Goodwin Delivery Point,substation,,38.757,-77.512
VA,Goose Creek Substation,substation,Dominion Energy,39.075,-77.532
VA,Gordonsville Energy,plant,Virginia Electric & Power Company,38.125,-78.203
VA,Gordonsville Substation,substation,Virginia Electric and Power Company,38.127,-78.222
VA,Gore Substation,substation,,39.276,-78.365
VA,Goshen Substation,substation,Virginia Electric and Power Company,37.968,-79.509
VA,Gosport Ind. Substation,substation,Dominion Energy,36.809,-76.3
VA,Grafton Substation,substation,Virginia Electric & Power Company,37.149,-76.498
VA,Grassfield Solar,plant,Dominion Energy Inc.,36.662,-76.338
VA,Grassfield Substation,substation,Dominion Energy,36.726,-76.306
VA,Grasshopper Solar,plant,Dominion Energy Inc.,36.815,-78.449
VA,Gravel Neck Power Plant,plant,Virginia Electric and Power Company,37.159,-76.691
VA,Graves Mill Substation,substation,Appalachian Power Company,37.396,-79.236
VA,Great Bridge Substation,substation,Virginia Electric and Power Company,36.7,-76.251
VA,Green Bush Switch Station,substation,Old Dominion Electric Cooperative,37.745,-75.72
VA,Green Bush Switch Station,substation,,37.753,-75.678
VA,Green Run Substation,substation,Virginia Electric and Power Company,36.798,-76.107
VA,Greensville County Power Station,plant,Virginia Electric and Power Company,36.718,-77.653
VA,Greensville County Solar Project,plant,Dominion Energy Inc.,36.643,-77.574
VA,Greenway Substation,substation,Virginia Electric & Power Company,39.004,-77.48
VA,Greenwich Substation,substation,Virginia Electric and Power Company,36.842,-76.175
VA,Greenwood Substation,substation,The Potomac Edison Company,39.152,-78.132
VA,Gretna Substation,substation,Mecklenburg EMC,36.937,-79.362
VA,Greys Point Transition Station,substation,Virginia Electric and Power Company,37.611,-76.435
VA,Grottoes Substation,substation,,38.266,-78.813
VA,Grundy Substation,substation,Appalachian Power Company,37.301,-82.125
VA,Gum Springs Substation,substation,,38.749,-77.089
VA,Hales Branch Substation,substation,Appalachian Power Company,37.261,-81.943
VA,Halifax County Biomass Plant,plant,South Boston Energy LLC,36.699,-78.874
VA,Hallwood Substation,substation,A&N Electric Cooperative,37.876,-75.596
VA,Hamilton Substation,substation,,39.147,-77.68
VA,Hancock Substation,substation,Appalachian Power Company,37.267,-80.023
VA,Hanover Substation,substation,Virginia Electric & Power Company,37.741,-77.463
VA,Hans Meadow Substation,substation,Appalachian Power Company,37.153,-80.412
VA,Hansonville Substation,substation,Appalachian Power Company,36.848,-82.121
VA,Happy Creek Substation,substation,Town of Front Royal,38.939,-78.151
VA,Harborview Substation,substation,Virginia Electric & Power Company,36.875,-76.421
VA,Hardyville Substation,substation,,37.552,-76.368
VA,Harmony Village Substation,substation,Virginia Electric and Power Company,37.582,-76.485
VA,Harrison Delivery Point,substation,,38.812,-77.451
VA,Harrisonburg Substation,substation,Virginia Electric and Power Company,38.411,-78.882
VA,Harrowgate Substation,substation,Virginia Electric and Power Company,37.292,-77.419
VA,Harvell Substation,substation,Virginia Electric and Power Company,37.257,-77.372
VA,Hayes Substation,substation,Virginia Electric & Power Company,37.279,-76.495
VA,Hayfield Substation,substation,,38.763,-77.15
VA,Hayfield Substation,substation,,39.231,-78.293
VA,Haymarket Substation,substation,,38.818,-77.65
VA,Haysi Substation,substation,Appalachian Power Company,37.209,-82.301
VA,"HCE Amelia Solar I, LLC",plant,Standard Solar,37.451,-77.952
VA,HCE Millboro Springs Solar,plant,,37.998,-79.569
VA,"HCE Powhatan Solar, LLC",plant,Standard Solar,37.53,-77.962
VA,"HCE Roark Mill Solar, LLC",plant,Standard Solar,37.051,-79.305
VA,Heathcote Substation,substation,,38.8,-77.605
VA,Hemings Solar,plant,Hemings Solar Partners LLC,37.959,-76.819
VA,Henrico Power Plant,plant,Industrial Power Generating Company LLC,37.679,-77.568
VA,Herndon Park Substation,substation,,38.966,-77.379
VA,Hickory Solar Farm,plant,Caden Energix Hickory LLC,36.627,-76.191
VA,Hickory Substation,substation,Virginia Electric and Power Company,36.644,-76.237
VA,Hill Substation,substation,Appalachian Power Company,36.722,-82.635
VA,Hillman Highway Substation,substation,Appalachian Power Company,36.721,-81.936
VA,Hodges Ferry Substation,substation,Virginia Electric and Power Company,36.828,-76.42
VA,Holland Substation,substation,Virginia Electric and Power Company,36.674,-76.77
VA,Hollymeade Substation,substation,Virginia Electric and Power Company,38.127,-78.434
VA,Hopewell Cogeneration,plant,Luminant Generation Company LLC,37.291,-77.283
VA,Hopewell Mill,plant,RockTenn-Hopewell,37.3,-77.264
VA,Hopewell Power Station,plant,Virginia Electric and Power Company,37.297,-77.284
VA,Hopewell Substation,substation,Virginia Electric and Power Company,37.29,-77.283
VA,Hourglass Substation,substation,,38.746,-77.516
VA,HP Hood Cogen,plant,HP Hood LLC,39.127,-78.188
VA,Huffman Substation,substation,,36.777,-80.719
VA,Hull Street Road Substation,substation,Virginia Electric and Power Company,37.444,-77.577
VA,Hunter Substation,substation,Dominion Energy,38.932,-77.304
VA,Huntington Court Substation,substation,Appalachian Power Company,37.309,-79.93
VA,Hurley Substation,substation,Appalachian Power Company,37.422,-82.021
VA,I 95 Landfill Phase II,plant,"NextEra Renewable Fuels, LLC",38.69,-77.24
VA,ICI Substation,substation,,37.349,-77.292
VA,Idylwood Substation,substation,Dominion Energy,38.886,-77.21
VA,Imboden - Big Stone Gap Substation,substation,Kentucky Utilities Company,36.882,-82.813
VA,Independence Substation,substation,Appalachian Power Company,36.63,-81.162
VA,Independent Hill D.P.,substation,,38.632,-77.461
VA,Industrial Park Substation,substation,Virginia Electric & Power Company,36.864,-76.249
VA,Ingersoll Rand Substation,substation,,37.344,-79.92
VA,Innovation Substation,substation,,38.755,-77.513
VA,Interconnection Substation,substation,Dominion Energy,39.02,-77.449
VA,International Paper Franklin Mill Power Plant,plant,International Paper,36.68,-76.912
VA,Iron Bridge Substation,substation,Virginia Electric and Power Company,37.409,-77.505
VA,Ivor Substation,substation,Virginia Electric and Power Company,36.898,-76.898
VA,Jacksons Ferry Substation,substation,American Electric Power,36.877,-80.826
VA,Jacksons Ferry Substation,substation,Appalachian Power Company,36.879,-80.822
VA,Jefferson Street Substation,substation,Dominion Energy,38.797,-77.055
VA,Jennings Gap Substation,substation,Shenandoah Valley Electric Cooperative,38.27,-79.188
VA,John H Kerr Dam,plant,USCE-Wilmington District,36.599,-78.3
VA,Johnson Substation,substation,Appalachian Power Company,37.24,-79.302
VA,Joshua Falls Substation,substation,,37.426,-79.036
VA,Jubalear Substation,substation,,36.685,-80.959
VA,K06TP1 Fisher Ave TPSS,substation,Washington Metro Area Transit Authority,38.898,-77.178
VA,Keene Mill Substation,substation,Dominion Energy,38.774,-77.263
VA,Kellam Substation,substation,A&N Electric Cooperative,37.534,-75.818
VA,Kenbridge Substation,substation,Virginia Electric and Power Company,36.96,-78.132
VA,Kendrick Lane Substation,substation,Town of Front Royal,38.931,-78.204
VA,Kentuck Solar Project,plant,Danville Utilities,36.658,-79.304
VA,Kerr Substation,substation,,36.601,-78.301
VA,Kevlar Substation,substation,,37.45,-77.438
VA,Keywood Substation,substation,Saltville Gas Storage Company L.L.C.,36.857,-81.766
VA,Kidds Store Substation,substation,,37.8,-78.368
VA,Kimballton Substation,substation,,37.353,-80.667
VA,King & Queen Power Plant,plant,Industrial Power Generating Company LLC,37.67,-76.759
VA,King's Mill Substation,substation,Virginia Electric and Power Company,37.234,-76.631
VA,Kings Dominion Substation,substation,Virginia Electric and Power Company,37.846,-77.442
VA,Kings Fork Substation,substation,Virginia Electric and Power Company,36.784,-76.602
VA,Kingsland Substation,substation,,37.386,-77.417
VA,Kumis Substation,substation,Appalachian Power Company,37.237,-80.178
VA,Ladysmith CT Substation,substation,Virginia Electric and Power Company,38.073,-77.513
VA,Ladysmith Power Station,plant,Virginia Electric and Power Company,38.073,-77.514
VA,Ladysmith Substation,substation,Rappahannock Electric Cooperative,38.011,-77.51
VA,Ladysmith Substation,substation,Virginia Electric and Power Company,38.047,-77.55
VA,Lake Forest Substation,substation,Appalachian Power Company,37.378,-79.847
VA,Lake of the Woods Substation,substation,,38.314,-77.781
VA,Lakeridge Substation,substation,,38.692,-77.295
VA,Lakeside Substation,substation,,37.617,-77.46
VA,Lancaster Substation,substation,Dominion Energy,37.708,-76.394
VA,Landstown Substation,substation,Virginia Electric and Power Company,36.771,-76.092
VA,Lanexa Substation,substation,,37.42,-76.912
VA,Laurel Ave Substation,substation,,36.829,-76.31
VA,Lawrenceville Substation,substation,Virginia Electric and Power Company,36.75,-77.846
VA,Leatherwood Solar Farm,plant,"Energix Leatherwood, LLC",36.689,-79.702
VA,Lebanon Substation,substation,Appalachian Power Company,36.923,-82.071
VA,Lee Hall Substation,substation,Virginia Electric & Power Company,37.207,-76.575
VA,Leesburg Substation,substation,Virginia Electric & Power Company,39.108,-77.557
VA,Leesville Power Plant,plant,Appalachian Power Company,37.093,-79.402
VA,Leesville Substation,substation,Appalachian Power Company,37.094,-79.403
VA,Lexington 500kV Substation,substation,Virginia Electric and Power Company,37.868,-79.421
VA,Lexington Substation,substation,Virginia Electric and Power Company,37.867,-79.419
VA,Liberty Substation,substation,Dominion Energy,38.774,-77.534
VA,Liberty Substation,substation,NOVEC,38.775,-77.533
VA,Lightfoot Substation,substation,Virginia Electric and Power Company,37.328,-76.757
VA,Lincoln Park Substation,substation,Virginia Electric and Power Company,38.924,-77.428
VA,Lindendale Delivery Point,substation,,38.647,-77.37
VA,Linton Hall Substation,substation,NOVEC,38.779,-77.594
VA,Lipps Substation,substation,,37.007,-82.648
VA,Livingston Heights Substation,substation,Virginia Electric and Power Company,38.898,-77.128
VA,Lockhart Substation,substation,Appalachian Power Company,37.154,-82.426
VA,Lockridge Substation,substation,Virginia Electric & Power Company,38.997,-77.457
VA,Locks Substation,substation,Virginia Electric and Power Company,37.222,-77.443
VA,Lomar Substation,substation,,38.749,-77.503
VA,London Bridge Substation,substation,,36.772,-76.02
VA,Lone Gum Substation,substation,Southside Electric Cooperative,37.179,-79.431
VA,Long Creek Substation,substation,Virginia Electric and Power Company,36.91,-76.07
VA,Looney Creek Substation,substation,Appalachian Power Company,37.316,-82.094
VA,Lorton Substation,substation,,38.695,-77.261
VA,Loudoun Substation,substation,Dominion Energy,38.895,-77.568
VA,Louisa Generation Facility,plant,Old Dominion Electric Coop,38.118,-78.216
VA,Louisa Substation,substation,Virginia Electric and Power Company,38.007,-78.027
VA,Lovettsville Substation,substation,,39.295,-77.633
VA,Low Moor Power Plant,plant,Virginia Electric and Power Company,37.777,-79.891
VA,Lukens Substation,substation,Appalachian Power Company,37.286,-79.942
VA,Lummis Delivery Point,substation,Community Electric Co-op,36.707,-76.682
VA,Lunenburg Switching Station,substation,Virginia Electric and Power Company,36.973,-78.254
VA,Luray Hydro Station,plant,"PE Hydro Generation, LLC",38.677,-78.499
VA,Luray Hydro Substation,substation,"PE Hydro Generation, LLC",38.677,-78.499
VA,Lynbrook Substation,substation,,37.3,-79.215
VA,Lynnhaven Substation,substation,Virginia Electric and Power Company,36.838,-76.075
VA,Magruder Substation,substation,Virginia Electric and Power Company,37.058,-76.401
VA,Manassas Avenue Substation,substation,Town of Front Royal,38.927,-78.186
VA,Manchester Substation,substation,Virginia Electric and Power Company,37.525,-77.434
VA,Maplewood Solar,plant,Dominion Renewable Energy,36.897,-79.483
VA,Marlboro Substation,substation,,37.474,-77.435
VA,Mars Substation,substation,,38.953,-77.492
VA,Marsh Run Power Station,plant,Old Dominion Electric Coop,38.529,-77.768
VA,Marsh Run Substation,substation,,38.528,-77.77
VA,Martin Solar Center,plant,"Arevon Energy, Inc.",37.88,-78.049
VA,Martins Hundred Substation,substation,Dominion Energy,37.203,-76.605
VA,Martinsville LFG Generator,plant,City of Martinsville - (VA),36.717,-79.845
VA,Martinsville Power Plant,plant,City of Martinsville - (VA),36.664,-79.884
VA,Martinsville Substation,substation,Appalachian Power Company,36.702,-79.851
VA,Mason Creek Substation,substation,American Electric Power,37.294,-80.027
VA,Matt Funk 138KV Substation,substation,Appalachian Power Company,37.231,-80.168
VA,Matt Funk 345kV Substation,substation,Appalachian Power Company,37.237,-80.17
VA,McConville Substation,substation,Appalachian Power Company,37.384,-79.215
VA,Mclaughlin Substation,substation,Virginia Electric & Power Company,36.874,-76.298
VA,Meadow Brook Substation,substation,,39.054,-78.255
VA,Meadow Brook Substation,substation,The Pontomac Edison Company,39.058,-78.254
VA,Meadowview Substation,substation,Appalachian Power Company,36.761,-81.871
VA,Mechanicsville Solar,plant,"Mechanicsville Solar, LLC",37.668,-77.198
VA,Meherrin River Reservoir Hydroelectric Power Facility,plant,Emporia Hydro Power LP,36.696,-77.559
VA,Meherrin Solar,plant,Dominion Renewable Energy,36.598,-77.64
VA,Melrose Substation,substation,Appalachian Power Company,37.287,-79.976
VA,Merck Solar,plant,Virginia Electric and Power Company,38.384,-78.642
VA,Merck Substation,substation,Virginia Electric and Power Company,38.383,-78.647
VA,Mercury Substation,substation,Dominion Energy,37.031,-76.326
VA,Merrifield Substation,substation,Virginia Electric and Power Company,38.873,-77.263
VA,Merrimac Substation,substation,,37.193,-80.419
VA,Merry Point Substation,substation,Dominion Energy,37.062,-76.498
VA,Middleburg Substation,substation,Dominion Energy,38.959,-77.722
VA,Midlothian Substation,substation,Virginia Electric and Power Company,37.503,-77.704
VA,Midway Substation,substation,,37.171,-80.423
VA,Midway Substation,substation,Virginia Electric and Power Company,38.027,-78.707
VA,Mine Road Substation,substation,Virginia Electric and Power Company,38.25,-77.476
VA,Minnieville Delivery Point,substation,,38.653,-77.348
VA,Mitchell Substation,substation,,38.368,-77.994
VA,Monel Substation,substation,Appalachian Power Company,37.456,-79.124
VA,Moneta Substation,substation,Appalachian Power Company,37.195,-79.617
VA,Monroe Solar,plant,Monroe Solar LLC,36.855,-79.47
VA,Monroe Substation,substation,Appalachian Power Company,37.49,-79.124
VA,Monterey Substation,substation,Appalachian Power Company,37.316,-79.928
VA,Montrose Substation,substation,Virginia Electric and Power Company,38.094,-76.838
VA,Montross Solar,plant,Dominion Energy Inc.,38.074,-76.79
VA,Morrisville Substation,substation,,38.501,-77.709
VA,Mosby Substation,substation,,38.894,-77.565
VA,Moseley Substation,substation,Appalachian Power Company,37.352,-79.566
VA,Moss Substation,substation,Appalachian Power Company,37.152,-82.356
VA,Mount Clinton Peaking Plant,plant,City of Harrisonburg,38.469,-78.864
VA,Mount Jackson Substation,substation,,38.724,-78.662
VA,Mount View Substation,substation,Appalachian Power Company,37.259,-80.446
VA,Mountain Road Substation,substation,Virginia Electric and Power Company,37.67,-77.522
VA,Mountain Run Substation,substation,Virginia Electric and Power Company,38.463,-77.974
VA,Mt Airy Substation,substation,Mecklenburg EMB,36.943,-79.192
VA,Mt. Jackson Solar,plant,"Energix Mt. Jackson, LLC.",38.738,-78.662
VA,Mt. Weather Substation,substation,NOVEC,39.06,-77.885
VA,Mud Lick Substation,substation,,37.265,-79.999
VA,Myrtle Substation,substation,Virginia Electric and Power Company,36.771,-76.697
VA,N03 Greensboro TPSS5,substation,Washington Metropolitan Area Transit Authority,38.92,-77.233
VA,N06 Wiehle Ave TPSS11,substation,Washington Metropolitan Area Transit Authority,38.949,-77.341
VA,N92TBS1 Baldwin Drive,substation,Washington Metropolitan Area Transit Authority,38.914,-77.189
VA,N94 TPSS9 Hunter Mill Road,substation,Washington Metropolitan Area Transit Authority,38.949,-77.306
VA,NASA Substation,substation,Virginia Electric and Power Company,37.093,-76.385
VA,NASA Wallops Flight Facility Solar,plant,Ameresco Federal Solutions,37.926,-75.468
VA,National Welders Substation,substation,,37.338,-77.298
VA,Naval Weapons Station Substation,substation,,37.213,-76.584
VA,Navy North Substation,substation,US Navy,36.958,-76.323
VA,Navy South Substation,substation,US Navy,36.939,-76.32
VA,New Church Subststion,substation,,37.989,-75.54
VA,New London Substation,substation,Appalachian Power Company,37.329,-79.309
VA,New Road Delivery Point,substation,Dominion Energy,38.934,-77.625
VA,New Road Substation,substation,Virginia Electric and Power Company,38.932,-77.62
VA,Newport Hydro Station,plant,"PE Hydro Generation, LLC",38.571,-78.593
VA,Newport Hydro Substation,substation,"PE Hydro Generation, LLC",38.572,-78.594
VA,Newport News Substation,substation,Virginia Electric and Power Company,36.987,-76.43
VA,Ni River Substation,substation,,38.243,-77.586
VA,Niagara,plant,,37.255,-79.872
VA,Nimbus Substation,substation,,39.012,-77.464
VA,NIVO Substation,substation,Dominion Energy,39.024,-77.461
VA,Nokesville Solar Farm,plant,"Energix Nokesville, LLC",38.675,-77.587
VA,Nokesville Substation,substation,Virginia Electric and Power Company,38.691,-77.596
VA,Norge Solar Farm,plant,Dominion Energy Inc.,37.362,-76.78
VA,North Alexandria Substation,substation,Dominion Energy,38.82,-77.052
VA,North Anna Nuclear Generating Station,plant,Virginia Electric & Power Co,38.059,-77.793
VA,North Anna Substation,substation,Dominion Energy,38.061,-77.797
VA,North Blacksburg Substation,substation,Appalachian Power Company,37.277,-80.381
VA,North Bristol Substation,substation,,36.624,-82.189
VA,North Doswell Substation,substation,,37.883,-77.461
VA,North Pole Substation,substation,Virginia Electric and Power Company,37.636,-77.794
VA,North Shenandoah Substation,substation,,38.527,-78.62
VA,North Winchester Substation,substation,Shenandoah Valley Electric Cooperative,39.198,-78.156
VA,Northeast Substation,substation,Virginia Electric and Power Company,37.551,-77.362
VA,Northern Neck Power Plant,plant,Virginia Electric and Power Company,37.948,-76.711
VA,Northern Neck Substation,substation,Virginia Electric and Power Company,37.948,-76.712
VA,Northstar Substation,substation,,38.952,-77.554
VA,Northwest Substation,substation,Virginia Electric & Power Company,37.631,-77.542
VA,Nottoway Diesel Generating Facility,plant,Old Dominion Electric Coop,36.698,-77.105
VA,NOVEC Johnson Delivery Point,substation,,38.832,-77.466
VA,NOVEC Moore Delivery Point,substation,NOVEC,38.768,-77.375
VA,NOVEC Railroad Electric Distribution Center,substation,NOVEC,38.778,-77.536
VA,Nutbush Substation,substation,Southside Electric Cooperative,37.044,-78.282
VA,Oak Green Substation,substation,Virginia Electric and Power Company,38.334,-77.947
VA,Oak Grove Substation,substation,Virginia Electric and Power Company,38.185,-76.999
VA,Oak Hall Substation,substation,,37.943,-75.57
VA,Oak Level Substation,substation,Appalachian Power Company,36.822,-79.93
VA,Oak Ridge Substation,substation,,36.725,-76.622
VA,Oakwood Substation,substation,Virginia Electric & Power Company,36.91,-76.237
VA,Occoquan Substation,substation,,38.713,-77.269
VA,Ocean Court Substation,substation,,38.995,-77.438
VA,Ocean View Substation,substation,,36.954,-76.252
VA,Oceana Solar Facility,plant,Dominion Energy,36.788,-76.047
VA,Ogden-Martin Nug Substation,substation,,38.697,-77.24
VA,Old Chapel Substation,substation,Rappahannock Electric Cooperative,39.16,-78.008
VA,Old Church Substation,substation,,37.635,-77.251
VA,Old Dominion Power Substation,substation,,36.911,-82.312
VA,Onancock Diesel Generation Facility,plant,Old Dominion Electric Coop,37.745,-75.72
VA,Opal Substation,substation,,38.606,-77.789
VA,Opossum Creek Substation,substation,Appalachian Power Company,37.373,-79.107
VA,Orange Street G1,plant,Town of Bedford,37.334,-79.513
VA,Orange Substation,substation,Virginia Electric and Power Company,38.241,-78.109
VA,Orcan Substation,substation,Dominion Energy,37.667,-76.394
VA,Otter Substation,substation,,37.143,-79.28
VA,Ottoman Substation,substation,,37.7,-76.521
VA,Ox Substation,substation,Dominion Energy,38.724,-77.289
VA,Pacific Substation,substation,Dominion Energy,38.996,-77.438
VA,Page Substation,substation,,38.67,-78.452
VA,Palmer Solar Center,plant,Coronal Energy,37.965,-78.232
VA,Pamplin Substation,substation,Virginia Electric and Power Company,37.255,-78.679
VA,Panda Stonewall (Potomac Energy) Power Plant,plant,"Potomac Energy Center, LLC",39.059,-77.542
VA,Paradise Substation,substation,North Virginia Electric Cooperative,38.778,-77.531
VA,Paragon Park Substation,substation,,39.017,-77.441
VA,Park Center Substation,substation,Virginia Electric and Power Company,38.939,-77.426
VA,Parksley Substation,substation,A&N Electric Cooperative,37.781,-75.655
VA,Pattonsville Substation,substation,Powell Valley Electric Cooperative,36.693,-82.871
VA,Paytes Substation,substation,,38.226,-77.835
VA,Peak Creek Substation,substation,Appalachian Power Company,37.049,-80.748
VA,Peaks View Substation,substation,,37.389,-79.122
VA,Pearsons Substation,substation,,37.671,-77.379
VA,Peggy's Pinch Substation,substation,,37.919,-78.913
VA,Pender Substation,substation,Dominion Energy,38.874,-77.372
VA,Pendleton Substation,substation,,36.79,-75.998
VA,Penhook Substation,substation,Appalachian Power Company,36.979,-79.617
VA,Peninsula Substation,substation,Dominion Energy,37.091,-76.389
VA,Pennimann Substation,substation,Dominion Energy,37.26,-76.648
VA,Pentagon Substation,substation,Dominion Energy,38.868,-77.049
VA,Perdue Delivery Point Station,substation,A&N Electric Cooperative,37.746,-75.66
VA,Perdue Diesel Generation Facility,plant,Old Dominion Electric Coop,37.742,-75.656
VA,Perdue Substation,substation,A&N Electric Cooperative,37.742,-75.656
VA,Perimeter Substation,substation,NOVEC,38.957,-77.508
VA,Perkins Park Substation,substation,Appalachian Power Company,37.387,-79.156
VA,Perth Substation,substation,Virginia Electric and Power Company,37.013,-79.004
VA,Peters Mountain Substation,substation,Appalachian Power Company,37.372,-80.798
VA,Philip Morris Solar,plant,Virginia Electric and Power Company,37.342,-77.288
VA,Philpott Lake Power Plant,plant,United States Corps of Engineers,36.781,-80.027
VA,Philpott Substation,substation,Appalachian Power Company,36.776,-80.027
VA,Pinewood Substation,substation,,37.884,-77.455
VA,Piney River Substation,substation,,37.72,-79.006
VA,Pinnacles Hydroelectric Plant,plant,"Northbrook Virginia Hydro, LLC",36.667,-80.448
VA,Pioneer Switching Substation,substation,Virginia Electric and Power Company,38.755,-77.512
VA,Pipers Gap Substation,substation,Appalachian Power Company,36.759,-80.748
VA,Pittsylvania CSG LLC,plant,Dimension Energy LLC,36.858,-79.394
VA,Plantation Substation,substation,A&N Electric Cooperative,37.271,-75.966
VA,Plaza Substation,substation,Virginia Electric and Power Company,37.498,-77.478
VA,Pleasant Hill Solar,plant,RWE Clean Energy,36.693,-76.58
VA,Pleasant Hill Substation,substation,,36.551,-77.529
VA,Pleasant Valley Delivery Point,substation,,38.859,-77.507
VA,Pleasant Valley Peaking Plant,plant,City of Harrisonburg,38.401,-78.897
VA,Pleasant View Substation,substation,Dominion Energy,39.076,-77.529
VA,Pleasant View Substation,substation,Dominion Energy,39.077,-77.53
VA,Pleinmont Solar,plant,AES Clean Energy,38.233,-77.773
VA,Poages Mill Substation,substation,Appalachian Power Company,37.199,-80.035
VA,Pocaty Substation,substation,Dominion Energy,36.697,-76.171
VA,Pocket Substation,substation,Kentucky Utilities Company,36.782,-83.045
VA,Pocket Substation,substation,Kentucky Utilities Company,36.784,-83.043
VA,Poe Substation,substation,Virginia Electric and Power Company,37.2,-77.359
VA,Poland Road Substation,substation,Virginia Electric and Power Company,38.917,-77.491
VA,Polyester Substation,substation,Virginia Electric and Power Company,37.298,-77.283
VA,Ponton Diesel Generating Facility,plant,Old Dominion Electric Coop,37.295,-77.987
VA,Poolesville Substation,substation,Dominion Energy,37.081,-76.703
VA,Popes Head Substation,substation,,38.811,-77.387
VA,Port Norfolk Substation,substation,,36.843,-76.336
VA,Possum Point Peaking Power,plant,Virginia Electric & Power Company,38.539,-77.28
VA,Possum Point Power Station,plant,Virginia Electric & Power Company,38.538,-77.281
VA,Possum Point Substation,substation,Virginia Electric & Power Company,38.541,-77.279
VA,Possum Point Substation,substation,Dominion Energy,38.552,-77.278
VA,Potomac River Substation,substation,,38.821,-77.042
VA,Potomac Yard Substation,substation,Dominion Energy,38.84,-77.051
VA,Powells Creek Solar,plant,"Powells Creek Farm Solar, LLC",36.553,-79.022
VA,Powhatan Substation,substation,Virginia Electric and Power Company,37.579,-77.938
VA,Pratts Substation,substation,Rappahannock Electric Cooperative,38.349,-78.268
VA,Prentice Substation,substation,,38.997,-77.461
VA,Pretlow Peaking Plant,plant,City of Franklin,36.659,-76.927
VA,Prices Fork Substation,substation,Appalachian Power Company,37.23,-80.445
VA,Prince George Substation,substation,Virginia Electric and Power Company,37.256,-77.295
VA,Prince William Substation,substation,,38.75,-77.474
VA,Princess Anne Substation,substation,,36.771,-76.077
VA,Proffit Substation,substation,Rappahannock Electric Cooperative,38.119,-78.415
VA,Progress Park Substation,substation,Appalachian Power Company,36.961,-81.004
VA,Prospect Power BESS,plant,"Elevate Renewables, LLC",38.616,-78.686
VA,Providence Forge Substation,substation,Virginia Electric and Power Company,37.434,-77.038
VA,Quantico Substation,substation,,38.516,-77.304
VA,Racefield Substation,substation,,38.946,-77.551
VA,Radford Hydro,plant,City of Radford,37.078,-80.573
VA,Radnor Heights Substation,substation,Dominion Energy,38.886,-77.083
VA,Railroad Delivery Point,substation,Dominion Energy,38.777,-77.536
VA,"Rappahannock Solar, LLC",plant,"Rappahannock Solar, LLC",37.657,-76.382
VA,Rappahannock Transition Station,substation,Virginia Electric and Power Company,37.638,-76.408
VA,Ravensworth Substation,substation,Dominion Energy,38.797,-77.244
VA,Rawlings Substation,substation,,36.937,-77.759
VA,Red Hill Substation,substation,,37.967,-78.627
VA,Red House Solar,plant,,37.184,-78.816
VA,Redbud Substation,substation,Potomac Edison/Rappahannock Electric Cooperative,39.212,-78.135
VA,Reddfield Substation,substation,,38.904,-77.189
VA,Reeves Avenue Substation,substation,Virginia Electric and Power Company,36.842,-76.273
VA,Reids Ferry Substation,substation,,36.799,-76.581
VA,Remington Combustion Turbine Substation,substation,Virginia Electric and Power Company,38.544,-77.769
VA,Remington Power Station,plant,Virginia Electric and Power Company,38.545,-77.771
VA,Remington Solar Power Facility,plant,Dominion Energy,38.548,-77.78
VA,Remington Substation,substation,,38.54,-77.777
VA,Reston Substation,substation,Dominion Energy,38.953,-77.346
VA,REUSENS,plant,,37.463,-79.187
VA,Reusens Substation,substation,,37.462,-79.189
VA,Reymet Substation,substation,,37.389,-77.407
VA,Richard S. Ellis IV Generating Plant,substation,,37.918,-78.841
VA,Richlands Substation,substation,Appalachian Power Company,37.092,-81.806
VA,Richmond Energy,plant,Richmond Energy LLC,37.504,-77.38
VA,Ridgeway Substation,substation,Appalachian Power Company,36.586,-79.839
VA,Rivanna Solar,plant,SolUnesco,37.966,-78.399
VA,River Road Substation,substation,Virginia Electric and Power Company,37.574,-77.575
VA,Rivermont Substation,substation,Appalachian Power Company,37.435,-79.165
VA,Riverton Substation,substation,Town of Front Royal,38.966,-78.177
VA,Riverville Substation,substation,,37.511,-78.912
VA,Roanoke Electric Steel Substation,substation,Appalachian Power Company,37.276,-79.999
VA,Roanoke Substation,substation,Appalachian Power Company,37.25,-79.921
VA,Robley Substation,substation,,37.851,-76.578
VA,Rochambeau Solar,plant,Dominion Renewable Energy,37.36,-76.755
VA,Rock Landing Substation,substation,Virginia Electric and Power Company,37.093,-76.464
VA,Rockcastle Substation,substation,Southside Electric Cooperative,37.132,-79.571
VA,Rockville Substation,substation,Virginia Electric and Power Company,37.689,-77.684
VA,Rogers Road Substation,substation,,36.723,-77.655
VA,Rollins Ford Substation,substation,Virginia Electric and Power Company,38.778,-77.579
VA,Rollins Substation,substation,NOVEC,39.262,-77.598
VA,Rosemont Substation,substation,Dominion Energy,36.812,-76.098
VA,Rosslyn Substation,substation,Dominion Energy,38.897,-77.072
VA,Roundtable Substation,substation,Virginia Electric & Power Company,39.005,-77.467
VA,Runway Delivery Point,substation,,38.976,-77.49
VA,Rural Retreat Substation,substation,Appalachian Power Company,36.89,-81.253
VA,Ruritan Substation,substation,,36.819,-76.258
VA,Rustburg Substation,substation,Appalachian Power Company,37.277,-79.106
VA,Sadler Solar,plant,Dominion Energy Inc,36.697,-77.611
VA,Saint Johns Substation,substation,Rappahannock Electric Cooperative,38.029,-77.431
VA,Saint Johns Substation,substation,Rappahannock Electric Cooperative,38.031,-77.428
VA,Salem Water Plant Peaking Generator,plant,City of Salem,37.287,-80.077
VA,Saltville Substation,substation,Appalachian Power Company,36.895,-81.753
VA,Sandlot Substation,substation,Dominion Energy,38.748,-77.51
VA,Sapony Substation,substation,Virginia Electric and Power Company,36.945,-77.477
VA,Sappony Solar Farm,plant,Dominion Energy,36.94,-77.416
VA,Schoolfield Hydroelectric Plant,plant,STS Hydropower,36.577,-79.432
VA,Schuyler Substation,substation,,37.788,-78.698
VA,Scott Solar,plant,Dominion Energy Inc.,37.526,-77.936
VA,Scott-II Solar Farm,plant,Dominion Renewable Energy,37.532,-77.945
VA,Scottsville Substation,substation,,37.795,-78.509
VA,Seaford Substation,substation,Virginia Electric and Power Company,37.174,-76.477
VA,Sedge Hill Substation,substation,,36.784,-78.924
VA,Septa Switching Station,substation,Virginia Electric and Power Company,37.015,-76.739
VA,Seventh Street Substation,substation,Appalachian Power Company,37.273,-79.955
VA,Sewell's Point Substation,substation,Virginia Electric and Power Company,36.931,-76.319
VA,Shannon Hill Substation,substation,Central Virginia Electric Cooperative,37.883,-78.046
VA,Shawsville Substation,substation,Appalachian Power Company,37.147,-80.266
VA,Shea 1 Substation,substation,,36.839,-76.331
VA,Shea 2 Substation,substation,Virginia Electric and Power Company,36.84,-76.332
VA,Sheffield Substation,substation,,36.624,-79.886
VA,Shellbank Substation,substation,Virginia Electric and Power Company,37.03,-76.367
VA,Shellhorn Substation,substation,Virginia Electric & Power Company,38.999,-77.472
VA,Shenandoah Substation,substation,,38.493,-78.619
VA,Sherwood Substation,substation,Virginia Electric & Power Company,38.021,-78.526
VA,Shillelagh Substation,substation,Dominion Energy,36.688,-76.289
VA,Shipman Substation,substation,,37.726,-78.837
VA,Shockoe Substation,substation,Mecklenburg EMC,36.812,-79.26
VA,Shockoe Substation,substation,Virginia Electric & Power Company,37.534,-77.44
VA,Short Pump Substation,substation,Virginia Electric and Power Company,37.66,-77.624
VA,Sideburn Substation,substation,,38.798,-77.296
VA,Sign Post Substation,substation,,37.997,-75.467
VA,Sisisky Substation,substation,Virginia Electric and Power Company,37.256,-77.34
VA,Skiffes Creek Substation,substation,Virginia Electric and Power Company,37.216,-76.608
VA,Skipjack Solar Center,plant,AES Distributed Energy,37.4,-77.178
VA,Slabtown Substation,substation,Virginia Electric and Power Company,38.225,-77.474
VA,Smith Mountain Dam,plant,Appalachian Power,37.041,-79.535
VA,Smith Mountain Substation,substation,,37.04,-79.532
VA,Smithfield Substation,substation,Virginia Electric and Power Company,36.96,-76.67
VA,Smoketown Substation,substation,North Virginia Electric Cooperative,38.642,-77.302
VA,Sojourner Substation,substation,Virginia Electric & Power Company,38.966,-77.492
VA,Somerset Substation,substation,Virginia Electric and Power Company,38.147,-78.193
VA,South Carlyle Substation,substation,,38.799,-77.06
VA,South Christiansburg Substation,substation,Appalachian Power Company,37.119,-80.398
VA,South Hill Substation,substation,Virginia Electric and Power Company,36.726,-78.117
VA,South Lynchburg Substation,substation,,37.362,-79.18
VA,South Norfolk Substation,substation,Dominion Energy,36.81,-76.253
VA,Southampton Power Station,plant,Virginia Electric and Power Company,36.653,-76.994
VA,Southampton Solar,plant,Dominion Renewable Energy,36.602,-77.187
VA,Southwest Substation,substation,Virginia Electric and Power Company,37.502,-77.532
VA,Sowego DP,substation,,38.591,-77.578
VA,Spectra Substation,substation,"East Tennessee Natural Gas, LLC",36.794,-81.794
VA,Sperryville Substation,substation,,38.658,-78.221
VA,Spring Creek Substation,substation,,36.687,-82.058
VA,Spring Grove 1 Solar Farm,plant,Dominion Energy Inc.,37.172,-76.928
VA,Spruance Substation,substation,,37.455,-77.429
VA,Stafford Substation,substation,Virginia Electric and Power Company,38.446,-77.389
VA,Stanardsville Substation,substation,,38.304,-78.44
VA,Stanley Substation,substation,,38.581,-78.528
VA,Starkey Substation,substation,Appalachian Power Company,37.212,-79.987
VA,Staunton Substation,substation,Virginia Electric and Power Company,38.148,-79.067
VA,Stephenson Substation,substation,The Potomac Edison Company,39.245,-78.088
VA,Sterling Park Substation,substation,Dominion Energy,38.995,-77.421
VA,Stockton Substation,substation,Appalachian Power Company,36.683,-79.74
VA,Stoddert Substation,substation,Southside Electric Cooperative,37.324,-78.338
VA,Stonewall Substation,substation,Potomac Edison,39.273,-78.083
VA,Stonewater Substation,substation,,39.057,-77.541
VA,Stonewater Switching Station,substation,Virginia Electric and Power Company,39.055,-77.539
VA,Strasburg Substation,substation,,39.002,-78.358
VA,Stratford Solar Center,plant,"Stratford Solar Center, LLC",36.695,-76.564
VA,Stratus Substation,substation,,39.001,-77.471
VA,Stuart Substation,substation,Appalachian Power Company,36.637,-80.262
VA,Stuarts Draft Substation,substation,,38.025,-79.048
VA,Stumpy Lake Substation,substation,Virginia Electric and Power Company,36.779,-76.158
VA,Subset Hills Substation,substation,,38.948,-77.328
VA,Suffolk Substation,substation,Virginia Electric & Power Company,36.71,-76.58
VA,Sully Substation,substation,,38.894,-77.412
VA,Sunnybrook Solar Project,plant,"Sunnybrook Farm Solar, LLC",36.802,-78.835
VA,Sunscape Substation,substation,Appalachian Power Company,37.23,-79.985
VA,Surry Nuclear Power Plant,plant,Virginia Electric and Power Company,37.165,-76.697
VA,Surry Substation,substation,Virginia Electric and Power Company,37.162,-76.695
VA,Swinks Mill Substation,substation,,38.95,-77.199
VA,Sycamore Solar,plant,Dominion Energy Inc.,36.94,-79.218
VA,Sycolin Substation,substation,North Virginia Electric Cooperative,39.044,-77.582
VA,Tabb Substation,substation,Virginia Electric and Power Company,37.127,-76.44
VA,Takeoff Substation,substation,,38.902,-77.448
VA,Tanners Point Terminal Station,substation,Virginia Electric and Power Company,36.906,-76.323
VA,Tasley Power Plant,plant,Calpine Mid-Atlantic Generation LLC,37.707,-75.703
VA,Tasley Substation,substation,A&N Electric Cooperative,37.706,-75.702
VA,Taussig Substation,substation,,36.922,-76.28
VA,Tazewell Substation,substation,Appalachian Power Company,37.147,-81.545
VA,Tazewell Substation,substation,Appalachian Power Company,37.149,-81.546
VA,Tech Drive Substation,substation,Appalachian Power Company,37.123,-80.384
VA,Techpark Place Substation,substation,Dominion Energy,37.482,-77.243
VA,Tenaska Virginia Generating Station,plant,Tenaska Virginia Partners LP,37.867,-78.38
VA,Thalia Substation,substation,Dominion Energy,36.839,-76.134
VA,The Village at Orchard Ridge (TVOR),plant,"Distributed Solar Development, LLC",39.203,-78.219
VA,Thole Street Substation,substation,Virginia Electric & Power Company,36.9,-76.258
VA,Thrasher Substation,substation,Virginia Electric and Power Company,36.759,-76.24
VA,Thunderball Substation,substation,,39.047,-77.541
VA,Timberville Substation,substation,Shenandoah Valley Electric Cooperative,38.627,-78.779
VA,Timberville Substation,substation,Virginia Electric and Power Company,38.628,-78.778
VA,Toano Substation,substation,Virginia Electric and Power Company,37.363,-76.805
VA,Todds Tavern Substation,substation,,38.248,-77.666
VA,Toe Ink Substation,substation,,37.487,-77.143
VA,TPSS#1 Plainfield Street,substation,Washington Metropolitan Area Transit Authority,38.908,-77.188
VA,TPSS#2 Olney Road,substation,Washington Metropolitan Area Transit Authority,38.923,-77.197
VA,TPSS#3 - McLean,substation,Washington Metropolitan Area Transit Authority,38.927,-77.206
VA,TPSS#3 -McLean,substation,Washington Metro Area Transit Authority,38.924,-77.211
VA,Trabue Substation,substation,Virginia Electric and Power Company,37.507,-77.629
VA,Trammel Substation,substation,Appalachian Power Company,37.007,-82.269
VA,Trappe Rock Substation,substation,,39.051,-77.545
VA,Trappe Rock Substation,substation,,39.052,-77.545
VA,Trices Lake Substation,substation,,37.663,-78.238
VA,Turner Road Substation,substation,Virginia Electric and Power Company,37.447,-77.301
VA,"TWE Myrtle Solar Farm, LLC",plant,Dominion Energy Inc,36.793,-76.666
VA,Twittys Creek Solar,plant,Alchemy Renewable Energy,37.022,-78.581
VA,Tyler Substation,substation,Virginia Electric and Power Company,37.351,-77.395
VA,Tysons Substation,substation,,38.932,-77.237
VA,Unionville Substation,substation,,38.316,-77.955
VA,UVA Hollyfield Solar,plant,Dominion Energy,37.671,-77.17
VA,UVA Puller Solar,plant,Dominion Energy,37.569,-76.473
VA,Valley Substation,substation,Virginia Electric and Power Company,38.314,-78.971
VA,Van Dorn Substation,substation,,38.795,-77.149
VA,Verona Substation,substation,Virginia Electric and Power Company,38.19,-78.986
VA,Vicker Substation,substation,Appalachian Power Company,37.165,-80.444
VA,Victoria Substation,substation,Virginia Electric and Power Company,36.987,-78.221
VA,Vienna Substation,substation,Virginia Electric and Power Company,38.901,-77.265
VA,Vint Hill Substation,substation,NOVEC,38.732,-77.592
VA,Vint Hill Substation,substation,Virginia Electric and Power Company,38.732,-77.59
VA,Vinton Substation,substation,Appalachian Power Company,37.268,-79.863
VA,Virginia Beach Substation,substation,,36.85,-76.017
VA,Virginia City Hybrid Energy Center,plant,Virginia Electric & Power,36.918,-82.342
VA,Virginia Hills Substation,substation,BVU Authority,36.621,-82.129
VA,Virginia Hills Substation,substation,,38.785,-77.108
VA,Virginia Tech Blacksburg Substation,substation,Virginia Tech Electric Service,37.233,-80.422
VA,Virginia Tech Incinerator,plant,Virginia Tech,37.23,-80.442
VA,Virginia Tech Power Plant,plant,Virginia Tech,37.232,-80.421
VA,Viscose Substation,substation,Potomac Edison,38.93,-78.204
VA,VMEA Generation,plant,City of Manassas - (VA),38.74,-77.508
VA,Vontay Substation,substation,Rappahannock Electric Cooperative,37.788,-77.732
VA,Wakefield Substation,substation,Virginia Electric and Power Company,36.964,-76.992
VA,Wakeman Substation,substation,,38.73,-77.507
VA,Waller Substation,substation,Virginia Electric and Power Company,37.296,-76.706
VA,Wallops Island Substation,substation,A&N Electric Cooperative,37.881,-75.522
VA,Walney Substation,substation,,38.887,-77.458
VA,Walnut Avenue Substation,substation,Appalachian Power Company,37.258,-79.939
VA,Walthall Substation,substation,Virginia Electric and Power Company,37.304,-77.399
VA,Walton Park Substation,substation,Colonial Pipeline Company,37.495,-79.057
VA,Warm Springs Substation,substation,BARC Electric Cooperative,38.049,-79.784
VA,Warren County Power Station,plant,Virginia Electric and Power Company,38.97,-78.178
VA,Warrenton Substation,substation,Virginia Electric and Power Company,38.697,-77.767
VA,Warwick Substation,substation,Virginia Electric and Power Company,37.083,-76.46
VA,Wasena Substation,substation,Appalachian Power Company,37.262,-79.957
VA,Waste Management Bethel LFGTE,plant,WM Renewable Energy LLC,37.076,-76.444
VA,Waste Management King George LFGTE,plant,WM Renewable Energy LLC,38.271,-77.308
VA,Waste Management Middle Peninsula LFGTE,plant,WM Renewable Energy LLC,37.52,-76.624
VA,Water Strider Solar,plant,Consolidated Edison Development Inc.,37.013,-79.033
VA,Watlington Solar,plant,Consolidated Edison Development Inc.,36.681,-78.885
VA,Wattsville Substation,substation,A&N Electric Cooperative;Delmarva Power,37.935,-75.502
VA,Waverly Solar,plant,"Waverly Solar, LLC",37.011,-77.134
VA,Waverly Substation,substation,Virginia Electric and Power Company,37.03,-77.115
VA,Waxpool Substation,substation,Virginia Electric & Power Company,39.016,-77.48
VA,Waynesboro Substation,substation,Virginia Electric and Power Company,38.06,-78.88
VA,Wellington Delivery Point,substation,,38.767,-77.529
VA,West Bassett Substation,substation,Appalachian Power Company,36.77,-80.018
VA,West Landing Substation,substation,Virginia Electric and Power Company,36.69,-76.036
VA,West Salem Substation,substation,Appalachian Power Company,37.3,-80.126
VA,West Staunton Substation,substation,,38.194,-79.114
VA,West Winchester Substation,substation,The Potomac Edison Company,39.188,-78.207
VA,Western Branch High School,plant,Virginia Electric & Power Co,36.848,-76.407
VA,Westhaven Substation,substation,Dominion Energy,36.833,-76.35
VA,Westlake Substation,substation,Appalachian Power Company,37.103,-79.717
VA,Westmoreland County Solar Project,plant,"Westmoreland County Solar Project, LLC",38.003,-76.749
VA,Westmoreland Substation,substation,Virginia Electric and Power Company,38.008,-76.744
VA,WestRock-West Point Mill Power Plant,plant,WestRock-West Point Mill,37.539,-76.805
VA,Whealton Substation,substation,Virginia Electric and Power Company,37.031,-76.431
VA,Wheeler Substation,substation,,38.753,-77.654
VA,White Oak Substation,substation,Dominion Energy,37.486,-77.247
VA,White Oak Substation,substation,,38.3,-77.359
VA,White Stone Substation,substation,Virginia Electric and Power Company,37.649,-76.398
VA,Whitehorn Solar,plant,"Whitehorn Solar, LLC",36.926,-79.36
VA,Whitehouse Solar,plant,Dominion Energy,38.022,-77.97
VA,Whitehouse Substation,substation,Southside Electric Cooperative,37.128,-79.592
VA,Wilderness Substation,substation,,38.354,-77.757
VA,Williamsburg Substation,substation,Virginia Electric and Power Company,37.276,-76.697
VA,Willoughby Substation,substation,Dominion,36.967,-76.296
VA,Winchester Substation,substation,Dominion Energy,37.028,-76.43
VA,Winterpock Substation,substation,,37.393,-77.672
VA,Winters Branch Substation,substation,,38.733,-77.507
VA,Wishing Star Substation,substation,,38.959,-77.549
VA,Wolf Hills Energy Gas Power Plant,plant,"Middle River Power II, LLC",36.664,-82.103
VA,Wolftown Substation,substation,,38.35,-78.331
VA,Woodbridge Substation,substation,,38.655,-77.283
VA,Woodland Solar,plant,Dominion Energy,36.891,-76.614
VA,Woodpecker Substation,substation,Products (SE) Pipe Line Corporation,38.091,-77.445
VA,Woods Delivery Point,substation,,38.767,-77.479
VA,Woodstock Substation,substation,Dominion Energy,36.813,-76.194
VA,Woolwine Substation,substation,Appalachian Power Company,36.771,-80.267
VA,Wythe Substation,substation,Appalachian Power Company,36.948,-81.061
VA,Wythe Substation,substation,Dominion Energy,37.011,-76.385
VA,Yadkin Substation,substation,Virginia Electric and Power Company,36.763,-76.355
VA,Yardley Ridge Substation,substation,NOVEC,38.95,-77.519
VA,Yardley Ridge Substation,substation,Virginia Electric & Power Company,38.95,-77.518
VA,Yorktown Substation,substation,Virginia Electric and Power Company,37.213,-76.461
VA,Youngs Branch Substation,substation,,38.799,-77.578
